{
  "total-play-time-ms": 5060998,
  "username": "Artae",
  "password": "artaes",
  "email": "null",
  "staff-rights": "PLAYER",
  "game-mode": "NORMAL",
  "boss-points": 3,
  "janus-points": 0,
  "loyalty-title": "NONE",
  "position": {
    "x": 1960,
    "y": 4759,
    "z": 0
  },
  "online-status": "ON",
  "given-starter": true,
  "money-pouch": 0,
  "donated": 0,
  "minutes-bonus-exp": -1,
  "total-gained-exp": 91311604,
  "prestige-points": 0,
  "achievement-points": 4,
  "dung-tokens": 0,
  "commendations": 0,
  "loyalty-points": 1405,
  "total-loyalty-points": 1405.0,
  "voting-points": 3,
  "slayer-points": 0,
  "pk-points": 0,
  "donation-points": 0,
  "afk-points": 0,
  "trivia-points": 0,
  "cluescompleted": 1,
  "player-kills": 0,
  "player-killstreak": 0,
  "player-deaths": 0,
  "target-percentage": 0,
  "bh-rank": -1,
  "gender": "MALE",
  "spell-book": "NORMAL",
  "shop-updated": false,
  "shop-earnings": 0,
  "prayer-book": "CURSES",
  "running": true,
  "run-energy": 100,
  "music": false,
  "sounds": true,
  "auto-retaliate": true,
  "xp-locked": false,
  "veng-cast": false,
  "last-veng": 1591145645172,
  "fight-type": "UNARMED_KICK",
  "sol-effect": -1,
  "skull-timer": 0,
  "accept-aid": false,
  "poison-damage": 0,
  "poison-immunity": 0,
  "overload-timer": 0,
  "fire-immunity": 0,
  "fire-damage-mod": 0,
  "prayer-renewal-timer": 0,
  "teleblock-timer": 0,
  "special-amount": 100,
  "entered-gwd-room": false,
  "gwd-altar-delay": 0,
  "gwd-killcount": [
    0,
    0,
    0,
    0
  ],
  "effigy": 0,
  "summon-npc": -1,
  "summon-death": -1,
  "process-farming": false,
  "clanchat": "Help",
  "autocast": false,
  "autocast-spell": -1,
  "dfs-charges": 0,
  "coins-gambled": 0,
  "slayer-master": "VANNAKA",
  "slayer-task": "NO_TASK",
  "prev-slayer-task": "NO_TASK",
  "task-amount": 0,
  "task-streak": 0,
  "duo-partner": "null",
  "double-slay-xp": false,
  "recoil-deg": 0,
  "brawler-deg": [
    0,
    0,
    0,
    0,
    0,
    0,
    0,
    0,
    0
  ],
  "killed-players": [],
  "killed-gods": [
    false,
    false,
    false,
    false,
    false
  ],
  "barrows-brother": [
    [
      2030,
      0
    ],
    [
      2029,
      0
    ],
    [
      2028,
      0
    ],
    [
      2027,
      0
    ],
    [
      2026,
      0
    ],
    [
      2025,
      0
    ]
  ],
  "random-coffin": 0,
  "barrows-killcount": 0,
  "nomad": [
    false,
    false
  ],
  "recipe-for-disaster": [
    false,
    false,
    false,
    false,
    false,
    false,
    false,
    false,
    false
  ],
  "recipe-for-disaster-wave": 0,
  "dung-items-bound": [
    0,
    0,
    0,
    0,
    0
  ],
  "rune-ess": 0,
  "pure-ess": 0,
  "has-bank-pin": false,
  "last-pin-attempt": 0,
  "invalid-pin-attempts": 0,
  "bank-pin": [
    0,
    0,
    0,
    0
  ],
  "appearance": [
    0,
    2,
    20,
    28,
    34,
    37,
    42,
    11,
    3,
    7,
    6,
    2,
    7
  ],
  "agility-obj": [
    false,
    false,
    false,
    false,
    false,
    false,
    false
  ],
  "skills": {
    "level": [
      1,
      69,
      1,
      903,
      99,
      200,
      1,
      1,
      1,
      1,
      1,
      1,
      1,
      1,
      1,
      1,
      1,
      70,
      1,
      1,
      1,
      1,
      1,
      1,
      1
    ],
    "maxLevel": [
      1,
      69,
      1,
      990,
      99,
      760,
      1,
      1,
      1,
      1,
      1,
      1,
      1,
      1,
      1,
      1,
      1,
      70,
      1,
      1,
      1,
      1,
      1,
      1,
      1
    ],
    "experience": [
      0,
      687414,
      0,
      32298468,
      56178101,
      1364275,
      0,
      0,
      0,
      0,
      0,
      0,
      0,
      0,
      0,
      0,
      0,
      784530,
      0,
      0,
      0,
      0,
      0,
      0,
      0
    ]
  },
  "inventory": [
    {
      "id": 2434,
      "amount": 1,
      "slot": 0
    },
    {
      "id": 2434,
      "amount": 1,
      "slot": 0
    },
    {
      "id": 139,
      "amount": 1,
      "slot": 0
    },
    {
      "id": 830,
      "amount": 100,
      "slot": 0
    },
    {
      "id": 2368,
      "amount": 1,
      "slot": 0
    },
    {
      "id": 1621,
      "amount": 1,
      "slot": 0
    },
    {
      "id": 987,
      "amount": 1,
      "slot": 0
    },
    {
      "id": 2368,
      "amount": 1,
      "slot": 0
    },
    {
      "id": 1621,
      "amount": 1,
      "slot": 0
    },
    {
      "id": 2449,
      "amount": 240,
      "slot": 0
    },
    {
      "id": 1618,
      "amount": 40,
      "slot": 0
    },
    {
      "id": 9144,
      "amount": 1250,
      "slot": 0
    },
    {
      "id": 12158,
      "amount": 13,
      "slot": 0
    },
    {
      "id": 4093,
      "amount": 1,
      "slot": 0
    },
    {
      "id": 1249,
      "amount": 1,
      "slot": 0
    },
    {
      "id": 9342,
      "amount": 1000,
      "slot": 0
    },
    {
      "id": 2368,
      "amount": 1,
      "slot": 0
    },
    {
      "id": 1617,
      "amount": 1,
      "slot": 0
    },
    {
      "id": 2,
      "amount": 2500,
      "slot": 0
    },
    {
      "id": 450,
      "amount": 715,
      "slot": 0
    },
    {
      "id": 2368,
      "amount": 1,
      "slot": 0
    },
    {
      "id": 1249,
      "amount": 1,
      "slot": 0
    },
    {
      "id": 1247,
      "amount": 1,
      "slot": 0
    },
    {
      "id": -1,
      "amount": 0,
      "slot": 0
    },
    {
      "id": -1,
      "amount": 0,
      "slot": 0
    },
    {
      "id": -1,
      "amount": 0,
      "slot": 0
    },
    {
      "id": -1,
      "amount": 0,
      "slot": 0
    },
    {
      "id": -1,
      "amount": 0,
      "slot": 0
    }
  ],
  "equipment": [
    {
      "id": 2581,
      "amount": 1,
      "slot": 0
    },
    {
      "id": 10499,
      "amount": 1,
      "slot": 0
    },
    {
      "id": 15126,
      "amount": 1,
      "slot": 0
    },
    {
      "id": -1,
      "amount": 0,
      "slot": 0
    },
    {
      "id": 2503,
      "amount": 1,
      "slot": 0
    },
    {
      "id": -1,
      "amount": 0,
      "slot": 0
    },
    {
      "id": -1,
      "amount": 0,
      "slot": 0
    },
    {
      "id": 2497,
      "amount": 1,
      "slot": 0
    },
    {
      "id": -1,
      "amount": 0,
      "slot": 0
    },
    {
      "id": 2491,
      "amount": 1,
      "slot": 0
    },
    {
      "id": 2577,
      "amount": 1,
      "slot": 0
    },
    {
      "id": -1,
      "amount": 0,
      "slot": 0
    },
    {
      "id": 15019,
      "amount": 1,
      "slot": 0
    },
    {
      "id": 11212,
      "amount": 1,
      "slot": 0
    }
  ],
  "bank-0": [
    {
      "id": 2440,
      "amount": 50,
      "slot": 0
    },
    {
      "id": 2436,
      "amount": 50,
      "slot": 0
    },
    {
      "id": 2442,
      "amount": 50,
      "slot": 0
    },
    {
      "id": 3024,
      "amount": 50,
      "slot": 0
    },
    {
      "id": 2434,
      "amount": 25,
      "slot": 0
    },
    {
      "id": 391,
      "amount": 273,
      "slot": 0
    },
    {
      "id": 995,
      "amount": 16094627,
      "slot": 0
    },
    {
      "id": 6568,
      "amount": 1,
      "slot": 0
    },
    {
      "id": 861,
      "amount": 1,
      "slot": 0
    },
    {
      "id": 892,
      "amount": 500,
      "slot": 0
    },
    {
      "id": 1381,
      "amount": 1,
      "slot": 0
    },
    {
      "id": 558,
      "amount": 1000,
      "slot": 0
    },
    {
      "id": 557,
      "amount": 1000,
      "slot": 0
    },
    {
      "id": 555,
      "amount": 1000,
      "slot": 0
    },
    {
      "id": 554,
      "amount": 1000,
      "slot": 0
    },
    {
      "id": 18782,
      "amount": 1,
      "slot": 0
    },
    {
      "id": 11818,
      "amount": 1,
      "slot": 0
    },
    {
      "id": 11838,
      "amount": 1,
      "slot": 0
    },
    {
      "id": 1323,
      "amount": 1,
      "slot": 0
    },
    {
      "id": 1333,
      "amount": 1,
      "slot": 0
    },
    {
      "id": 12158,
      "amount": 18,
      "slot": 0
    },
    {
      "id": 561,
      "amount": 2,
      "slot": 0
    },
    {
      "id": 12160,
      "amount": 5,
      "slot": 0
    },
    {
      "id": 2491,
      "amount": 4,
      "slot": 0
    },
    {
      "id": 2497,
      "amount": 4,
      "slot": 0
    },
    {
      "id": 2503,
      "amount": 4,
      "slot": 0
    },
    {
      "id": 3749,
      "amount": 5,
      "slot": 0
    },
    {
      "id": 12163,
      "amount": 3,
      "slot": 0
    },
    {
      "id": 985,
      "amount": 2,
      "slot": 0
    },
    {
      "id": 4587,
      "amount": 1,
      "slot": 0
    },
    {
      "id": 12159,
      "amount": 3,
      "slot": 0
    },
    {
      "id": 10499,
      "amount": 4,
      "slot": 0
    },
    {
      "id": 9185,
      "amount": 5,
      "slot": 0
    },
    {
      "id": 2444,
      "amount": 52,
      "slot": 0
    },
    {
      "id": 3144,
      "amount": 240,
      "slot": 0
    },
    {
      "id": 6524,
      "amount": 1,
      "slot": 0
    },
    {
      "id": 9342,
      "amount": 100,
      "slot": 0
    },
    {
      "id": 269,
      "amount": 27,
      "slot": 0
    },
    {
      "id": 449,
      "amount": 650,
      "slot": 0
    },
    {
      "id": 2368,
      "amount": 2,
      "slot": 0
    },
    {
      "id": 2366,
      "amount": 1,
      "slot": 0
    },
    {
      "id": 11133,
      "amount": 2,
      "slot": 0
    },
    {
      "id": 2361,
      "amount": 160,
      "slot": 0
    },
    {
      "id": 7936,
      "amount": 2000,
      "slot": 0
    },
    {
      "id": 1631,
      "amount": 1,
      "slot": 0
    },
    {
      "id": 1621,
      "amount": 1,
      "slot": 0
    },
    {
      "id": 9144,
      "amount": 3750,
      "slot": 0
    }
  ],
  "bank-1": [],
  "bank-2": [],
  "bank-3": [],
  "bank-4": [],
  "bank-5": [],
  "bank-6": [],
  "bank-7": [],
  "bank-8": [],
  "ge-slots": [
    {
      "state": "EMPTY"
    },
    {
      "state": "EMPTY"
    },
    {
      "state": "EMPTY"
    },
    {
      "state": "EMPTY"
    },
    {
      "state": "EMPTY"
    },
    {
      "state": "EMPTY"
    }
  ],
  "charm-imp": [
    0,
    0,
    0,
    0
  ],
  "friends": [],
  "ignores": [],
  "loyalty-titles": [
    false,
    false,
    false,
    false,
    false,
    false,
    false,
    false,
    false,
    false,
    false,
    false
  ],
  "kills": [
    {
      "npcName": "Rock Crab",
      "amount": 25,
      "boss": false
    },
    {
      "npcName": "Crazy lvl 2 Man",
      "amount": 3,
      "boss": true
    }
  ],
  "drops": [
    {
      "item": 12158,
      "amount": 26,
      "rareDrop": false
    },
    {
      "item": 995,
      "amount": 2574,
      "rareDrop": false
    },
    {
      "item": 403,
      "amount": 5,
      "rareDrop": false
    },
    {
      "item": 561,
      "amount": 2,
      "rareDrop": false
    },
    {
      "item": 12160,
      "amount": 4,
      "rareDrop": false
    },
    {
      "item": 805,
      "amount": 2,
      "rareDrop": false
    },
    {
      "item": 313,
      "amount": 36,
      "rareDrop": false
    },
    {
      "item": 830,
      "amount": 51,
      "rareDrop": false
    },
    {
      "item": 1623,
      "amount": 1,
      "rareDrop": false
    },
    {
      "item": 1462,
      "amount": 1,
      "rareDrop": false
    },
    {
      "item": 45,
      "amount": 5,
      "rareDrop": false
    },
    {
      "item": 1621,
      "amount": 1,
      "rareDrop": false
    },
    {
      "item": 5295,
      "amount": 1,
      "rareDrop": false
    },
    {
      "item": 985,
      "amount": 1,
      "rareDrop": false
    },
    {
      "item": 1625,
      "amount": 2,
      "rareDrop": false
    },
    {
      "item": 437,
      "amount": 1,
      "rareDrop": false
    },
    {
      "item": 454,
      "amount": 1,
      "rareDrop": false
    },
    {
      "item": 12159,
      "amount": 1,
      "rareDrop": false
    },
    {
      "item": 9144,
      "amount": 1250,
      "rareDrop": false
    },
    {
      "item": 2449,
      "amount": 40,
      "rareDrop": false
    },
    {
      "item": 1618,
      "amount": 40,
      "rareDrop": false
    },
    {
      "item": 1249,
      "amount": 1,
      "rareDrop": false
    },
    {
      "item": 4093,
      "amount": 1,
      "rareDrop": false
    },
    {
      "item": 9342,
      "amount": 1000,
      "rareDrop": false
    }
  ],
  "achievements-completion": [
    false,
    false,
    false,
    false,
    false,
    false,
    false,
    false,
    false,
    false,
    false,
    false,
    false,
    false,
    false,
    true,
    false,
    false,
    false,
    false,
    false,
    false,
    true,
    false,
    false,
    true,
    false,
    false,
    false,
    false,
    false,
    false,
    false,
    false,
    false,
    false,
    false,
    false,
    false,
    false,
    false,
    false,
    false,
    false,
    false,
    false,
    false,
    false,
    false,
    false,
    false,
    true,
    false,
    false,
    false,
    false,
    false,
    false,
    false,
    false,
    false,
    false,
    false,
    false,
    false,
    false,
    false,
    false,
    false,
    false,
    false,
    false,
    false,
    false,
    false,
    false,
    false,
    false,
    false,
    false,
    false,
    false,
    false,
    false,
    false,
    false,
    false,
    false,
    false,
    false,
    false,
    false,
    false,
    false,
    false,
    false,
    false,
    false,
    false,
    false
  ],
  "achievements-progress": [
    0,
    987,
    0,
    0,
    0,
    0,
    0,
    0,
    0,
    0,
    0,
    0,
    0,
    0,
    0,
    0,
    0,
    0,
    0,
    0,
    0,
    0,
    99522,
    0,
    0,
    0,
    0,
    0,
    0,
    0,
    0,
    0,
    0,
    0,
    0,
    0,
    0,
    0,
    0,
    0,
    0,
    0,
    0,
    0,
    163197,
    0,
    0,
    0,
    0,
    28,
    3,
    1,
    0
  ],
  "max-cape-colors": [
    65214,
    65200,
    65186,
    62995
  ],
  "player-title": ""
}