{
  "total-play-time-ms": 12083439,
  "username": "Crok",
  "password": "abcd4321",
  "email": "null",
  "staff-rights": "PLAYER",
  "game-mode": "IRONMAN",
  "boss-points": 0,
  "janus-points": 0,
  "loyalty-title": "NONE",
  "position": {
    "x": 3086,
    "y": 3500,
    "z": 0
  },
  "online-status": "ON",
  "given-starter": true,
  "money-pouch": 1720940,
  "donated": 0,
  "minutes-bonus-exp": -1,
  "total-gained-exp": 12277605,
  "prestige-points": 0,
  "achievement-points": 10,
  "dung-tokens": 3097,
  "commendations": 0,
  "loyalty-points": 2833,
  "total-loyalty-points": 2833.0,
  "voting-points": 0,
  "slayer-points": 8,
  "pk-points": 0,
  "donation-points": 0,
  "trivia-points": 60,
  "cluescompleted": 0,
  "player-kills": 0,
  "player-killstreak": 0,
  "player-deaths": 0,
  "target-percentage": 51,
  "bh-rank": 0,
  "gender": "MALE",
  "spell-book": "NORMAL",
  "shop-updated": false,
  "shop-earnings": 0,
  "prayer-book": "NORMAL",
  "running": true,
  "run-energy": 100,
  "music": false,
  "sounds": true,
  "auto-retaliate": true,
  "xp-locked": false,
  "veng-cast": false,
  "last-veng": 69170084,
  "fight-type": "SCIMITAR_CHOP",
  "sol-effect": -1,
  "skull-timer": 0,
  "accept-aid": false,
  "poison-damage": 0,
  "poison-immunity": 0,
  "overload-timer": 0,
  "fire-immunity": 0,
  "fire-damage-mod": 0,
  "prayer-renewal-timer": 0,
  "teleblock-timer": 0,
  "special-amount": 100,
  "entered-gwd-room": false,
  "gwd-altar-delay": 0,
  "gwd-killcount": [
    0,
    0,
    0,
    0
  ],
  "effigy": 0,
  "summon-npc": -1,
  "summon-death": -1,
  "process-farming": false,
  "clanchat": "Help",
  "autocast": false,
  "autocast-spell": -1,
  "dfs-charges": 0,
  "coins-gambled": 0,
  "slayer-master": "VANNAKA",
  "slayer-task": "CHAOS_DRUID",
  "prev-slayer-task": "SKELETON",
  "task-amount": 34,
  "task-streak": 1,
  "duo-partner": "null",
  "double-slay-xp": false,
  "recoil-deg": 0,
  "brawler-deg": [
    0,
    0,
    0,
    0,
    0,
    0,
    0,
    0,
    0
  ],
  "killed-players": [],
  "killed-gods": [
    false,
    false,
    false,
    false,
    false
  ],
  "barrows-brother": [
    [
      2030,
      0
    ],
    [
      2029,
      0
    ],
    [
      2028,
      0
    ],
    [
      2027,
      0
    ],
    [
      2026,
      0
    ],
    [
      2025,
      0
    ]
  ],
  "random-coffin": 0,
  "barrows-killcount": 0,
  "nomad": [
    true,
    false
  ],
  "recipe-for-disaster": [
    true,
    true,
    false,
    true,
    true,
    true,
    false,
    false,
    false
  ],
  "recipe-for-disaster-wave": 3,
  "dung-items-bound": [
    15812,
    0,
    0,
    0,
    0
  ],
  "rune-ess": 0,
  "pure-ess": 0,
  "has-bank-pin": false,
  "last-pin-attempt": 0,
  "invalid-pin-attempts": 0,
  "bank-pin": [
    0,
    0,
    0,
    0
  ],
  "appearance": [
    0,
    0,
    25,
    27,
    33,
    40,
    42,
    10,
    1,
    1,
    4,
    2,
    0
  ],
  "agility-obj": [
    false,
    false,
    false,
    false,
    false,
    false,
    false
  ],
  "skills": {
    "level": [
      82,
      76,
      82,
      870,
      1,
      410,
      63,
      1,
      48,
      1,
      1,
      50,
      1,
      2,
      27,
      2,
      50,
      67,
      47,
      1,
      1,
      53,
      1,
      1,
      34
    ],
    "maxLevel": [
      82,
      76,
      82,
      870,
      1,
      410,
      63,
      1,
      48,
      1,
      1,
      50,
      1,
      2,
      27,
      2,
      50,
      67,
      47,
      1,
      1,
      53,
      1,
      7,
      34
    ],
    "experience": [
      2562491,
      1424498,
      2436568,
      4287470,
      0,
      45528,
      404625,
      0,
      83411,
      0,
      0,
      101425,
      0,
      120,
      10416,
      144,
      104990,
      573168,
      80940,
      0,
      0,
      141750,
      0,
      684,
      20561
    ]
  },
  "inventory": [
    {
      "id": 4155,
      "amount": 1,
      "slot": 0
    },
    {
      "id": 2996,
      "amount": 32,
      "slot": 0
    },
    {
      "id": -1,
      "amount": 0,
      "slot": 0
    },
    {
      "id": -1,
      "amount": 0,
      "slot": 0
    },
    {
      "id": -1,
      "amount": 0,
      "slot": 0
    },
    {
      "id": -1,
      "amount": 0,
      "slot": 0
    },
    {
      "id": -1,
      "amount": 0,
      "slot": 0
    },
    {
      "id": -1,
      "amount": 0,
      "slot": 0
    },
    {
      "id": -1,
      "amount": 0,
      "slot": 0
    },
    {
      "id": -1,
      "amount": 0,
      "slot": 0
    },
    {
      "id": -1,
      "amount": 0,
      "slot": 0
    },
    {
      "id": -1,
      "amount": 0,
      "slot": 0
    },
    {
      "id": -1,
      "amount": 0,
      "slot": 0
    },
    {
      "id": -1,
      "amount": 0,
      "slot": 0
    },
    {
      "id": -1,
      "amount": 0,
      "slot": 0
    },
    {
      "id": -1,
      "amount": 0,
      "slot": 0
    },
    {
      "id": -1,
      "amount": 0,
      "slot": 0
    },
    {
      "id": -1,
      "amount": 0,
      "slot": 0
    },
    {
      "id": -1,
      "amount": 0,
      "slot": 0
    },
    {
      "id": -1,
      "amount": 0,
      "slot": 0
    },
    {
      "id": -1,
      "amount": 0,
      "slot": 0
    },
    {
      "id": -1,
      "amount": 0,
      "slot": 0
    },
    {
      "id": -1,
      "amount": 0,
      "slot": 0
    },
    {
      "id": -1,
      "amount": 0,
      "slot": 0
    },
    {
      "id": -1,
      "amount": 0,
      "slot": 0
    },
    {
      "id": -1,
      "amount": 0,
      "slot": 0
    },
    {
      "id": -1,
      "amount": 0,
      "slot": 0
    },
    {
      "id": -1,
      "amount": 0,
      "slot": 0
    }
  ],
  "equipment": [
    {
      "id": 10828,
      "amount": 1,
      "slot": 0
    },
    {
      "id": 4391,
      "amount": 1,
      "slot": 0
    },
    {
      "id": 1712,
      "amount": 1,
      "slot": 0
    },
    {
      "id": 4587,
      "amount": 1,
      "slot": 0
    },
    {
      "id": 1127,
      "amount": 1,
      "slot": 0
    },
    {
      "id": 1201,
      "amount": 1,
      "slot": 0
    },
    {
      "id": -1,
      "amount": 0,
      "slot": 0
    },
    {
      "id": 1079,
      "amount": 1,
      "slot": 0
    },
    {
      "id": -1,
      "amount": 0,
      "slot": 0
    },
    {
      "id": 11126,
      "amount": 1,
      "slot": 0
    },
    {
      "id": 4131,
      "amount": 1,
      "slot": 0
    },
    {
      "id": -1,
      "amount": 0,
      "slot": 0
    },
    {
      "id": -1,
      "amount": 0,
      "slot": 0
    },
    {
      "id": -1,
      "amount": 0,
      "slot": 0
    }
  ],
  "bank-0": [
    {
      "id": 2440,
      "amount": 9,
      "slot": 0
    },
    {
      "id": 2436,
      "amount": 9,
      "slot": 0
    },
    {
      "id": 2442,
      "amount": 9,
      "slot": 0
    },
    {
      "id": 3024,
      "amount": 10,
      "slot": 0
    },
    {
      "id": 391,
      "amount": 77,
      "slot": 0
    },
    {
      "id": 841,
      "amount": 1,
      "slot": 0
    },
    {
      "id": 882,
      "amount": 500,
      "slot": 0
    },
    {
      "id": 1169,
      "amount": 1,
      "slot": 0
    },
    {
      "id": 1129,
      "amount": 1,
      "slot": 0
    },
    {
      "id": 1095,
      "amount": 1,
      "slot": 0
    },
    {
      "id": 579,
      "amount": 1,
      "slot": 0
    },
    {
      "id": 577,
      "amount": 1,
      "slot": 0
    },
    {
      "id": 1011,
      "amount": 1,
      "slot": 0
    },
    {
      "id": 1381,
      "amount": 1,
      "slot": 0
    },
    {
      "id": 558,
      "amount": 1000,
      "slot": 0
    },
    {
      "id": 557,
      "amount": 1000,
      "slot": 0
    },
    {
      "id": 555,
      "amount": 1000,
      "slot": 0
    },
    {
      "id": 554,
      "amount": 1000,
      "slot": 0
    },
    {
      "id": 1203,
      "amount": 1,
      "slot": 0
    },
    {
      "id": 313,
      "amount": 9,
      "slot": 0
    },
    {
      "id": 1625,
      "amount": 3,
      "slot": 0
    },
    {
      "id": 5295,
      "amount": 1,
      "slot": 0
    },
    {
      "id": 1462,
      "amount": 1,
      "slot": 0
    },
    {
      "id": 403,
      "amount": 3,
      "slot": 0
    },
    {
      "id": 2485,
      "amount": 2,
      "slot": 0
    },
    {
      "id": 215,
      "amount": 4,
      "slot": 0
    },
    {
      "id": 205,
      "amount": 1,
      "slot": 0
    },
    {
      "id": 203,
      "amount": 1,
      "slot": 0
    },
    {
      "id": 1442,
      "amount": 2,
      "slot": 0
    },
    {
      "id": 12159,
      "amount": 15,
      "slot": 0
    },
    {
      "id": 563,
      "amount": 422,
      "slot": 0
    },
    {
      "id": 1163,
      "amount": 1,
      "slot": 0
    },
    {
      "id": 12160,
      "amount": 5,
      "slot": 0
    },
    {
      "id": 12163,
      "amount": 3,
      "slot": 0
    },
    {
      "id": 884,
      "amount": 2,
      "slot": 0
    },
    {
      "id": 1627,
      "amount": 1,
      "slot": 0
    },
    {
      "id": 1621,
      "amount": 1,
      "slot": 0
    },
    {
      "id": 562,
      "amount": 4,
      "slot": 0
    },
    {
      "id": 1478,
      "amount": 1,
      "slot": 0
    },
    {
      "id": 985,
      "amount": 1,
      "slot": 0
    },
    {
      "id": 12174,
      "amount": 2,
      "slot": 0
    },
    {
      "id": 249,
      "amount": 3,
      "slot": 0
    },
    {
      "id": 201,
      "amount": 1,
      "slot": 0
    },
    {
      "id": 207,
      "amount": 1,
      "slot": 0
    },
    {
      "id": 209,
      "amount": 1,
      "slot": 0
    },
    {
      "id": 225,
      "amount": 1,
      "slot": 0
    },
    {
      "id": 1349,
      "amount": 1,
      "slot": 0
    },
    {
      "id": 8780,
      "amount": 2,
      "slot": 0
    },
    {
      "id": 8794,
      "amount": 1,
      "slot": 0
    },
    {
      "id": 1539,
      "amount": 982,
      "slot": 0
    },
    {
      "id": 1267,
      "amount": 1,
      "slot": 0
    },
    {
      "id": 2349,
      "amount": 4,
      "slot": 0
    },
    {
      "id": 1617,
      "amount": 1,
      "slot": 0
    },
    {
      "id": 14667,
      "amount": 24,
      "slot": 0
    },
    {
      "id": 1779,
      "amount": 28,
      "slot": 0
    },
    {
      "id": 12047,
      "amount": 12,
      "slot": 0
    },
    {
      "id": 18016,
      "amount": 9916,
      "slot": 0
    }
  ],
  "bank-1": [],
  "bank-2": [],
  "bank-3": [],
  "bank-4": [],
  "bank-5": [],
  "bank-6": [],
  "bank-7": [],
  "bank-8": [],
  "ge-slots": [
    {
      "state": "EMPTY"
    },
    {
      "state": "EMPTY"
    },
    {
      "state": "EMPTY"
    },
    {
      "state": "EMPTY"
    },
    {
      "state": "EMPTY"
    },
    {
      "state": "EMPTY"
    }
  ],
  "charm-imp": [
    0,
    0,
    0,
    0
  ],
  "friends": [],
  "ignores": [],
  "loyalty-titles": [
    false,
    false,
    false,
    false,
    false,
    false,
    false,
    false,
    false,
    false,
    false,
    false
  ],
  "kills": [
    {
      "npcName": "Rock Crab",
      "amount": 4,
      "boss": false
    },
    {
      "npcName": "Skeleton",
      "amount": 44,
      "boss": false
    },
    {
      "npcName": "Chaos druid",
      "amount": 16,
      "boss": false
    },
    {
      "npcName": "Zombie",
      "amount": 24,
      "boss": false
    },
    {
      "npcName": "Tower Archer",
      "amount": 5,
      "boss": false
    },
    {
      "npcName": "Ghost",
      "amount": 2,
      "boss": false
    },
    {
      "npcName": "Wizard",
      "amount": 2,
      "boss": false
    },
    {
      "npcName": "Zombie pirate",
      "amount": 2,
      "boss": false
    },
    {
      "npcName": "Dark wizard",
      "amount": 2,
      "boss": false
    },
    {
      "npcName": "Dust devil",
      "amount": 2,
      "boss": false
    },
    {
      "npcName": "Slash Bash",
      "amount": 1,
      "boss": true
    }
  ],
  "drops": [
    {
      "item": 12159,
      "amount": 15,
      "rareDrop": false
    },
    {
      "item": 12158,
      "amount": 12,
      "rareDrop": false
    },
    {
      "item": 2485,
      "amount": 2,
      "rareDrop": false
    },
    {
      "item": 403,
      "amount": 3,
      "rareDrop": false
    },
    {
      "item": 1462,
      "amount": 1,
      "rareDrop": false
    },
    {
      "item": 313,
      "amount": 9,
      "rareDrop": false
    },
    {
      "item": 5295,
      "amount": 1,
      "rareDrop": false
    },
    {
      "item": 1625,
      "amount": 3,
      "rareDrop": false
    },
    {
      "item": 526,
      "amount": 56,
      "rareDrop": false
    },
    {
      "item": 995,
      "amount": 1284,
      "rareDrop": false
    },
    {
      "item": 1203,
      "amount": 3,
      "rareDrop": false
    },
    {
      "item": 1947,
      "amount": 2,
      "rareDrop": false
    },
    {
      "item": 215,
      "amount": 4,
      "rareDrop": false
    },
    {
      "item": 12160,
      "amount": 5,
      "rareDrop": false
    },
    {
      "item": 884,
      "amount": 4,
      "rareDrop": false
    },
    {
      "item": 12163,
      "amount": 3,
      "rareDrop": false
    },
    {
      "item": 1442,
      "amount": 2,
      "rareDrop": false
    },
    {
      "item": 1627,
      "amount": 1,
      "rareDrop": false
    },
    {
      "item": 562,
      "amount": 4,
      "rareDrop": false
    },
    {
      "item": 1621,
      "amount": 1,
      "rareDrop": false
    },
    {
      "item": 557,
      "amount": 8,
      "rareDrop": false
    },
    {
      "item": 1281,
      "amount": 1,
      "rareDrop": false
    },
    {
      "item": 203,
      "amount": 1,
      "rareDrop": false
    },
    {
      "item": 882,
      "amount": 3,
      "rareDrop": false
    },
    {
      "item": 205,
      "amount": 1,
      "rareDrop": false
    },
    {
      "item": 563,
      "amount": 2,
      "rareDrop": false
    },
    {
      "item": 12174,
      "amount": 2,
      "rareDrop": false
    },
    {
      "item": 199,
      "amount": 3,
      "rareDrop": false
    },
    {
      "item": 201,
      "amount": 1,
      "rareDrop": false
    },
    {
      "item": 9142,
      "amount": 16,
      "rareDrop": false
    },
    {
      "item": 207,
      "amount": 1,
      "rareDrop": false
    },
    {
      "item": 209,
      "amount": 1,
      "rareDrop": false
    },
    {
      "item": 225,
      "amount": 1,
      "rareDrop": false
    },
    {
      "item": 558,
      "amount": 11,
      "rareDrop": false
    },
    {
      "item": 985,
      "amount": 1,
      "rareDrop": false
    }
  ],
  "achievements-completion": [
    false,
    false,
    true,
    true,
    false,
    false,
    false,
    false,
    false,
    false,
    false,
    false,
    false,
    true,
    false,
    true,
    false,
    false,
    false,
    true,
    false,
    true,
    false,
    false,
    true,
    false,
    true,
    true,
    false,
    false,
    false,
    false,
    false,
    false,
    false,
    false,
    false,
    false,
    false,
    false,
    false,
    false,
    false,
    false,
    false,
    false,
    true,
    false,
    false,
    false,
    false,
    false,
    false,
    false,
    false,
    false,
    false,
    false,
    false,
    false,
    false,
    false,
    false,
    false,
    false,
    false,
    false,
    false,
    false,
    false,
    false,
    false,
    false,
    false,
    false,
    false,
    false,
    false,
    false,
    false,
    false,
    false,
    false,
    false,
    false,
    false,
    false,
    false,
    false,
    false,
    false,
    false,
    false,
    false,
    false,
    false,
    false,
    false,
    false,
    false
  ],
  "achievements-progress": [
    958,
    0,
    961,
    0,
    0,
    0,
    0,
    0,
    0,
    0,
    0,
    0,
    0,
    0,
    0,
    0,
    0,
    49,
    0,
    0,
    0,
    51725,
    0,
    2535,
    0,
    0,
    0,
    0,
    0,
    0,
    0,
    0,
    0,
    0,
    0,
    0,
    0,
    0,
    0,
    0,
    0,
    0,
    0,
    51725,
    0,
    2535,
    0,
    0,
    0,
    107,
    1,
    0,
    0
  ],
  "max-cape-colors": [
    65214,
    65200,
    65186,
    62995
  ],
  "player-title": ""
}