{
  "total-play-time-ms": 389873389,
  "username": "Dfs",
  "password": "logan",
  "email": "null",
  "staff-rights": "PLAYER",
  "game-mode": "NORMAL",
  "boss-points": 391,
  "janus-points": 0,
  "loyalty-title": "NONE",
  "position": {
    "x": 2271,
    "y": 4698,
    "z": 0
  },
  "online-status": "ON",
  "given-starter": true,
  "money-pouch": 85016917,
  "donated": 0,
  "minutes-bonus-exp": -1,
  "total-gained-exp": 1703811190,
  "prestige-points": 0,
  "achievement-points": 23,
  "dung-tokens": 2795,
  "commendations": 0,
  "loyalty-points": 51351,
  "total-loyalty-points": 66351.5,
  "voting-points": 5,
  "slayer-points": 111,
  "pk-points": 0,
  "donation-points": 0,
  "afk-points": 0,
  "trivia-points": 0,
  "cluescompleted": 0,
  "player-kills": 0,
  "player-killstreak": 0,
  "player-deaths": 0,
  "target-percentage": 100,
  "bh-rank": 0,
  "gender": "MALE",
  "spell-book": "ANCIENT",
  "shop-updated": false,
  "shop-earnings": 0,
  "prayer-book": "CURSES",
  "running": true,
  "run-energy": 100,
  "music": false,
  "sounds": false,
  "auto-retaliate": true,
  "xp-locked": false,
  "veng-cast": false,
  "last-veng": 1588531513715,
  "fight-type": "STAFF_BASH",
  "sol-effect": -1,
  "skull-timer": 0,
  "accept-aid": false,
  "poison-damage": 0,
  "poison-immunity": 0,
  "overload-timer": 0,
  "fire-immunity": 0,
  "fire-damage-mod": 0,
  "prayer-renewal-timer": 0,
  "teleblock-timer": 0,
  "special-amount": 100,
  "entered-gwd-room": false,
  "gwd-altar-delay": 0,
  "gwd-killcount": [
    0,
    0,
    0,
    0
  ],
  "effigy": 4,
  "summon-npc": -1,
  "summon-death": -1,
  "process-farming": false,
  "clanchat": "Help",
  "autocast": true,
  "autocast-spell": 12929,
  "dfs-charges": 20,
  "coins-gambled": 0,
  "slayer-master": "SUMONA",
  "slayer-task": "NEX",
  "prev-slayer-task": "DAGANNOTH_REX",
  "task-amount": 8,
  "task-streak": 1,
  "duo-partner": "null",
  "double-slay-xp": false,
  "recoil-deg": 0,
  "brawler-deg": [
    0,
    0,
    0,
    0,
    0,
    0,
    0,
    0,
    0
  ],
  "killed-players": [],
  "killed-gods": [
    false,
    false,
    false,
    false,
    false
  ],
  "barrows-brother": [
    [
      2030,
      0
    ],
    [
      2029,
      0
    ],
    [
      2028,
      0
    ],
    [
      2027,
      0
    ],
    [
      2026,
      0
    ],
    [
      2025,
      0
    ]
  ],
  "random-coffin": 0,
  "barrows-killcount": 0,
  "nomad": [
    false,
    false
  ],
  "recipe-for-disaster": [
    false,
    false,
    false,
    false,
    false,
    false,
    false,
    false,
    false
  ],
  "recipe-for-disaster-wave": 0,
  "dung-items-bound": [
    0,
    0,
    0,
    0,
    0
  ],
  "rune-ess": 0,
  "pure-ess": 0,
  "has-bank-pin": false,
  "last-pin-attempt": 0,
  "invalid-pin-attempts": 0,
  "bank-pin": [
    0,
    0,
    0,
    0
  ],
  "appearance": [
    0,
    3,
    19,
    27,
    34,
    38,
    43,
    14,
    5,
    2,
    1,
    3,
    0
  ],
  "agility-obj": [
    false,
    false,
    false,
    false,
    false,
    false,
    false
  ],
  "skills": {
    "level": [
      99,
      99,
      99,
      979,
      99,
      0,
      99,
      99,
      99,
      1,
      99,
      57,
      1,
      1,
      99,
      1,
      60,
      61,
      94,
      1,
      18,
      1,
      1,
      1,
      49
    ],
    "maxLevel": [
      99,
      99,
      99,
      990,
      99,
      990,
      99,
      99,
      99,
      1,
      99,
      57,
      1,
      1,
      99,
      1,
      60,
      61,
      94,
      1,
      18,
      1,
      1,
      1,
      49
    ],
    "experience": [
      797592403,
      17421842,
      13040121,
      717085977,
      21360616,
      14249511,
      372424604,
      45013962,
      49168311,
      0,
      33791693,
      212200,
      0,
      0,
      185528557,
      0,
      297303,
      326360,
      8484257,
      0,
      3864,
      0,
      0,
      0,
      100185
    ]
  },
  "inventory": [
    {
      "id": 565,
      "amount": 112790,
      "slot": 0
    },
    {
      "id": 566,
      "amount": 144632,
      "slot": 0
    },
    {
      "id": 560,
      "amount": 126725,
      "slot": 0
    },
    {
      "id": 995,
      "amount": 1380000,
      "slot": 0
    },
    {
      "id": 7956,
      "amount": 1,
      "slot": 0
    },
    {
      "id": 7956,
      "amount": 1,
      "slot": 0
    },
    {
      "id": 989,
      "amount": 1,
      "slot": 0
    },
    {
      "id": 7956,
      "amount": 1,
      "slot": 0
    },
    {
      "id": 7956,
      "amount": 1,
      "slot": 0
    },
    {
      "id": 2685,
      "amount": 1,
      "slot": 0
    },
    {
      "id": 2677,
      "amount": 1,
      "slot": 0
    },
    {
      "id": 7956,
      "amount": 1,
      "slot": 0
    },
    {
      "id": 2364,
      "amount": 5,
      "slot": 0
    },
    {
      "id": 2677,
      "amount": 1,
      "slot": 0
    },
    {
      "id": 987,
      "amount": 1,
      "slot": 0
    },
    {
      "id": 385,
      "amount": 1,
      "slot": 0
    },
    {
      "id": 385,
      "amount": 1,
      "slot": 0
    },
    {
      "id": 385,
      "amount": 1,
      "slot": 0
    },
    {
      "id": 385,
      "amount": 1,
      "slot": 0
    },
    {
      "id": 7956,
      "amount": 1,
      "slot": 0
    },
    {
      "id": 2685,
      "amount": 1,
      "slot": 0
    },
    {
      "id": 2362,
      "amount": 5,
      "slot": 0
    },
    {
      "id": 2679,
      "amount": 1,
      "slot": 0
    },
    {
      "id": 2677,
      "amount": 1,
      "slot": 0
    },
    {
      "id": -1,
      "amount": 0,
      "slot": 0
    },
    {
      "id": -1,
      "amount": 0,
      "slot": 0
    },
    {
      "id": -1,
      "amount": 0,
      "slot": 0
    },
    {
      "id": -1,
      "amount": 0,
      "slot": 0
    }
  ],
  "equipment": [
    {
      "id": 14499,
      "amount": 1,
      "slot": 0
    },
    {
      "id": 9763,
      "amount": 1,
      "slot": 0
    },
    {
      "id": -1,
      "amount": 0,
      "slot": 0
    },
    {
      "id": 4675,
      "amount": 1,
      "slot": 0
    },
    {
      "id": 14497,
      "amount": 1,
      "slot": 0
    },
    {
      "id": 11613,
      "amount": 1,
      "slot": 0
    },
    {
      "id": -1,
      "amount": 0,
      "slot": 0
    },
    {
      "id": 14501,
      "amount": 1,
      "slot": 0
    },
    {
      "id": -1,
      "amount": 0,
      "slot": 0
    },
    {
      "id": 4105,
      "amount": 1,
      "slot": 0
    },
    {
      "id": 6920,
      "amount": 1,
      "slot": 0
    },
    {
      "id": -1,
      "amount": 0,
      "slot": 0
    },
    {
      "id": 2572,
      "amount": 1,
      "slot": 0
    },
    {
      "id": -1,
      "amount": 0,
      "slot": 0
    }
  ],
  "bank-0": [
    {
      "id": 2440,
      "amount": 10,
      "slot": 0
    },
    {
      "id": 2436,
      "amount": 10,
      "slot": 0
    },
    {
      "id": 2442,
      "amount": 10,
      "slot": 0
    },
    {
      "id": 5698,
      "amount": 1,
      "slot": 0
    },
    {
      "id": 6529,
      "amount": 9330,
      "slot": 0
    },
    {
      "id": 4587,
      "amount": 1,
      "slot": 0
    },
    {
      "id": 436,
      "amount": 9,
      "slot": 0
    },
    {
      "id": 438,
      "amount": 9,
      "slot": 0
    },
    {
      "id": 1438,
      "amount": 1,
      "slot": 0
    },
    {
      "id": 1187,
      "amount": 1,
      "slot": 0
    },
    {
      "id": 1448,
      "amount": 1,
      "slot": 0
    },
    {
      "id": 6522,
      "amount": 2,
      "slot": 0
    },
    {
      "id": 563,
      "amount": 890,
      "slot": 0
    },
    {
      "id": 892,
      "amount": 6212,
      "slot": 0
    },
    {
      "id": 1519,
      "amount": 18,
      "slot": 0
    },
    {
      "id": 1511,
      "amount": 3,
      "slot": 0
    },
    {
      "id": 1521,
      "amount": 7,
      "slot": 0
    },
    {
      "id": 1517,
      "amount": 26,
      "slot": 0
    },
    {
      "id": 5075,
      "amount": 14,
      "slot": 0
    },
    {
      "id": 11212,
      "amount": 245,
      "slot": 0
    },
    {
      "id": 12158,
      "amount": 1,
      "slot": 0
    },
    {
      "id": 1359,
      "amount": 1,
      "slot": 0
    },
    {
      "id": 562,
      "amount": 27625,
      "slot": 0
    },
    {
      "id": 18778,
      "amount": 1,
      "slot": 0
    },
    {
      "id": 2491,
      "amount": 1,
      "slot": 0
    },
    {
      "id": 25,
      "amount": 2,
      "slot": 0
    },
    {
      "id": 301,
      "amount": 1,
      "slot": 0
    },
    {
      "id": 373,
      "amount": 36,
      "slot": 0
    },
    {
      "id": 361,
      "amount": 119,
      "slot": 0
    },
    {
      "id": 861,
      "amount": 1,
      "slot": 0
    },
    {
      "id": 10499,
      "amount": 1,
      "slot": 0
    },
    {
      "id": 2503,
      "amount": 1,
      "slot": 0
    },
    {
      "id": 2497,
      "amount": 1,
      "slot": 0
    },
    {
      "id": 4694,
      "amount": 37,
      "slot": 0
    },
    {
      "id": 561,
      "amount": 17,
      "slot": 0
    },
    {
      "id": 9075,
      "amount": 1195,
      "slot": 0
    },
    {
      "id": 558,
      "amount": 959,
      "slot": 0
    },
    {
      "id": 7946,
      "amount": 174,
      "slot": 0
    },
    {
      "id": 5078,
      "amount": 1,
      "slot": 0
    },
    {
      "id": 3024,
      "amount": 227,
      "slot": 0
    },
    {
      "id": 2996,
      "amount": 72,
      "slot": 0
    },
    {
      "id": 305,
      "amount": 1,
      "slot": 0
    },
    {
      "id": 303,
      "amount": 1,
      "slot": 0
    },
    {
      "id": 15263,
      "amount": 500,
      "slot": 0
    },
    {
      "id": 5076,
      "amount": 1,
      "slot": 0
    },
    {
      "id": 9144,
      "amount": 2964,
      "slot": 0
    },
    {
      "id": 17926,
      "amount": 400,
      "slot": 0
    },
    {
      "id": 15272,
      "amount": 149,
      "slot": 0
    },
    {
      "id": 311,
      "amount": 1,
      "slot": 0
    },
    {
      "id": 309,
      "amount": 1,
      "slot": 0
    },
    {
      "id": 2597,
      "amount": 1,
      "slot": 0
    },
    {
      "id": 555,
      "amount": 88255,
      "slot": 0
    },
    {
      "id": 556,
      "amount": 45290,
      "slot": 0
    },
    {
      "id": 554,
      "amount": 86300,
      "slot": 0
    },
    {
      "id": 557,
      "amount": 26860,
      "slot": 0
    },
    {
      "id": 12159,
      "amount": 1,
      "slot": 0
    },
    {
      "id": 564,
      "amount": 1423,
      "slot": 0
    },
    {
      "id": 987,
      "amount": 3,
      "slot": 0
    },
    {
      "id": 6916,
      "amount": 1,
      "slot": 0
    },
    {
      "id": 10828,
      "amount": 1,
      "slot": 0
    },
    {
      "id": 2,
      "amount": 1469,
      "slot": 0
    },
    {
      "id": 18830,
      "amount": 7,
      "slot": 0
    },
    {
      "id": 4745,
      "amount": 1,
      "slot": 0
    },
    {
      "id": 2581,
      "amount": 1,
      "slot": 0
    },
    {
      "id": 15104,
      "amount": 1,
      "slot": 0
    },
    {
      "id": 1444,
      "amount": 1,
      "slot": 0
    },
    {
      "id": 4751,
      "amount": 1,
      "slot": 0
    },
    {
      "id": 1442,
      "amount": 1,
      "slot": 0
    },
    {
      "id": 7980,
      "amount": 2,
      "slot": 0
    },
    {
      "id": 2637,
      "amount": 1,
      "slot": 0
    },
    {
      "id": 15442,
      "amount": 1,
      "slot": 0
    },
    {
      "id": 13661,
      "amount": 1,
      "slot": 0
    },
    {
      "id": 3140,
      "amount": 1,
      "slot": 0
    },
    {
      "id": 4087,
      "amount": 1,
      "slot": 0
    },
    {
      "id": 14666,
      "amount": 246,
      "slot": 0
    },
    {
      "id": 12852,
      "amount": 540,
      "slot": 0
    },
    {
      "id": 3030,
      "amount": 2,
      "slot": 0
    },
    {
      "id": 3026,
      "amount": 3,
      "slot": 0
    },
    {
      "id": 3028,
      "amount": 2,
      "slot": 0
    },
    {
      "id": 11732,
      "amount": 2,
      "slot": 0
    },
    {
      "id": 13727,
      "amount": 1817,
      "slot": 0
    },
    {
      "id": 6739,
      "amount": 1,
      "slot": 0
    },
    {
      "id": 2862,
      "amount": 4,
      "slot": 0
    },
    {
      "id": 13263,
      "amount": 1,
      "slot": 0
    },
    {
      "id": 6570,
      "amount": 1,
      "slot": 0
    },
    {
      "id": 6585,
      "amount": 2,
      "slot": 0
    },
    {
      "id": 20059,
      "amount": 1,
      "slot": 0
    },
    {
      "id": 11724,
      "amount": 1,
      "slot": 0
    },
    {
      "id": 11726,
      "amount": 1,
      "slot": 0
    },
    {
      "id": 7462,
      "amount": 1,
      "slot": 0
    },
    {
      "id": 4453,
      "amount": 1,
      "slot": 0
    },
    {
      "id": 2363,
      "amount": 5,
      "slot": 0
    },
    {
      "id": 9341,
      "amount": 220,
      "slot": 0
    },
    {
      "id": 868,
      "amount": 925,
      "slot": 0
    },
    {
      "id": 1515,
      "amount": 273,
      "slot": 0
    },
    {
      "id": 9244,
      "amount": 148,
      "slot": 0
    },
    {
      "id": 2677,
      "amount": 7,
      "slot": 0
    },
    {
      "id": 2684,
      "amount": 2,
      "slot": 0
    },
    {
      "id": 2678,
      "amount": 1,
      "slot": 0
    },
    {
      "id": 2685,
      "amount": 3,
      "slot": 0
    },
    {
      "id": 2683,
      "amount": 2,
      "slot": 0
    },
    {
      "id": 1631,
      "amount": 1,
      "slot": 0
    },
    {
      "id": 2361,
      "amount": 5,
      "slot": 0
    },
    {
      "id": 12160,
      "amount": 5,
      "slot": 0
    },
    {
      "id": 7956,
      "amount": 8,
      "slot": 0
    },
    {
      "id": 2681,
      "amount": 1,
      "slot": 0
    },
    {
      "id": 21051,
      "amount": 1,
      "slot": 0
    },
    {
      "id": 989,
      "amount": 2,
      "slot": 0
    },
    {
      "id": 985,
      "amount": 1,
      "slot": 0
    },
    {
      "id": 995,
      "amount": 3000000,
      "slot": 0
    }
  ],
  "bank-1": [],
  "bank-2": [],
  "bank-3": [],
  "bank-4": [],
  "bank-5": [],
  "bank-6": [],
  "bank-7": [],
  "bank-8": [],
  "ge-slots": [
    {
      "state": "EMPTY"
    },
    {
      "state": "EMPTY"
    },
    {
      "state": "EMPTY"
    },
    {
      "state": "EMPTY"
    },
    {
      "state": "EMPTY"
    },
    {
      "state": "EMPTY"
    }
  ],
  "charm-imp": [
    0,
    0,
    0,
    0
  ],
  "friends": [
    321125,
    287761407,
    18810264,
    1708967566025158,
    16266863947,
    601840971753,
    1833,
    18812225,
    651298166,
    172667,
    721589,
    14036,
    1357834030,
    314510633023982,
    17603125,
    119161294,
    6971,
    849885120,
    58067743901158
  ],
  "ignores": [],
  "loyalty-titles": [
    false,
    false,
    false,
    false,
    false,
    false,
    true,
    false,
    false,
    false,
    false,
    false
  ],
  "kills": [
    {
      "npcName": "Man",
      "amount": 3,
      "boss": true
    },
    {
      "npcName": "Chaos druid",
      "amount": 42,
      "boss": false
    },
    {
      "npcName": "Ghost",
      "amount": 2,
      "boss": false
    },
    {
      "npcName": "Rock Crab",
      "amount": 4,
      "boss": false
    },
    {
      "npcName": "Zombie",
      "amount": 47,
      "boss": false
    },
    {
      "npcName": "Giant spider",
      "amount": 2,
      "boss": false
    },
    {
      "npcName": "Slash Bash",
      "amount": 18,
      "boss": true
    },
    {
      "npcName": "TzHaar-Xil",
      "amount": 42,
      "boss": false
    },
    {
      "npcName": "Black Demon",
      "amount": 2,
      "boss": false
    },
    {
      "npcName": "Fire giant",
      "amount": 39,
      "boss": false
    },
    {
      "npcName": "Wild dog",
      "amount": 42,
      "boss": false
    },
    {
      "npcName": "Dust devil",
      "amount": 30,
      "boss": false
    },
    {
      "npcName": "TzHaar-Hur",
      "amount": 33,
      "boss": false
    },
    {
      "npcName": "TzHaar-Mej",
      "amount": 1,
      "boss": false
    },
    {
      "npcName": "Brutal Green Dragon",
      "amount": 52,
      "boss": true
    },
    {
      "npcName": "Phoenix",
      "amount": 116,
      "boss": true
    },
    {
      "npcName": "Crazy lvl 2 Man",
      "amount": 2,
      "boss": true
    },
    {
      "npcName": "King Black Dragon",
      "amount": 503,
      "boss": true
    },
    {
      "npcName": "Steel dragon",
      "amount": 47,
      "boss": true
    },
    {
      "npcName": "Iron dragon",
      "amount": 3,
      "boss": false
    },
    {
      "npcName": "Wizard",
      "amount": 1,
      "boss": false
    },
    {
      "npcName": "Tower Archer",
      "amount": 3,
      "boss": false
    },
    {
      "npcName": "Zombie pirate",
      "amount": 1,
      "boss": false
    },
    {
      "npcName": "Skeleton",
      "amount": 2,
      "boss": false
    },
    {
      "npcName": "Dark wizard",
      "amount": 1,
      "boss": false
    },
    {
      "npcName": "Waterfiend",
      "amount": 2,
      "boss": false
    },
    {
      "npcName": "Skeleton Brute",
      "amount": 57,
      "boss": false
    },
    {
      "npcName": "Spinolyp",
      "amount": 1,
      "boss": false
    },
    {
      "npcName": "Dagannoth Prime",
      "amount": 1,
      "boss": true
    },
    {
      "npcName": "Dagannoth Rex",
      "amount": 16,
      "boss": true
    }
  ],
  "drops": [
    {
      "item": 12174,
      "amount": 3,
      "rareDrop": false
    },
    {
      "item": 14836,
      "amount": 3,
      "rareDrop": false
    },
    {
      "item": 526,
      "amount": 220,
      "rareDrop": false
    },
    {
      "item": 205,
      "amount": 10,
      "rareDrop": false
    },
    {
      "item": 199,
      "amount": 16,
      "rareDrop": false
    },
    {
      "item": 211,
      "amount": 131,
      "rareDrop": false
    },
    {
      "item": 203,
      "amount": 5,
      "rareDrop": false
    },
    {
      "item": 556,
      "amount": 33864,
      "rareDrop": false
    },
    {
      "item": 830,
      "amount": 25,
      "rareDrop": false
    },
    {
      "item": 1619,
      "amount": 15,
      "rareDrop": false
    },
    {
      "item": 995,
      "amount": 30203745,
      "rareDrop": false
    },
    {
      "item": 9142,
      "amount": 8,
      "rareDrop": false
    },
    {
      "item": 1594,
      "amount": 1,
      "rareDrop": false
    },
    {
      "item": 1625,
      "amount": 4,
      "rareDrop": false
    },
    {
      "item": 45,
      "amount": 1,
      "rareDrop": false
    },
    {
      "item": 12159,
      "amount": 220,
      "rareDrop": false
    },
    {
      "item": 12160,
      "amount": 154,
      "rareDrop": false
    },
    {
      "item": 12158,
      "amount": 252,
      "rareDrop": false
    },
    {
      "item": 436,
      "amount": 5,
      "rareDrop": false
    },
    {
      "item": 227,
      "amount": 3,
      "rareDrop": false
    },
    {
      "item": 215,
      "amount": 80,
      "rareDrop": false
    },
    {
      "item": 1627,
      "amount": 2,
      "rareDrop": false
    },
    {
      "item": 1621,
      "amount": 13,
      "rareDrop": false
    },
    {
      "item": 2485,
      "amount": 13,
      "rareDrop": false
    },
    {
      "item": 1623,
      "amount": 8,
      "rareDrop": false
    },
    {
      "item": 25,
      "amount": 15,
      "rareDrop": false
    },
    {
      "item": 201,
      "amount": 3,
      "rareDrop": false
    },
    {
      "item": 231,
      "amount": 1,
      "rareDrop": false
    },
    {
      "item": 1452,
      "amount": 2,
      "rareDrop": false
    },
    {
      "item": 209,
      "amount": 9,
      "rareDrop": false
    },
    {
      "item": 219,
      "amount": 3,
      "rareDrop": false
    },
    {
      "item": 557,
      "amount": 11,
      "rareDrop": false
    },
    {
      "item": 1462,
      "amount": 2,
      "rareDrop": false
    },
    {
      "item": 213,
      "amount": 36,
      "rareDrop": false
    },
    {
      "item": 561,
      "amount": 193,
      "rareDrop": false
    },
    {
      "item": 563,
      "amount": 369,
      "rareDrop": false
    },
    {
      "item": 558,
      "amount": 11,
      "rareDrop": false
    },
    {
      "item": 1291,
      "amount": 1,
      "rareDrop": false
    },
    {
      "item": 1139,
      "amount": 5,
      "rareDrop": false
    },
    {
      "item": 1349,
      "amount": 6,
      "rareDrop": false
    },
    {
      "item": 1155,
      "amount": 1,
      "rareDrop": false
    },
    {
      "item": 313,
      "amount": 208,
      "rareDrop": false
    },
    {
      "item": 1351,
      "amount": 2,
      "rareDrop": false
    },
    {
      "item": 12163,
      "amount": 120,
      "rareDrop": false
    },
    {
      "item": 6523,
      "amount": 3,
      "rareDrop": true
    },
    {
      "item": 6529,
      "amount": 9480,
      "rareDrop": false
    },
    {
      "item": 379,
      "amount": 10,
      "rareDrop": false
    },
    {
      "item": 1617,
      "amount": 5,
      "rareDrop": false
    },
    {
      "item": 6522,
      "amount": 2,
      "rareDrop": false
    },
    {
      "item": 985,
      "amount": 23,
      "rareDrop": false
    },
    {
      "item": 6568,
      "amount": 1,
      "rareDrop": false
    },
    {
      "item": 6525,
      "amount": 2,
      "rareDrop": true
    },
    {
      "item": 987,
      "amount": 25,
      "rareDrop": false
    },
    {
      "item": 892,
      "amount": 264,
      "rareDrop": false
    },
    {
      "item": 1163,
      "amount": 3,
      "rareDrop": false
    },
    {
      "item": 532,
      "amount": 39,
      "rareDrop": false
    },
    {
      "item": 11212,
      "amount": 4,
      "rareDrop": false
    },
    {
      "item": 207,
      "amount": 4,
      "rareDrop": false
    },
    {
      "item": 562,
      "amount": 35,
      "rareDrop": false
    },
    {
      "item": 1775,
      "amount": 3,
      "rareDrop": false
    },
    {
      "item": 217,
      "amount": 59,
      "rareDrop": false
    },
    {
      "item": 2363,
      "amount": 2,
      "rareDrop": false
    },
    {
      "item": 565,
      "amount": 1379,
      "rareDrop": false
    },
    {
      "item": 1215,
      "amount": 10,
      "rareDrop": false
    },
    {
      "item": 10976,
      "amount": 1,
      "rareDrop": false
    },
    {
      "item": 1353,
      "amount": 3,
      "rareDrop": false
    },
    {
      "item": 554,
      "amount": 92176,
      "rareDrop": false
    },
    {
      "item": 560,
      "amount": 258,
      "rareDrop": false
    },
    {
      "item": 1393,
      "amount": 1,
      "rareDrop": false
    },
    {
      "item": 113,
      "amount": 2,
      "rareDrop": false
    },
    {
      "item": 1442,
      "amount": 19,
      "rareDrop": false
    },
    {
      "item": 1141,
      "amount": 1,
      "rareDrop": false
    },
    {
      "item": 1776,
      "amount": 20,
      "rareDrop": false
    },
    {
      "item": 566,
      "amount": 120,
      "rareDrop": false
    },
    {
      "item": 2366,
      "amount": 65,
      "rareDrop": false
    },
    {
      "item": 1399,
      "amount": 3,
      "rareDrop": false
    },
    {
      "item": 2489,
      "amount": 1,
      "rareDrop": false
    },
    {
      "item": 1247,
      "amount": 3,
      "rareDrop": false
    },
    {
      "item": 18778,
      "amount": 1,
      "rareDrop": true
    },
    {
      "item": 1883,
      "amount": 3,
      "rareDrop": false
    },
    {
      "item": 1249,
      "amount": 7,
      "rareDrop": false
    },
    {
      "item": 161,
      "amount": 1,
      "rareDrop": false
    },
    {
      "item": 149,
      "amount": 2,
      "rareDrop": false
    },
    {
      "item": 1742,
      "amount": 3,
      "rareDrop": false
    },
    {
      "item": 1743,
      "amount": 3,
      "rareDrop": false
    },
    {
      "item": 1741,
      "amount": 1,
      "rareDrop": false
    },
    {
      "item": 1391,
      "amount": 2,
      "rareDrop": false
    },
    {
      "item": 443,
      "amount": 752,
      "rareDrop": false
    },
    {
      "item": 1762,
      "amount": 6,
      "rareDrop": false
    },
    {
      "item": 1744,
      "amount": 3,
      "rareDrop": false
    },
    {
      "item": 1738,
      "amount": 6,
      "rareDrop": false
    },
    {
      "item": 2353,
      "amount": 4,
      "rareDrop": false
    },
    {
      "item": 444,
      "amount": 1,
      "rareDrop": false
    },
    {
      "item": 536,
      "amount": 605,
      "rareDrop": false
    },
    {
      "item": 1753,
      "amount": 104,
      "rareDrop": false
    },
    {
      "item": 1319,
      "amount": 8,
      "rareDrop": false
    },
    {
      "item": 1146,
      "amount": 41,
      "rareDrop": false
    },
    {
      "item": 21051,
      "amount": 1,
      "rareDrop": true
    }
  ],
  "achievements-completion": [
    false,
    false,
    true,
    false,
    false,
    false,
    false,
    false,
    false,
    false,
    false,
    false,
    false,
    true,
    false,
    true,
    false,
    true,
    true,
    true,
    false,
    true,
    true,
    true,
    true,
    true,
    true,
    true,
    false,
    false,
    false,
    false,
    false,
    true,
    true,
    false,
    false,
    false,
    false,
    false,
    true,
    false,
    false,
    false,
    false,
    false,
    true,
    false,
    true,
    false,
    true,
    false,
    true,
    true,
    false,
    false,
    false,
    false,
    false,
    false,
    false,
    false,
    false,
    false,
    false,
    false,
    false,
    false,
    false,
    false,
    false,
    false,
    false,
    false,
    false,
    false,
    false,
    true,
    false,
    false,
    false,
    false,
    false,
    false,
    false,
    false,
    false,
    false,
    false,
    false,
    false,
    false,
    false,
    false,
    false,
    false,
    false,
    true,
    false,
    false
  ],
  "achievements-progress": [
    994,
    948,
    991,
    0,
    0,
    81,
    0,
    24,
    24,
    14,
    0,
    0,
    0,
    0,
    0,
    0,
    0,
    49,
    0,
    24,
    0,
    99837,
    62579,
    99975,
    0,
    0,
    81,
    0,
    381,
    442,
    14,
    0,
    0,
    0,
    0,
    0,
    0,
    0,
    0,
    411,
    0,
    0,
    0,
    2263363,
    62579,
    918599,
    0,
    1,
    0,
    1115,
    499,
    1,
    1
  ],
  "max-cape-colors": [
    65214,
    65200,
    65186,
    62995
  ],
  "player-title": "@or2@DUKE"
}