{
  "total-play-time-ms": 208376550,
  "username": "Eco",
  "password": "ayuvo",
  "email": "null",
  "staff-rights": "SUPER_DONATOR",
  "game-mode": "NORMAL",
  "boss-points": 250,
  "janus-points": 0,
  "loyalty-title": "NONE",
  "position": {
    "x": 2439,
    "y": 3094,
    "z": 0
  },
  "online-status": "FRIENDS_ONLY",
  "given-starter": true,
  "money-pouch": 25694892,
  "donated": 30,
  "minutes-bonus-exp": -1,
  "total-gained-exp": 2002222860,
  "prestige-points": 0,
  "achievement-points": 12,
  "dung-tokens": 0,
  "commendations": 0,
  "loyalty-points": 26089,
  "total-loyalty-points": 26093.0,
  "voting-points": 0,
  "slayer-points": 0,
  "pk-points": 0,
  "donation-points": 0,
  "afk-points": 0,
  "trivia-points": 160,
  "cluescompleted": 2,
  "player-kills": 0,
  "player-killstreak": 0,
  "player-deaths": 0,
  "target-percentage": 100,
  "bh-rank": 0,
  "gender": "MALE",
  "spell-book": "NORMAL",
  "shop-updated": false,
  "shop-earnings": 0,
  "prayer-book": "NORMAL",
  "running": true,
  "run-energy": 100,
  "music": false,
  "sounds": false,
  "auto-retaliate": true,
  "xp-locked": false,
  "veng-cast": false,
  "last-veng": 233993332,
  "fight-type": "UNARMED_KICK",
  "sol-effect": 0,
  "skull-timer": 0,
  "accept-aid": false,
  "poison-damage": 0,
  "poison-immunity": 0,
  "overload-timer": 0,
  "fire-immunity": 0,
  "fire-damage-mod": 0,
  "prayer-renewal-timer": 0,
  "teleblock-timer": 0,
  "special-amount": 100,
  "entered-gwd-room": false,
  "gwd-altar-delay": 0,
  "gwd-killcount": [
    0,
    0,
    0,
    0
  ],
  "effigy": 0,
  "summon-npc": -1,
  "summon-death": -1,
  "process-farming": false,
  "clanchat": "Insane",
  "autocast": false,
  "autocast-spell": -1,
  "dfs-charges": 0,
  "coins-gambled": 0,
  "slayer-master": "VANNAKA",
  "slayer-task": "NO_TASK",
  "prev-slayer-task": "NO_TASK",
  "task-amount": 0,
  "task-streak": 0,
  "duo-partner": "null",
  "double-slay-xp": false,
  "recoil-deg": 0,
  "brawler-deg": [
    0,
    0,
    0,
    0,
    0,
    0,
    0,
    0,
    0
  ],
  "killed-players": [],
  "killed-gods": [
    true,
    true,
    true,
    false,
    true
  ],
  "barrows-brother": [
    [
      2030,
      0
    ],
    [
      2029,
      0
    ],
    [
      2028,
      0
    ],
    [
      2027,
      0
    ],
    [
      2026,
      0
    ],
    [
      2025,
      0
    ]
  ],
  "random-coffin": 2,
  "barrows-killcount": 0,
  "nomad": [
    false,
    false
  ],
  "recipe-for-disaster": [
    false,
    false,
    false,
    false,
    false,
    false,
    false,
    false,
    false
  ],
  "recipe-for-disaster-wave": 0,
  "dung-items-bound": [
    0,
    0,
    0,
    0,
    0
  ],
  "rune-ess": 0,
  "pure-ess": 0,
  "has-bank-pin": false,
  "last-pin-attempt": 0,
  "invalid-pin-attempts": 0,
  "bank-pin": [
    0,
    0,
    0,
    0
  ],
  "appearance": [
    0,
    0,
    18,
    26,
    33,
    36,
    42,
    10,
    0,
    0,
    0,
    0,
    0
  ],
  "agility-obj": [
    false,
    false,
    false,
    false,
    false,
    false,
    false
  ],
  "skills": {
    "level": [
      1,
      78,
      1,
      990,
      99,
      443,
      1,
      1,
      1,
      1,
      1,
      1,
      60,
      1,
      1,
      1,
      1,
      1,
      1,
      1,
      1,
      1,
      1,
      1,
      1
    ],
    "maxLevel": [
      1,
      78,
      1,
      990,
      99,
      460,
      1,
      1,
      1,
      1,
      1,
      1,
      60,
      1,
      1,
      1,
      1,
      1,
      1,
      1,
      1,
      1,
      1,
      1,
      1
    ],
    "experience": [
      0,
      1680706,
      0,
      1000000000,
      1000000000,
      73500,
      0,
      0,
      0,
      0,
      0,
      0,
      283264,
      0,
      0,
      0,
      0,
      0,
      0,
      0,
      0,
      0,
      0,
      0,
      0
    ]
  },
  "inventory": [
    {
      "id": 3024,
      "amount": 1,
      "slot": 0
    },
    {
      "id": 3024,
      "amount": 1,
      "slot": 0
    },
    {
      "id": 3024,
      "amount": 1,
      "slot": 0
    },
    {
      "id": 3030,
      "amount": 1,
      "slot": 0
    },
    {
      "id": 2444,
      "amount": 1,
      "slot": 0
    },
    {
      "id": 169,
      "amount": 1,
      "slot": 0
    },
    {
      "id": -1,
      "amount": 0,
      "slot": 0
    },
    {
      "id": -1,
      "amount": 0,
      "slot": 0
    },
    {
      "id": -1,
      "amount": 0,
      "slot": 0
    },
    {
      "id": -1,
      "amount": 0,
      "slot": 0
    },
    {
      "id": -1,
      "amount": 0,
      "slot": 0
    },
    {
      "id": -1,
      "amount": 0,
      "slot": 0
    },
    {
      "id": -1,
      "amount": 0,
      "slot": 0
    },
    {
      "id": -1,
      "amount": 0,
      "slot": 0
    },
    {
      "id": -1,
      "amount": 0,
      "slot": 0
    },
    {
      "id": -1,
      "amount": 0,
      "slot": 0
    },
    {
      "id": -1,
      "amount": 0,
      "slot": 0
    },
    {
      "id": -1,
      "amount": 0,
      "slot": 0
    },
    {
      "id": -1,
      "amount": 0,
      "slot": 0
    },
    {
      "id": -1,
      "amount": 0,
      "slot": 0
    },
    {
      "id": -1,
      "amount": 0,
      "slot": 0
    },
    {
      "id": -1,
      "amount": 0,
      "slot": 0
    },
    {
      "id": -1,
      "amount": 0,
      "slot": 0
    },
    {
      "id": -1,
      "amount": 0,
      "slot": 0
    },
    {
      "id": -1,
      "amount": 0,
      "slot": 0
    },
    {
      "id": -1,
      "amount": 0,
      "slot": 0
    },
    {
      "id": -1,
      "amount": 0,
      "slot": 0
    },
    {
      "id": -1,
      "amount": 0,
      "slot": 0
    }
  ],
  "equipment": [
    {
      "id": -1,
      "amount": 0,
      "slot": 0
    },
    {
      "id": 21018,
      "amount": 1,
      "slot": 0
    },
    {
      "id": 1704,
      "amount": 1,
      "slot": 0
    },
    {
      "id": -1,
      "amount": 0,
      "slot": 0
    },
    {
      "id": -1,
      "amount": 0,
      "slot": 0
    },
    {
      "id": -1,
      "amount": 0,
      "slot": 0
    },
    {
      "id": -1,
      "amount": 0,
      "slot": 0
    },
    {
      "id": -1,
      "amount": 0,
      "slot": 0
    },
    {
      "id": -1,
      "amount": 0,
      "slot": 0
    },
    {
      "id": 11133,
      "amount": 1,
      "slot": 0
    },
    {
      "id": -1,
      "amount": 0,
      "slot": 0
    },
    {
      "id": -1,
      "amount": 0,
      "slot": 0
    },
    {
      "id": -1,
      "amount": 0,
      "slot": 0
    },
    {
      "id": 11212,
      "amount": 100,
      "slot": 0
    }
  ],
  "bank-0": [
    {
      "id": 2440,
      "amount": 50,
      "slot": 0
    },
    {
      "id": 2436,
      "amount": 50,
      "slot": 0
    },
    {
      "id": 2442,
      "amount": 50,
      "slot": 0
    },
    {
      "id": 3024,
      "amount": 1,
      "slot": 0
    },
    {
      "id": 2434,
      "amount": 25,
      "slot": 0
    },
    {
      "id": 391,
      "amount": 103,
      "slot": 0
    },
    {
      "id": 995,
      "amount": 1,
      "slot": 0
    },
    {
      "id": 1323,
      "amount": 1,
      "slot": 0
    },
    {
      "id": 1333,
      "amount": 1,
      "slot": 0
    },
    {
      "id": 11818,
      "amount": 1,
      "slot": 0
    },
    {
      "id": 11838,
      "amount": 1,
      "slot": 0
    },
    {
      "id": 6568,
      "amount": 1,
      "slot": 0
    },
    {
      "id": 861,
      "amount": 1,
      "slot": 0
    },
    {
      "id": 882,
      "amount": 500,
      "slot": 0
    },
    {
      "id": 892,
      "amount": 905,
      "slot": 0
    },
    {
      "id": 1381,
      "amount": 1,
      "slot": 0
    },
    {
      "id": 558,
      "amount": 1095,
      "slot": 0
    },
    {
      "id": 557,
      "amount": 1000,
      "slot": 0
    },
    {
      "id": 555,
      "amount": 1000,
      "slot": 0
    },
    {
      "id": 554,
      "amount": 1000,
      "slot": 0
    },
    {
      "id": 11930,
      "amount": 1,
      "slot": 0
    },
    {
      "id": 867,
      "amount": 1000,
      "slot": 0
    },
    {
      "id": 841,
      "amount": 1,
      "slot": 0
    },
    {
      "id": 12158,
      "amount": 331,
      "slot": 0
    },
    {
      "id": 536,
      "amount": 31,
      "slot": 0
    },
    {
      "id": 1149,
      "amount": 4,
      "slot": 0
    },
    {
      "id": 1513,
      "amount": 600,
      "slot": 0
    },
    {
      "id": 7936,
      "amount": 14250,
      "slot": 0
    },
    {
      "id": 173,
      "amount": 8,
      "slot": 0
    },
    {
      "id": 219,
      "amount": 120,
      "slot": 0
    },
    {
      "id": 217,
      "amount": 99,
      "slot": 0
    },
    {
      "id": 1129,
      "amount": 1,
      "slot": 0
    },
    {
      "id": 1617,
      "amount": 83,
      "slot": 0
    },
    {
      "id": 1407,
      "amount": 3,
      "slot": 0
    },
    {
      "id": 12163,
      "amount": 56,
      "slot": 0
    },
    {
      "id": 199,
      "amount": 31,
      "slot": 0
    },
    {
      "id": 560,
      "amount": 5189,
      "slot": 0
    },
    {
      "id": 213,
      "amount": 13,
      "slot": 0
    },
    {
      "id": 1631,
      "amount": 13,
      "slot": 0
    },
    {
      "id": 143,
      "amount": 1,
      "slot": 0
    },
    {
      "id": 1777,
      "amount": 4,
      "slot": 0
    },
    {
      "id": 1609,
      "amount": 27,
      "slot": 0
    },
    {
      "id": 1607,
      "amount": 1,
      "slot": 0
    },
    {
      "id": 1619,
      "amount": 165,
      "slot": 0
    },
    {
      "id": 1601,
      "amount": 27,
      "slot": 0
    },
    {
      "id": 1605,
      "amount": 25,
      "slot": 0
    },
    {
      "id": 1755,
      "amount": 1,
      "slot": 0
    },
    {
      "id": 1615,
      "amount": 8,
      "slot": 0
    },
    {
      "id": 25,
      "amount": 3,
      "slot": 0
    },
    {
      "id": 12159,
      "amount": 108,
      "slot": 0
    },
    {
      "id": 2685,
      "amount": 3,
      "slot": 0
    },
    {
      "id": 12160,
      "amount": 118,
      "slot": 0
    },
    {
      "id": 985,
      "amount": 5,
      "slot": 0
    },
    {
      "id": 2361,
      "amount": 641,
      "slot": 0
    },
    {
      "id": 563,
      "amount": 1534,
      "slot": 0
    },
    {
      "id": 868,
      "amount": 320,
      "slot": 0
    },
    {
      "id": 442,
      "amount": 50,
      "slot": 0
    },
    {
      "id": 2572,
      "amount": 7,
      "slot": 0
    },
    {
      "id": 565,
      "amount": 200,
      "slot": 0
    },
    {
      "id": 1592,
      "amount": 1,
      "slot": 0
    },
    {
      "id": 141,
      "amount": 1,
      "slot": 0
    },
    {
      "id": 890,
      "amount": 33250,
      "slot": 0
    },
    {
      "id": 5105,
      "amount": 17040,
      "slot": 0
    },
    {
      "id": 1403,
      "amount": 2,
      "slot": 0
    },
    {
      "id": 3051,
      "amount": 31,
      "slot": 0
    },
    {
      "id": 6920,
      "amount": 1,
      "slot": 0
    },
    {
      "id": 2587,
      "amount": 1,
      "slot": 0
    },
    {
      "id": 6924,
      "amount": 1,
      "slot": 0
    },
    {
      "id": 1249,
      "amount": 2,
      "slot": 0
    },
    {
      "id": 229,
      "amount": 155,
      "slot": 0
    },
    {
      "id": 9142,
      "amount": 4247,
      "slot": 0
    },
    {
      "id": 561,
      "amount": 333,
      "slot": 0
    },
    {
      "id": 2679,
      "amount": 4,
      "slot": 0
    },
    {
      "id": 1515,
      "amount": 100,
      "slot": 0
    },
    {
      "id": 6918,
      "amount": 1,
      "slot": 0
    },
    {
      "id": 453,
      "amount": 100,
      "slot": 0
    },
    {
      "id": 6570,
      "amount": 1,
      "slot": 0
    },
    {
      "id": 6529,
      "amount": 2389,
      "slot": 0
    },
    {
      "id": 1215,
      "amount": 2,
      "slot": 0
    },
    {
      "id": 14883,
      "amount": 1,
      "slot": 0
    },
    {
      "id": 566,
      "amount": 200,
      "slot": 0
    },
    {
      "id": 987,
      "amount": 4,
      "slot": 0
    },
    {
      "id": 167,
      "amount": 1,
      "slot": 0
    },
    {
      "id": 1201,
      "amount": 10,
      "slot": 0
    },
    {
      "id": 2497,
      "amount": 31,
      "slot": 0
    },
    {
      "id": 7058,
      "amount": 4,
      "slot": 0
    },
    {
      "id": 3749,
      "amount": 1,
      "slot": 0
    },
    {
      "id": 9341,
      "amount": 10,
      "slot": 0
    },
    {
      "id": 7956,
      "amount": 3,
      "slot": 0
    },
    {
      "id": 2491,
      "amount": 31,
      "slot": 0
    },
    {
      "id": 6691,
      "amount": 2,
      "slot": 0
    },
    {
      "id": 9342,
      "amount": 1100,
      "slot": 0
    },
    {
      "id": 564,
      "amount": 500,
      "slot": 0
    },
    {
      "id": 8780,
      "amount": 8100,
      "slot": 0
    },
    {
      "id": 1405,
      "amount": 2,
      "slot": 0
    },
    {
      "id": 1462,
      "amount": 3,
      "slot": 0
    },
    {
      "id": 2366,
      "amount": 3,
      "slot": 0
    },
    {
      "id": 7060,
      "amount": 90,
      "slot": 0
    },
    {
      "id": 2363,
      "amount": 165,
      "slot": 0
    },
    {
      "id": 1623,
      "amount": 450,
      "slot": 0
    },
    {
      "id": 830,
      "amount": 250,
      "slot": 0
    },
    {
      "id": 532,
      "amount": 6300,
      "slot": 0
    },
    {
      "id": 1621,
      "amount": 3,
      "slot": 0
    },
    {
      "id": 10499,
      "amount": 1,
      "slot": 0
    },
    {
      "id": 2368,
      "amount": 4,
      "slot": 0
    },
    {
      "id": 9757,
      "amount": 1,
      "slot": 0
    },
    {
      "id": 6685,
      "amount": 38,
      "slot": 0
    },
    {
      "id": 1185,
      "amount": 1,
      "slot": 0
    },
    {
      "id": 211,
      "amount": 20,
      "slot": 0
    },
    {
      "id": 1079,
      "amount": 8,
      "slot": 0
    },
    {
      "id": 4091,
      "amount": 1,
      "slot": 0
    },
    {
      "id": 9144,
      "amount": 3875,
      "slot": 0
    },
    {
      "id": 5321,
      "amount": 72,
      "slot": 0
    },
    {
      "id": 2448,
      "amount": 820,
      "slot": 0
    },
    {
      "id": 269,
      "amount": 270,
      "slot": 0
    },
    {
      "id": 1247,
      "amount": 1,
      "slot": 0
    },
    {
      "id": 1753,
      "amount": 2000,
      "slot": 0
    },
    {
      "id": 3030,
      "amount": 3,
      "slot": 0
    },
    {
      "id": 449,
      "amount": 2015,
      "slot": 0
    },
    {
      "id": 2444,
      "amount": 1,
      "slot": 0
    },
    {
      "id": 169,
      "amount": 1,
      "slot": 0
    },
    {
      "id": 4093,
      "amount": 2,
      "slot": 0
    },
    {
      "id": 2503,
      "amount": 21,
      "slot": 0
    },
    {
      "id": 6328,
      "amount": 1,
      "slot": 0
    },
    {
      "id": 6,
      "amount": 1,
      "slot": 0
    },
    {
      "id": 12,
      "amount": 1,
      "slot": 0
    },
    {
      "id": 10,
      "amount": 1,
      "slot": 0
    },
    {
      "id": 8,
      "amount": 1,
      "slot": 0
    },
    {
      "id": 9245,
      "amount": 10,
      "slot": 0
    },
    {
      "id": 3842,
      "amount": 1,
      "slot": 0
    },
    {
      "id": 9242,
      "amount": 10,
      "slot": 0
    },
    {
      "id": 9418,
      "amount": 1,
      "slot": 0
    },
    {
      "id": 9185,
      "amount": 1,
      "slot": 0
    },
    {
      "id": 2682,
      "amount": 1,
      "slot": 0
    },
    {
      "id": 2683,
      "amount": 1,
      "slot": 0
    },
    {
      "id": 3486,
      "amount": 1,
      "slot": 0
    },
    {
      "id": 3481,
      "amount": 1,
      "slot": 0
    },
    {
      "id": 3483,
      "amount": 1,
      "slot": 0
    },
    {
      "id": 3488,
      "amount": 1,
      "slot": 0
    },
    {
      "id": 952,
      "amount": 1,
      "slot": 0
    },
    {
      "id": 2347,
      "amount": 1,
      "slot": 0
    },
    {
      "id": 19425,
      "amount": 1,
      "slot": 0
    },
    {
      "id": 19413,
      "amount": 1,
      "slot": 0
    },
    {
      "id": 19422,
      "amount": 1,
      "slot": 0
    },
    {
      "id": 19416,
      "amount": 1,
      "slot": 0
    },
    {
      "id": 440,
      "amount": 150,
      "slot": 0
    },
    {
      "id": 3144,
      "amount": 22,
      "slot": 0
    }
  ],
  "bank-1": [
    {
      "id": 13661,
      "amount": 1,
      "slot": 0
    },
    {
      "id": 18778,
      "amount": 1,
      "slot": 0
    },
    {
      "id": 13853,
      "amount": 1,
      "slot": 0
    },
    {
      "id": 2,
      "amount": 4304,
      "slot": 0
    }
  ],
  "bank-2": [
    {
      "id": 14889,
      "amount": 4,
      "slot": 0
    },
    {
      "id": 14890,
      "amount": 7,
      "slot": 0
    },
    {
      "id": 14888,
      "amount": 4,
      "slot": 0
    },
    {
      "id": 2677,
      "amount": 2,
      "slot": 0
    },
    {
      "id": 14886,
      "amount": 5,
      "slot": 0
    },
    {
      "id": 14891,
      "amount": 6,
      "slot": 0
    },
    {
      "id": 14880,
      "amount": 2,
      "slot": 0
    },
    {
      "id": 14892,
      "amount": 4,
      "slot": 0
    },
    {
      "id": 14887,
      "amount": 1,
      "slot": 0
    }
  ],
  "bank-3": [
    {
      "id": 7980,
      "amount": 1,
      "slot": 0
    },
    {
      "id": 15134,
      "amount": 2,
      "slot": 0
    }
  ],
  "bank-4": [
    {
      "id": 15332,
      "amount": 2,
      "slot": 0
    }
  ],
  "bank-5": [],
  "bank-6": [],
  "bank-7": [],
  "bank-8": [],
  "ge-slots": [
    {
      "state": "EMPTY"
    },
    {
      "state": "EMPTY"
    },
    {
      "state": "EMPTY"
    },
    {
      "state": "EMPTY"
    },
    {
      "state": "EMPTY"
    },
    {
      "state": "EMPTY"
    }
  ],
  "charm-imp": [
    0,
    0,
    0,
    0
  ],
  "friends": [
    321125,
    1708967566025158,
    651298166,
    450057554,
    314510633023982,
    849885120
  ],
  "ignores": [],
  "loyalty-titles": [
    false,
    false,
    false,
    false,
    false,
    false,
    false,
    false,
    false,
    false,
    false,
    false
  ],
  "kills": [
    {
      "npcName": "Kree\u0027arra",
      "amount": 111,
      "boss": true
    },
    {
      "npcName": "Crazy lvl 2 Man",
      "amount": 92,
      "boss": true
    },
    {
      "npcName": "Revenant Impling",
      "amount": 65,
      "boss": true
    },
    {
      "npcName": "King Black Dragon",
      "amount": 31,
      "boss": true
    },
    {
      "npcName": "Zulrah",
      "amount": 18,
      "boss": true
    },
    {
      "npcName": "Cerberus",
      "amount": 10,
      "boss": true
    },
    {
      "npcName": "General Graardor",
      "amount": 7,
      "boss": true
    },
    {
      "npcName": "Nex",
      "amount": 4,
      "boss": true
    },
    {
      "npcName": "Glacor",
      "amount": 2,
      "boss": true
    },
    {
      "npcName": "Commander Zilyana",
      "amount": 1,
      "boss": true
    },
    {
      "npcName": "Lizardman Shaman",
      "amount": 1,
      "boss": true
    },
    {
      "npcName": "TzTok-Jad",
      "amount": 1,
      "boss": true
    },
    {
      "npcName": "Wingman Skree",
      "amount": 152,
      "boss": false
    },
    {
      "npcName": "Flockleader Geerin",
      "amount": 127,
      "boss": false
    },
    {
      "npcName": "Zombie",
      "amount": 41,
      "boss": false
    },
    {
      "npcName": "Zombie pirate",
      "amount": 33,
      "boss": false
    },
    {
      "npcName": "Flight Kilisa",
      "amount": 10,
      "boss": false
    },
    {
      "npcName": "Rock Crab",
      "amount": 7,
      "boss": false
    },
    {
      "npcName": "Sergeant Grimspike",
      "amount": 5,
      "boss": false
    },
    {
      "npcName": "Sergeant Steelwill",
      "amount": 5,
      "boss": false
    },
    {
      "npcName": "Dharok the Wretched",
      "amount": 2,
      "boss": false
    },
    {
      "npcName": "Verac the Defiled",
      "amount": 2,
      "boss": false
    },
    {
      "npcName": "Ahrim the Blighted",
      "amount": 1,
      "boss": false
    },
    {
      "npcName": "Bree",
      "amount": 1,
      "boss": false
    },
    {
      "npcName": "Growler",
      "amount": 1,
      "boss": false
    },
    {
      "npcName": "Guthan the Infested",
      "amount": 1,
      "boss": false
    },
    {
      "npcName": "Karil the Tainted",
      "amount": 1,
      "boss": false
    },
    {
      "npcName": "Starlight",
      "amount": 1,
      "boss": false
    },
    {
      "npcName": "Torag the Corrupted",
      "amount": 1,
      "boss": false
    }
  ],
  "drops": [
    {
      "item": 13051,
      "amount": 1,
      "rareDrop": true
    },
    {
      "item": 2362,
      "amount": 1305,
      "rareDrop": false
    },
    {
      "item": 2492,
      "amount": 630,
      "rareDrop": false
    },
    {
      "item": 9144,
      "amount": 12034,
      "rareDrop": false
    },
    {
      "item": 995,
      "amount": 7536734,
      "rareDrop": false
    },
    {
      "item": 7937,
      "amount": 15750,
      "rareDrop": false
    },
    {
      "item": 890,
      "amount": 45750,
      "rareDrop": false
    },
    {
      "item": 5105,
      "amount": 19440,
      "rareDrop": false
    },
    {
      "item": 11714,
      "amount": 4,
      "rareDrop": true
    },
    {
      "item": 3052,
      "amount": 20,
      "rareDrop": false
    },
    {
      "item": 560,
      "amount": 5535,
      "rareDrop": false
    },
    {
      "item": 1514,
      "amount": 600,
      "rareDrop": false
    },
    {
      "item": 14880,
      "amount": 2,
      "rareDrop": true
    },
    {
      "item": 892,
      "amount": 4050,
      "rareDrop": false
    },
    {
      "item": 13887,
      "amount": 1,
      "rareDrop": true
    },
    {
      "item": 220,
      "amount": 120,
      "rareDrop": false
    },
    {
      "item": 558,
      "amount": 6000,
      "rareDrop": false
    },
    {
      "item": 1149,
      "amount": 9,
      "rareDrop": false
    },
    {
      "item": 14886,
      "amount": 5,
      "rareDrop": false
    },
    {
      "item": 9185,
      "amount": 24,
      "rareDrop": false
    },
    {
      "item": 563,
      "amount": 3438,
      "rareDrop": false
    },
    {
      "item": 391,
      "amount": 52,
      "rareDrop": false
    },
    {
      "item": 537,
      "amount": 35,
      "rareDrop": false
    },
    {
      "item": 561,
      "amount": 1333,
      "rareDrop": false
    },
    {
      "item": 536,
      "amount": 31,
      "rareDrop": false
    },
    {
      "item": 565,
      "amount": 300,
      "rareDrop": false
    },
    {
      "item": 443,
      "amount": 250,
      "rareDrop": false
    },
    {
      "item": 2361,
      "amount": 5,
      "rareDrop": false
    },
    {
      "item": 14883,
      "amount": 1,
      "rareDrop": true
    },
    {
      "item": 1202,
      "amount": 10,
      "rareDrop": false
    },
    {
      "item": 4697,
      "amount": 1500,
      "rareDrop": false
    },
    {
      "item": 1516,
      "amount": 100,
      "rareDrop": false
    },
    {
      "item": 218,
      "amount": 90,
      "rareDrop": false
    },
    {
      "item": 2497,
      "amount": 11,
      "rareDrop": false
    },
    {
      "item": 10976,
      "amount": 7,
      "rareDrop": false
    },
    {
      "item": 556,
      "amount": 2970,
      "rareDrop": false
    },
    {
      "item": 6693,
      "amount": 12,
      "rareDrop": false
    },
    {
      "item": 14888,
      "amount": 4,
      "rareDrop": false
    },
    {
      "item": 886,
      "amount": 6170,
      "rareDrop": false
    },
    {
      "item": 985,
      "amount": 10,
      "rareDrop": false
    },
    {
      "item": 14889,
      "amount": 4,
      "rareDrop": false
    },
    {
      "item": 808,
      "amount": 4400,
      "rareDrop": false
    },
    {
      "item": 1249,
      "amount": 5,
      "rareDrop": false
    },
    {
      "item": 1127,
      "amount": 4,
      "rareDrop": false
    },
    {
      "item": 1201,
      "amount": 4,
      "rareDrop": false
    },
    {
      "item": 532,
      "amount": 118,
      "rareDrop": false
    },
    {
      "item": 14890,
      "amount": 7,
      "rareDrop": false
    },
    {
      "item": 1319,
      "amount": 6,
      "rareDrop": false
    },
    {
      "item": 989,
      "amount": 3,
      "rareDrop": false
    },
    {
      "item": 1373,
      "amount": 8,
      "rareDrop": false
    },
    {
      "item": 1303,
      "amount": 5,
      "rareDrop": false
    },
    {
      "item": 987,
      "amount": 8,
      "rareDrop": false
    },
    {
      "item": 1185,
      "amount": 8,
      "rareDrop": false
    },
    {
      "item": 830,
      "amount": 490,
      "rareDrop": false
    },
    {
      "item": 392,
      "amount": 8,
      "rareDrop": false
    },
    {
      "item": 213,
      "amount": 20,
      "rareDrop": false
    },
    {
      "item": 14887,
      "amount": 1,
      "rareDrop": false
    },
    {
      "item": 5315,
      "amount": 7,
      "rareDrop": false
    },
    {
      "item": 1631,
      "amount": 4,
      "rareDrop": false
    },
    {
      "item": 1215,
      "amount": 4,
      "rareDrop": false
    },
    {
      "item": 566,
      "amount": 200,
      "rareDrop": false
    },
    {
      "item": 200,
      "amount": 31,
      "rareDrop": false
    },
    {
      "item": 14891,
      "amount": 6,
      "rareDrop": false
    },
    {
      "item": 1747,
      "amount": 31,
      "rareDrop": false
    },
    {
      "item": 214,
      "amount": 13,
      "rareDrop": false
    },
    {
      "item": 9143,
      "amount": 420,
      "rareDrop": false
    },
    {
      "item": 1403,
      "amount": 2,
      "rareDrop": false
    },
    {
      "item": 1407,
      "amount": 3,
      "rareDrop": false
    },
    {
      "item": 7058,
      "amount": 42,
      "rareDrop": false
    },
    {
      "item": 25,
      "amount": 3,
      "rareDrop": false
    },
    {
      "item": 1617,
      "amount": 5,
      "rareDrop": false
    },
    {
      "item": 1632,
      "amount": 2,
      "rareDrop": false
    },
    {
      "item": 554,
      "amount": 192,
      "rareDrop": false
    },
    {
      "item": 163,
      "amount": 11,
      "rareDrop": false
    },
    {
      "item": 169,
      "amount": 5,
      "rareDrop": false
    },
    {
      "item": 9142,
      "amount": 288,
      "rareDrop": false
    },
    {
      "item": 14892,
      "amount": 4,
      "rareDrop": false
    },
    {
      "item": 811,
      "amount": 36,
      "rareDrop": false
    },
    {
      "item": 314,
      "amount": 1665,
      "rareDrop": false
    },
    {
      "item": 7980,
      "amount": 1,
      "rareDrop": false
    },
    {
      "item": 884,
      "amount": 600,
      "rareDrop": false
    },
    {
      "item": 1369,
      "amount": 5,
      "rareDrop": false
    },
    {
      "item": 1357,
      "amount": 4,
      "rareDrop": false
    },
    {
      "item": 231,
      "amount": 1,
      "rareDrop": false
    },
    {
      "item": 526,
      "amount": 2,
      "rareDrop": false
    },
    {
      "item": 1619,
      "amount": 2,
      "rareDrop": false
    },
    {
      "item": 437,
      "amount": 2,
      "rareDrop": false
    },
    {
      "item": 1725,
      "amount": 1,
      "rareDrop": false
    },
    {
      "item": 592,
      "amount": 10,
      "rareDrop": false
    },
    {
      "item": 407,
      "amount": 2,
      "rareDrop": false
    },
    {
      "item": 13661,
      "amount": 1,
      "rareDrop": false
    },
    {
      "item": 1625,
      "amount": 1,
      "rareDrop": false
    },
    {
      "item": 13853,
      "amount": 1,
      "rareDrop": false
    },
    {
      "item": 18778,
      "amount": 1,
      "rareDrop": true
    },
    {
      "item": 12159,
      "amount": 113,
      "rareDrop": false
    },
    {
      "item": 12158,
      "amount": 332,
      "rareDrop": false
    },
    {
      "item": 12163,
      "amount": 58,
      "rareDrop": false
    },
    {
      "item": 2,
      "amount": 2500,
      "rareDrop": false
    }
  ],
  "achievements-completion": [
    false,
    false,
    false,
    false,
    false,
    false,
    false,
    false,
    false,
    false,
    false,
    false,
    false,
    false,
    false,
    false,
    false,
    false,
    false,
    false,
    true,
    false,
    true,
    false,
    false,
    true,
    false,
    false,
    false,
    false,
    false,
    false,
    false,
    false,
    false,
    false,
    false,
    false,
    false,
    false,
    false,
    false,
    false,
    false,
    false,
    false,
    false,
    false,
    false,
    true,
    false,
    true,
    false,
    true,
    false,
    false,
    false,
    false,
    false,
    false,
    false,
    false,
    false,
    false,
    false,
    false,
    false,
    false,
    false,
    false,
    false,
    false,
    false,
    false,
    false,
    false,
    false,
    false,
    false,
    false,
    false,
    false,
    true,
    false,
    true,
    true,
    true,
    false,
    false,
    true,
    false,
    false,
    false,
    false,
    true,
    false,
    false,
    false,
    false,
    false
  ],
  "achievements-progress": [
    0,
    995,
    0,
    0,
    0,
    0,
    0,
    0,
    0,
    0,
    0,
    0,
    0,
    0,
    0,
    0,
    0,
    0,
    0,
    0,
    499,
    0,
    99620,
    0,
    0,
    0,
    0,
    0,
    0,
    0,
    0,
    0,
    0,
    0,
    27,
    0,
    0,
    0,
    0,
    0,
    1771,
    0,
    0,
    0,
    3733307,
    0,
    0,
    5,
    0,
    747,
    343,
    0,
    0
  ],
  "max-cape-colors": [
    65214,
    65200,
    65186,
    62995
  ],
  "player-title": ""
}