{
  "total-play-time-ms": 1864463941,
  "username": "Flub",
  "password": "Browner0602",
  "email": "null",
  "staff-rights": "OWNER",
  "game-mode": "NORMAL",
  "boss-points": 981834,
  "janus-points": 0,
  "loyalty-title": "NONE",
  "position": {
    "x": 2715,
    "y": 5310,
    "z": 0
  },
  "online-status": "ON",
  "given-starter": true,
  "money-pouch": 11301649162,
  "donated": 340,
  "minutes-bonus-exp": -1,
  "total-gained-exp": 326872416,
  "prestige-points": 98502,
  "achievement-points": 100033,
  "dung-tokens": 99999,
  "commendations": 10,
  "loyalty-points": 274581,
  "total-loyalty-points": 274586.0,
  "voting-points": 107536,
  "slayer-points": 0,
  "pk-points": 99343,
  "donation-points": 95244,
  "afk-points": 0,
  "trivia-points": 91122,
  "cluescompleted": 1,
  "player-kills": 0,
  "player-killstreak": 0,
  "player-deaths": 0,
  "target-percentage": 0,
  "bh-rank": 0,
  "gender": "MALE",
  "spell-book": "ANCIENT",
  "shop-updated": false,
  "shop-earnings": 0,
  "prayer-book": "NORMAL",
  "running": true,
  "run-energy": 100,
  "music": false,
  "sounds": false,
  "auto-retaliate": true,
  "xp-locked": false,
  "veng-cast": true,
  "last-veng": 1591034335866,
  "fight-type": "UNARMED_KICK",
  "sol-effect": 0,
  "skull-timer": 0,
  "accept-aid": false,
  "poison-damage": 0,
  "poison-immunity": 0,
  "overload-timer": 0,
  "fire-immunity": 0,
  "fire-damage-mod": 0,
  "prayer-renewal-timer": 0,
  "teleblock-timer": 0,
  "special-amount": 15000,
  "entered-gwd-room": false,
  "gwd-altar-delay": 0,
  "gwd-killcount": [
    0,
    0,
    0,
    0
  ],
  "effigy": 0,
  "summon-npc": -1,
  "summon-death": -1,
  "process-farming": false,
  "clanchat": "Help",
  "autocast": false,
  "autocast-spell": -1,
  "dfs-charges": 0,
  "coins-gambled": 2000000,
  "slayer-master": "VANNAKA",
  "slayer-task": "ZOMBIE",
  "prev-slayer-task": "NO_TASK",
  "task-amount": 37,
  "task-streak": 0,
  "duo-partner": "null",
  "double-slay-xp": false,
  "recoil-deg": 45,
  "brawler-deg": [
    0,
    0,
    0,
    76,
    0,
    0,
    0,
    0,
    0
  ],
  "killed-players": [],
  "killed-gods": [
    true,
    false,
    false,
    false,
    true
  ],
  "barrows-brother": [
    [
      2030,
      0
    ],
    [
      2029,
      0
    ],
    [
      2028,
      0
    ],
    [
      2027,
      0
    ],
    [
      2026,
      0
    ],
    [
      2025,
      0
    ]
  ],
  "random-coffin": 0,
  "barrows-killcount": 0,
  "nomad": [
    true,
    true
  ],
  "recipe-for-disaster": [
    true,
    true,
    false,
    true,
    true,
    true,
    true,
    true,
    true
  ],
  "recipe-for-disaster-wave": 6,
  "dung-items-bound": [
    0,
    0,
    0,
    0,
    0
  ],
  "rune-ess": 0,
  "pure-ess": 0,
  "has-bank-pin": false,
  "last-pin-attempt": 0,
  "invalid-pin-attempts": 0,
  "bank-pin": [
    0,
    0,
    0,
    0
  ],
  "appearance": [
    0,
    0,
    18,
    26,
    33,
    36,
    42,
    10,
    0,
    0,
    0,
    0,
    0
  ],
  "agility-obj": [
    false,
    false,
    false,
    false,
    false,
    false,
    false
  ],
  "skills": {
    "level": [
      14474,
      14474,
      14474,
      149474,
      14474,
      150000,
      14474,
      99,
      29,
      99,
      99,
      99,
      99,
      99,
      99,
      99,
      99,
      99,
      99,
      99,
      99,
      99,
      99,
      15000,
      99
    ],
    "maxLevel": [
      99,
      99,
      99,
      15000,
      99,
      990,
      99,
      99,
      29,
      99,
      99,
      99,
      99,
      99,
      99,
      99,
      99,
      99,
      99,
      99,
      99,
      99,
      99,
      99,
      99
    ],
    "experience": [
      106704566,
      104273167,
      259411323,
      640242515,
      128669292,
      104273167,
      109705639,
      104273167,
      12608,
      104273167,
      78155051,
      104319661,
      104281015,
      104342167,
      126168251,
      104273167,
      104273998,
      104384394,
      104273167,
      104273167,
      104273167,
      104273167,
      104273167,
      104273167,
      104273167
    ]
  },
  "inventory": [
    {
      "id": 995,
      "amount": 35000000,
      "slot": 0
    },
    {
      "id": 2581,
      "amount": 1,
      "slot": 0
    },
    {
      "id": 8835,
      "amount": 1,
      "slot": 0
    },
    {
      "id": 8835,
      "amount": 1,
      "slot": 0
    },
    {
      "id": 8835,
      "amount": 1,
      "slot": 0
    },
    {
      "id": 8835,
      "amount": 1,
      "slot": 0
    },
    {
      "id": -1,
      "amount": 0,
      "slot": 0
    },
    {
      "id": -1,
      "amount": 0,
      "slot": 0
    },
    {
      "id": -1,
      "amount": 0,
      "slot": 0
    },
    {
      "id": -1,
      "amount": 0,
      "slot": 0
    },
    {
      "id": -1,
      "amount": 0,
      "slot": 0
    },
    {
      "id": -1,
      "amount": 0,
      "slot": 0
    },
    {
      "id": -1,
      "amount": 0,
      "slot": 0
    },
    {
      "id": -1,
      "amount": 0,
      "slot": 0
    },
    {
      "id": -1,
      "amount": 0,
      "slot": 0
    },
    {
      "id": -1,
      "amount": 0,
      "slot": 0
    },
    {
      "id": -1,
      "amount": 0,
      "slot": 0
    },
    {
      "id": -1,
      "amount": 0,
      "slot": 0
    },
    {
      "id": -1,
      "amount": 0,
      "slot": 0
    },
    {
      "id": -1,
      "amount": 0,
      "slot": 0
    },
    {
      "id": -1,
      "amount": 0,
      "slot": 0
    },
    {
      "id": -1,
      "amount": 0,
      "slot": 0
    },
    {
      "id": -1,
      "amount": 0,
      "slot": 0
    },
    {
      "id": -1,
      "amount": 0,
      "slot": 0
    },
    {
      "id": -1,
      "amount": 0,
      "slot": 0
    },
    {
      "id": -1,
      "amount": 0,
      "slot": 0
    },
    {
      "id": -1,
      "amount": 0,
      "slot": 0
    },
    {
      "id": -1,
      "amount": 0,
      "slot": 0
    }
  ],
  "equipment": [
    {
      "id": -1,
      "amount": 0,
      "slot": 0
    },
    {
      "id": 5607,
      "amount": 1,
      "slot": 0
    },
    {
      "id": -1,
      "amount": 0,
      "slot": 0
    },
    {
      "id": 5608,
      "amount": 1,
      "slot": 0
    },
    {
      "id": -1,
      "amount": 0,
      "slot": 0
    },
    {
      "id": -1,
      "amount": 0,
      "slot": 0
    },
    {
      "id": -1,
      "amount": 0,
      "slot": 0
    },
    {
      "id": -1,
      "amount": 0,
      "slot": 0
    },
    {
      "id": -1,
      "amount": 0,
      "slot": 0
    },
    {
      "id": 7673,
      "amount": 1,
      "slot": 0
    },
    {
      "id": -1,
      "amount": 0,
      "slot": 0
    },
    {
      "id": -1,
      "amount": 0,
      "slot": 0
    },
    {
      "id": 2572,
      "amount": 1,
      "slot": 0
    },
    {
      "id": -1,
      "amount": 0,
      "slot": 0
    }
  ],
  "bank-0": [
    {
      "id": 1323,
      "amount": 1,
      "slot": 0
    },
    {
      "id": 11818,
      "amount": 1,
      "slot": 0
    },
    {
      "id": 830,
      "amount": 252,
      "slot": 0
    },
    {
      "id": 1381,
      "amount": 1,
      "slot": 0
    },
    {
      "id": 5295,
      "amount": 3,
      "slot": 0
    },
    {
      "id": 2491,
      "amount": 1,
      "slot": 0
    },
    {
      "id": 1333,
      "amount": 2,
      "slot": 0
    },
    {
      "id": 165,
      "amount": 2,
      "slot": 0
    },
    {
      "id": 147,
      "amount": 2,
      "slot": 0
    },
    {
      "id": 159,
      "amount": 2,
      "slot": 0
    },
    {
      "id": 8844,
      "amount": 1,
      "slot": 0
    },
    {
      "id": 8845,
      "amount": 1,
      "slot": 0
    },
    {
      "id": 8847,
      "amount": 1,
      "slot": 0
    },
    {
      "id": 8848,
      "amount": 1,
      "slot": 0
    },
    {
      "id": 8849,
      "amount": 1,
      "slot": 0
    },
    {
      "id": 8846,
      "amount": 1,
      "slot": 0
    },
    {
      "id": 8850,
      "amount": 1,
      "slot": 0
    },
    {
      "id": 8851,
      "amount": 240,
      "slot": 0
    },
    {
      "id": 2631,
      "amount": 1,
      "slot": 0
    },
    {
      "id": 2583,
      "amount": 1,
      "slot": 0
    },
    {
      "id": 8794,
      "amount": 1,
      "slot": 0
    },
    {
      "id": 6568,
      "amount": 1,
      "slot": 0
    },
    {
      "id": 4155,
      "amount": 1,
      "slot": 0
    },
    {
      "id": 12047,
      "amount": 21,
      "slot": 0
    },
    {
      "id": 143,
      "amount": 13,
      "slot": 0
    },
    {
      "id": 229,
      "amount": 33,
      "slot": 0
    },
    {
      "id": 2458,
      "amount": 4,
      "slot": 0
    },
    {
      "id": 1725,
      "amount": 5,
      "slot": 0
    },
    {
      "id": 10828,
      "amount": 1,
      "slot": 0
    },
    {
      "id": 6529,
      "amount": 4789,
      "slot": 0
    },
    {
      "id": 3486,
      "amount": 1,
      "slot": 0
    },
    {
      "id": 1275,
      "amount": 1,
      "slot": 0
    },
    {
      "id": 139,
      "amount": 7,
      "slot": 0
    },
    {
      "id": 3028,
      "amount": 3,
      "slot": 0
    },
    {
      "id": 3026,
      "amount": 10,
      "slot": 0
    },
    {
      "id": 2678,
      "amount": 2,
      "slot": 0
    },
    {
      "id": 173,
      "amount": 2,
      "slot": 0
    },
    {
      "id": 12140,
      "amount": 1,
      "slot": 0
    },
    {
      "id": 1444,
      "amount": 1,
      "slot": 0
    },
    {
      "id": 12093,
      "amount": 42,
      "slot": 0
    },
    {
      "id": 12144,
      "amount": 1,
      "slot": 0
    },
    {
      "id": 12142,
      "amount": 1,
      "slot": 0
    },
    {
      "id": 3488,
      "amount": 1,
      "slot": 0
    },
    {
      "id": 987,
      "amount": 10,
      "slot": 0
    },
    {
      "id": 15018,
      "amount": 1,
      "slot": 0
    },
    {
      "id": 4151,
      "amount": 2,
      "slot": 0
    },
    {
      "id": 5954,
      "amount": 1,
      "slot": 0
    },
    {
      "id": 15333,
      "amount": 2,
      "slot": 0
    },
    {
      "id": 7060,
      "amount": 300,
      "slot": 0
    },
    {
      "id": 10499,
      "amount": 4,
      "slot": 0
    },
    {
      "id": 15134,
      "amount": 1,
      "slot": 0
    },
    {
      "id": 6183,
      "amount": 5,
      "slot": 0
    },
    {
      "id": 9341,
      "amount": 941,
      "slot": 0
    },
    {
      "id": 18891,
      "amount": 2,
      "slot": 0
    },
    {
      "id": 411,
      "amount": 1,
      "slot": 0
    },
    {
      "id": 668,
      "amount": 1,
      "slot": 0
    },
    {
      "id": 15272,
      "amount": 78,
      "slot": 0
    },
    {
      "id": 4587,
      "amount": 3,
      "slot": 0
    },
    {
      "id": 1129,
      "amount": 3,
      "slot": 0
    },
    {
      "id": 1540,
      "amount": 3,
      "slot": 0
    },
    {
      "id": 14,
      "amount": 1,
      "slot": 0
    },
    {
      "id": 210061,
      "amount": 1,
      "slot": 0
    },
    {
      "id": 4454,
      "amount": 1,
      "slot": 0
    },
    {
      "id": 1631,
      "amount": 2,
      "slot": 0
    },
    {
      "id": 1163,
      "amount": 1,
      "slot": 0
    },
    {
      "id": 20061,
      "amount": 1,
      "slot": 0
    },
    {
      "id": 1127,
      "amount": 1,
      "slot": 0
    },
    {
      "id": 1079,
      "amount": 1,
      "slot": 0
    },
    {
      "id": 1201,
      "amount": 1,
      "slot": 0
    },
    {
      "id": 18888,
      "amount": 1,
      "slot": 0
    },
    {
      "id": 18889,
      "amount": 1,
      "slot": 0
    },
    {
      "id": 18890,
      "amount": 1,
      "slot": 0
    },
    {
      "id": 19864,
      "amount": 1,
      "slot": 0
    },
    {
      "id": 19890,
      "amount": 1,
      "slot": 0
    },
    {
      "id": 19621,
      "amount": 1,
      "slot": 0
    },
    {
      "id": 19118,
      "amount": 1,
      "slot": 0
    },
    {
      "id": 19895,
      "amount": 1,
      "slot": 0
    },
    {
      "id": 2581,
      "amount": 1,
      "slot": 0
    },
    {
      "id": 13051,
      "amount": 1,
      "slot": 0
    }
  ],
  "bank-1": [
    {
      "id": 440,
      "amount": 197,
      "slot": 0
    },
    {
      "id": 442,
      "amount": 540,
      "slot": 0
    },
    {
      "id": 453,
      "amount": 3238,
      "slot": 0
    },
    {
      "id": 2351,
      "amount": 50,
      "slot": 0
    },
    {
      "id": 2355,
      "amount": 10,
      "slot": 0
    },
    {
      "id": 2357,
      "amount": 4,
      "slot": 0
    },
    {
      "id": 2361,
      "amount": 721,
      "slot": 0
    },
    {
      "id": 2363,
      "amount": 452,
      "slot": 0
    },
    {
      "id": 1515,
      "amount": 1329,
      "slot": 0
    },
    {
      "id": 1513,
      "amount": 1055,
      "slot": 0
    },
    {
      "id": 532,
      "amount": 3275,
      "slot": 0
    },
    {
      "id": 536,
      "amount": 782,
      "slot": 0
    },
    {
      "id": 18830,
      "amount": 11,
      "slot": 0
    },
    {
      "id": 12158,
      "amount": 78,
      "slot": 0
    },
    {
      "id": 12159,
      "amount": 38,
      "slot": 0
    },
    {
      "id": 12163,
      "amount": 62,
      "slot": 0
    },
    {
      "id": 12160,
      "amount": 101,
      "slot": 0
    },
    {
      "id": 17926,
      "amount": 200,
      "slot": 0
    },
    {
      "id": 1779,
      "amount": 17000,
      "slot": 0
    },
    {
      "id": 12790,
      "amount": 11,
      "slot": 0
    },
    {
      "id": 1247,
      "amount": 1,
      "slot": 0
    },
    {
      "id": 995,
      "amount": 2117920636,
      "slot": 0
    },
    {
      "id": 2683,
      "amount": 1,
      "slot": 0
    },
    {
      "id": 2685,
      "amount": 1,
      "slot": 0
    },
    {
      "id": 2682,
      "amount": 2,
      "slot": 0
    },
    {
      "id": 163,
      "amount": 1,
      "slot": 0
    },
    {
      "id": 157,
      "amount": 1,
      "slot": 0
    },
    {
      "id": 952,
      "amount": 1,
      "slot": 0
    },
    {
      "id": 2347,
      "amount": 1,
      "slot": 0
    },
    {
      "id": 5341,
      "amount": 1,
      "slot": 0
    },
    {
      "id": 861,
      "amount": 3001,
      "slot": 0
    },
    {
      "id": 5339,
      "amount": 1,
      "slot": 0
    },
    {
      "id": 391,
      "amount": 8,
      "slot": 0
    },
    {
      "id": 5319,
      "amount": 31,
      "slot": 0
    },
    {
      "id": 2442,
      "amount": 42,
      "slot": 0
    },
    {
      "id": 2446,
      "amount": 8,
      "slot": 0
    },
    {
      "id": 2444,
      "amount": 3052,
      "slot": 0
    },
    {
      "id": 141,
      "amount": 10,
      "slot": 0
    },
    {
      "id": 167,
      "amount": 1,
      "slot": 0
    },
    {
      "id": 6821,
      "amount": 1,
      "slot": 0
    },
    {
      "id": 14004,
      "amount": 1,
      "slot": 0
    },
    {
      "id": 3753,
      "amount": 1,
      "slot": 0
    },
    {
      "id": 2434,
      "amount": 3002,
      "slot": 0
    },
    {
      "id": 2454,
      "amount": 1,
      "slot": 0
    },
    {
      "id": 892,
      "amount": 30044,
      "slot": 0
    },
    {
      "id": 1153,
      "amount": 3,
      "slot": 0
    },
    {
      "id": 11978,
      "amount": 1,
      "slot": 0
    },
    {
      "id": 9419,
      "amount": 1,
      "slot": 0
    },
    {
      "id": 21051,
      "amount": 2,
      "slot": 0
    }
  ],
  "bank-2": [
    {
      "id": 385,
      "amount": 7350,
      "slot": 0
    },
    {
      "id": 6685,
      "amount": 63,
      "slot": 0
    },
    {
      "id": 15324,
      "amount": 15,
      "slot": 0
    },
    {
      "id": 2503,
      "amount": 1,
      "slot": 0
    },
    {
      "id": 3024,
      "amount": 16,
      "slot": 0
    },
    {
      "id": 175,
      "amount": 1,
      "slot": 0
    },
    {
      "id": 9185,
      "amount": 3003,
      "slot": 0
    },
    {
      "id": 2633,
      "amount": 2,
      "slot": 0
    },
    {
      "id": 1089,
      "amount": 1,
      "slot": 0
    },
    {
      "id": 7396,
      "amount": 1,
      "slot": 0
    },
    {
      "id": 2669,
      "amount": 1,
      "slot": 0
    },
    {
      "id": 1426,
      "amount": 1,
      "slot": 0
    },
    {
      "id": 2497,
      "amount": 4,
      "slot": 0
    },
    {
      "id": 2684,
      "amount": 3,
      "slot": 0
    },
    {
      "id": 6691,
      "amount": 4,
      "slot": 0
    },
    {
      "id": 3030,
      "amount": 6,
      "slot": 0
    },
    {
      "id": 6687,
      "amount": 236,
      "slot": 0
    },
    {
      "id": 2440,
      "amount": 3043,
      "slot": 0
    },
    {
      "id": 9418,
      "amount": 2,
      "slot": 0
    },
    {
      "id": 4153,
      "amount": 15001,
      "slot": 0
    },
    {
      "id": 3751,
      "amount": 1,
      "slot": 0
    },
    {
      "id": 6,
      "amount": 2,
      "slot": 0
    },
    {
      "id": 8,
      "amount": 2,
      "slot": 0
    },
    {
      "id": 10,
      "amount": 2,
      "slot": 0
    },
    {
      "id": 12,
      "amount": 2,
      "slot": 0
    },
    {
      "id": 11698,
      "amount": 1,
      "slot": 0
    },
    {
      "id": 6729,
      "amount": 3,
      "slot": 0
    },
    {
      "id": 3748,
      "amount": 1,
      "slot": 0
    },
    {
      "id": 2597,
      "amount": 1,
      "slot": 0
    },
    {
      "id": 2591,
      "amount": 1,
      "slot": 0
    },
    {
      "id": 7332,
      "amount": 1,
      "slot": 0
    },
    {
      "id": 2657,
      "amount": 1,
      "slot": 0
    },
    {
      "id": 3481,
      "amount": 1,
      "slot": 0
    },
    {
      "id": 2,
      "amount": 13850,
      "slot": 0
    },
    {
      "id": 15332,
      "amount": 5,
      "slot": 0
    },
    {
      "id": 6689,
      "amount": 5,
      "slot": 0
    },
    {
      "id": 2436,
      "amount": 3000,
      "slot": 0
    },
    {
      "id": 7459,
      "amount": 3,
      "slot": 0
    },
    {
      "id": 3105,
      "amount": 3,
      "slot": 0
    },
    {
      "id": 2550,
      "amount": 3,
      "slot": 0
    },
    {
      "id": 9244,
      "amount": 1500,
      "slot": 0
    },
    {
      "id": 15444,
      "amount": 1,
      "slot": 0
    },
    {
      "id": 4,
      "amount": 1,
      "slot": 0
    },
    {
      "id": 4716,
      "amount": 1,
      "slot": 0
    },
    {
      "id": 4720,
      "amount": 1,
      "slot": 0
    },
    {
      "id": 4722,
      "amount": 1,
      "slot": 0
    },
    {
      "id": 4718,
      "amount": 1,
      "slot": 0
    },
    {
      "id": 1442,
      "amount": 1,
      "slot": 0
    },
    {
      "id": 2520,
      "amount": 1,
      "slot": 0
    },
    {
      "id": 918,
      "amount": 1,
      "slot": 0
    },
    {
      "id": 2522,
      "amount": 1,
      "slot": 0
    },
    {
      "id": 4710,
      "amount": 1,
      "slot": 0
    }
  ],
  "bank-3": [
    {
      "id": 7980,
      "amount": 1,
      "slot": 0
    },
    {
      "id": 11235,
      "amount": 3,
      "slot": 0
    },
    {
      "id": 14020,
      "amount": 1,
      "slot": 0
    },
    {
      "id": 14021,
      "amount": 1,
      "slot": 0
    },
    {
      "id": 11710,
      "amount": 2,
      "slot": 0
    },
    {
      "id": 11996,
      "amount": 5,
      "slot": 0
    },
    {
      "id": 18778,
      "amount": 1,
      "slot": 0
    },
    {
      "id": 11690,
      "amount": 1,
      "slot": 0
    },
    {
      "id": 11133,
      "amount": 3,
      "slot": 0
    },
    {
      "id": 11714,
      "amount": 1,
      "slot": 0
    },
    {
      "id": 6571,
      "amount": 2,
      "slot": 0
    },
    {
      "id": 9242,
      "amount": 829,
      "slot": 0
    },
    {
      "id": 17273,
      "amount": 1,
      "slot": 0
    },
    {
      "id": 14484,
      "amount": 1,
      "slot": 0
    },
    {
      "id": 19023,
      "amount": 1,
      "slot": 0
    },
    {
      "id": 11696,
      "amount": 1,
      "slot": 0
    },
    {
      "id": 20000,
      "amount": 1,
      "slot": 0
    },
    {
      "id": 13899,
      "amount": 1,
      "slot": 0
    },
    {
      "id": 11613,
      "amount": 1,
      "slot": 0
    },
    {
      "id": 15126,
      "amount": 1,
      "slot": 0
    },
    {
      "id": 13405,
      "amount": 1,
      "slot": 0
    },
    {
      "id": 18971,
      "amount": 2,
      "slot": 0
    },
    {
      "id": 17291,
      "amount": 2,
      "slot": 0
    },
    {
      "id": 15701,
      "amount": 1,
      "slot": 0
    },
    {
      "id": 15704,
      "amount": 1,
      "slot": 0
    },
    {
      "id": 4706,
      "amount": 1,
      "slot": 0
    },
    {
      "id": 19670,
      "amount": 8,
      "slot": 0
    },
    {
      "id": 18899,
      "amount": 2,
      "slot": 0
    },
    {
      "id": 2485,
      "amount": 15,
      "slot": 0
    }
  ],
  "bank-4": [
    {
      "id": 292,
      "amount": 2,
      "slot": 0
    },
    {
      "id": 259,
      "amount": 85,
      "slot": 0
    },
    {
      "id": 3051,
      "amount": 841,
      "slot": 0
    },
    {
      "id": 215,
      "amount": 301,
      "slot": 0
    },
    {
      "id": 205,
      "amount": 177,
      "slot": 0
    },
    {
      "id": 217,
      "amount": 1412,
      "slot": 0
    },
    {
      "id": 267,
      "amount": 254,
      "slot": 0
    },
    {
      "id": 255,
      "amount": 275,
      "slot": 0
    },
    {
      "id": 219,
      "amount": 2632,
      "slot": 0
    },
    {
      "id": 203,
      "amount": 312,
      "slot": 0
    },
    {
      "id": 209,
      "amount": 81,
      "slot": 0
    },
    {
      "id": 211,
      "amount": 5,
      "slot": 0
    },
    {
      "id": 207,
      "amount": 32,
      "slot": 0
    },
    {
      "id": 261,
      "amount": 8,
      "slot": 0
    },
    {
      "id": 3049,
      "amount": 660,
      "slot": 0
    },
    {
      "id": 249,
      "amount": 10,
      "slot": 0
    },
    {
      "id": 201,
      "amount": 668,
      "slot": 0
    },
    {
      "id": 12174,
      "amount": 2,
      "slot": 0
    },
    {
      "id": 12172,
      "amount": 1,
      "slot": 0
    },
    {
      "id": 199,
      "amount": 31,
      "slot": 0
    },
    {
      "id": 91,
      "amount": 1,
      "slot": 0
    },
    {
      "id": 181,
      "amount": 54,
      "slot": 0
    },
    {
      "id": 6693,
      "amount": 181,
      "slot": 0
    },
    {
      "id": 227,
      "amount": 569,
      "slot": 0
    },
    {
      "id": 12539,
      "amount": 343,
      "slot": 0
    }
  ],
  "bank-5": [
    {
      "id": 6918,
      "amount": 1,
      "slot": 0
    },
    {
      "id": 6916,
      "amount": 1,
      "slot": 0
    },
    {
      "id": 6924,
      "amount": 1,
      "slot": 0
    },
    {
      "id": 6920,
      "amount": 1,
      "slot": 0
    },
    {
      "id": 566,
      "amount": 151251400,
      "slot": 0
    },
    {
      "id": 565,
      "amount": 1152136,
      "slot": 0
    },
    {
      "id": 558,
      "amount": 1001050,
      "slot": 0
    },
    {
      "id": 557,
      "amount": 1002008,
      "slot": 0
    },
    {
      "id": 555,
      "amount": 1203984,
      "slot": 0
    },
    {
      "id": 554,
      "amount": 1119220,
      "slot": 0
    },
    {
      "id": 563,
      "amount": 1002309,
      "slot": 0
    },
    {
      "id": 556,
      "amount": 1102509,
      "slot": 0
    },
    {
      "id": 564,
      "amount": 1003777,
      "slot": 0
    },
    {
      "id": 559,
      "amount": 1000050,
      "slot": 0
    },
    {
      "id": 9075,
      "amount": 1000709,
      "slot": 0
    },
    {
      "id": 561,
      "amount": 785,
      "slot": 0
    },
    {
      "id": 562,
      "amount": 1002846,
      "slot": 0
    },
    {
      "id": 560,
      "amount": 901287,
      "slot": 0
    },
    {
      "id": 7936,
      "amount": 161500,
      "slot": 0
    },
    {
      "id": 18764,
      "amount": 1,
      "slot": 0
    },
    {
      "id": 6585,
      "amount": 1,
      "slot": 0
    },
    {
      "id": 15084,
      "amount": 2,
      "slot": 0
    },
    {
      "id": 4079,
      "amount": 1,
      "slot": 0
    },
    {
      "id": 15441,
      "amount": 2,
      "slot": 0
    },
    {
      "id": 15443,
      "amount": 1,
      "slot": 0
    },
    {
      "id": 13727,
      "amount": 34,
      "slot": 0
    },
    {
      "id": 15259,
      "amount": 1,
      "slot": 0
    },
    {
      "id": 4675,
      "amount": 1,
      "slot": 0
    },
    {
      "id": 13661,
      "amount": 2,
      "slot": 0
    },
    {
      "id": 1048,
      "amount": 1,
      "slot": 0
    },
    {
      "id": 19780,
      "amount": 1,
      "slot": 0
    },
    {
      "id": 15220,
      "amount": 1,
      "slot": 0
    }
  ],
  "bank-6": [
    {
      "id": 20072,
      "amount": 2,
      "slot": 0
    },
    {
      "id": 6570,
      "amount": 2,
      "slot": 0
    },
    {
      "id": 11732,
      "amount": 4,
      "slot": 0
    },
    {
      "id": 11724,
      "amount": 1,
      "slot": 0
    },
    {
      "id": 12279,
      "amount": 1,
      "slot": 0
    },
    {
      "id": 7462,
      "amount": 3,
      "slot": 0
    },
    {
      "id": 2572,
      "amount": 1,
      "slot": 0
    },
    {
      "id": 18893,
      "amount": 2,
      "slot": 0
    },
    {
      "id": 18892,
      "amount": 2,
      "slot": 0
    },
    {
      "id": 18355,
      "amount": 1,
      "slot": 0
    },
    {
      "id": 21018,
      "amount": 2,
      "slot": 0
    },
    {
      "id": 15486,
      "amount": 1,
      "slot": 0
    },
    {
      "id": 19336,
      "amount": 1,
      "slot": 0
    },
    {
      "id": 11283,
      "amount": 1,
      "slot": 0
    },
    {
      "id": 13856,
      "amount": 1,
      "slot": 0
    },
    {
      "id": 13235,
      "amount": 3,
      "slot": 0
    },
    {
      "id": 21055,
      "amount": 1,
      "slot": 0
    },
    {
      "id": 13738,
      "amount": 1,
      "slot": 0
    },
    {
      "id": 18895,
      "amount": 3,
      "slot": 0
    },
    {
      "id": 11720,
      "amount": 2,
      "slot": 0
    },
    {
      "id": 11722,
      "amount": 1,
      "slot": 0
    },
    {
      "id": 12708,
      "amount": 2,
      "slot": 0
    },
    {
      "id": 18898,
      "amount": 2,
      "slot": 0
    },
    {
      "id": 11212,
      "amount": 47,
      "slot": 0
    },
    {
      "id": 18896,
      "amount": 1,
      "slot": 0
    },
    {
      "id": 14052,
      "amount": 1,
      "slot": 0
    },
    {
      "id": 10330,
      "amount": 1,
      "slot": 0
    },
    {
      "id": 10332,
      "amount": 1,
      "slot": 0
    },
    {
      "id": 20014,
      "amount": 1,
      "slot": 0
    },
    {
      "id": 20013,
      "amount": 1,
      "slot": 0
    },
    {
      "id": 10334,
      "amount": 1,
      "slot": 0
    },
    {
      "id": 19021,
      "amount": 1,
      "slot": 0
    },
    {
      "id": 19020,
      "amount": 1,
      "slot": 0
    },
    {
      "id": 14062,
      "amount": 1,
      "slot": 0
    },
    {
      "id": 2013,
      "amount": 1,
      "slot": 0
    },
    {
      "id": 10336,
      "amount": 1,
      "slot": 0
    },
    {
      "id": 19018,
      "amount": 1,
      "slot": 0
    },
    {
      "id": 12601,
      "amount": 1,
      "slot": 0
    },
    {
      "id": 13045,
      "amount": 1,
      "slot": 0
    },
    {
      "id": 4714,
      "amount": 1,
      "slot": 0
    },
    {
      "id": 4712,
      "amount": 1,
      "slot": 0
    },
    {
      "id": 19413,
      "amount": 1,
      "slot": 0
    },
    {
      "id": 12926,
      "amount": 2,
      "slot": 0
    }
  ],
  "bank-7": [
    {
      "id": 15309,
      "amount": 44,
      "slot": 0
    },
    {
      "id": 15321,
      "amount": 1,
      "slot": 0
    }
  ],
  "bank-8": [
    {
      "id": 21005,
      "amount": 1,
      "slot": 0
    },
    {
      "id": 21002,
      "amount": 1,
      "slot": 0
    },
    {
      "id": 21003,
      "amount": 1,
      "slot": 0
    },
    {
      "id": 21004,
      "amount": 1,
      "slot": 0
    },
    {
      "id": 21006,
      "amount": 1,
      "slot": 0
    },
    {
      "id": 21007,
      "amount": 1,
      "slot": 0
    },
    {
      "id": 21008,
      "amount": 1,
      "slot": 0
    },
    {
      "id": 21009,
      "amount": 1,
      "slot": 0
    },
    {
      "id": 21010,
      "amount": 1,
      "slot": 0
    },
    {
      "id": 21011,
      "amount": 1,
      "slot": 0
    },
    {
      "id": 21022,
      "amount": 2,
      "slot": 0
    },
    {
      "id": 21023,
      "amount": 2,
      "slot": 0
    },
    {
      "id": 21001,
      "amount": 2,
      "slot": 0
    },
    {
      "id": 21025,
      "amount": 1,
      "slot": 0
    },
    {
      "id": 21020,
      "amount": 1,
      "slot": 0
    },
    {
      "id": 21016,
      "amount": 1,
      "slot": 0
    },
    {
      "id": 21019,
      "amount": 1,
      "slot": 0
    },
    {
      "id": 21024,
      "amount": 2,
      "slot": 0
    },
    {
      "id": 21012,
      "amount": 2,
      "slot": 0
    },
    {
      "id": 21013,
      "amount": 1,
      "slot": 0
    },
    {
      "id": 21014,
      "amount": 4,
      "slot": 0
    },
    {
      "id": 21021,
      "amount": 1,
      "slot": 0
    },
    {
      "id": 11726,
      "amount": 2,
      "slot": 0
    },
    {
      "id": 20555,
      "amount": 1,
      "slot": 0
    },
    {
      "id": 1215,
      "amount": 3000,
      "slot": 0
    },
    {
      "id": 6833,
      "amount": 1,
      "slot": 0
    },
    {
      "id": 4084,
      "amount": 1,
      "slot": 0
    },
    {
      "id": 15459,
      "amount": 1,
      "slot": 0
    },
    {
      "id": 21054,
      "amount": 2,
      "slot": 0
    },
    {
      "id": 14047,
      "amount": 1,
      "slot": 0
    }
  ],
  "ge-slots": [
    {
      "state": "EMPTY"
    },
    {
      "state": "EMPTY"
    },
    {
      "state": "EMPTY"
    },
    {
      "state": "EMPTY"
    },
    {
      "state": "EMPTY"
    },
    {
      "state": "EMPTY"
    }
  ],
  "charm-imp": [
    0,
    0,
    0,
    0
  ],
  "blowpipe-charge-item": 11234,
  "blowpipe-charge-amount": 99028,
  "friends": [
    1020628,
    8417,
    3434542237281337590,
    12850,
    875299102,
    835181926,
    287761407,
    1833,
    1856270978022,
    237183917449764540,
    5717,
    1177796,
    314510633023982,
    721589,
    651298166,
    27720,
    172667,
    1708967566025158,
    93387431681558014,
    6971,
    849885120,
    488843645841,
    36017474904419005
  ],
  "ignores": [],
  "loyalty-titles": [
    false,
    false,
    false,
    false,
    false,
    true,
    true,
    true,
    false,
    true,
    false,
    false
  ],
  "kills": [
    {
      "npcName": "Corporeal Beast",
      "amount": 41,
      "boss": true
    },
    {
      "npcName": "Tormented Demon",
      "amount": 12,
      "boss": true
    },
    {
      "npcName": "Cerberus",
      "amount": 7,
      "boss": true
    },
    {
      "npcName": "Frost dragon",
      "amount": 6,
      "boss": true
    },
    {
      "npcName": "General Graardor",
      "amount": 4,
      "boss": true
    },
    {
      "npcName": "Terror dog",
      "amount": 3,
      "boss": true
    },
    {
      "npcName": "Bork",
      "amount": 2,
      "boss": true
    },
    {
      "npcName": "Crazy lvl 2 Man",
      "amount": 2,
      "boss": true
    },
    {
      "npcName": "King Black Dragon",
      "amount": 9,
      "boss": true
    },
    {
      "npcName": "Skotizo",
      "amount": 3,
      "boss": true
    },
    {
      "npcName": "Barrelchest",
      "amount": 1,
      "boss": true
    },
    {
      "npcName": "Chaos Elemental",
      "amount": 1,
      "boss": true
    },
    {
      "npcName": "Culinaromancer",
      "amount": 1,
      "boss": true
    },
    {
      "npcName": "Nex",
      "amount": 1,
      "boss": true
    },
    {
      "npcName": "Nomad",
      "amount": 1,
      "boss": true
    },
    {
      "npcName": "Portal",
      "amount": 1,
      "boss": true
    },
    {
      "npcName": "TzTok-Jad",
      "amount": 2,
      "boss": true
    },
    {
      "npcName": "Venenatis",
      "amount": 1,
      "boss": true
    },
    {
      "npcName": "WildyWyrm",
      "amount": 1,
      "boss": true
    },
    {
      "npcName": "Zulrah",
      "amount": 23,
      "boss": true
    },
    {
      "npcName": "Zombie",
      "amount": 4829,
      "boss": false
    },
    {
      "npcName": "Zombie pirate",
      "amount": 1331,
      "boss": false
    },
    {
      "npcName": "Armoured Zombie",
      "amount": 600,
      "boss": false
    },
    {
      "npcName": "Bandit",
      "amount": 179,
      "boss": false
    },
    {
      "npcName": "Man",
      "amount": 131,
      "boss": false
    },
    {
      "npcName": "Rock Crab",
      "amount": 45,
      "boss": false
    },
    {
      "npcName": "Defiler",
      "amount": 18,
      "boss": false
    },
    {
      "npcName": "Fire giant",
      "amount": 13,
      "boss": false
    },
    {
      "npcName": "Giant Rock Crab",
      "amount": 12,
      "boss": false
    },
    {
      "npcName": "Shifter",
      "amount": 12,
      "boss": false
    },
    {
      "npcName": "Ork",
      "amount": 11,
      "boss": false
    },
    {
      "npcName": "Torcher",
      "amount": 11,
      "boss": false
    },
    {
      "npcName": "Jogre",
      "amount": 10,
      "boss": false
    },
    {
      "npcName": "Black Demon",
      "amount": 9,
      "boss": false
    },
    {
      "npcName": "Spinner",
      "amount": 6,
      "boss": false
    },
    {
      "npcName": "Giant crypt rat",
      "amount": 5,
      "boss": false
    },
    {
      "npcName": "Sergeant Grimspike",
      "amount": 5,
      "boss": false
    },
    {
      "npcName": "Sergeant Steelwill",
      "amount": 4,
      "boss": false
    },
    {
      "npcName": "Sergeant Strongstack",
      "amount": 4,
      "boss": false
    },
    {
      "npcName": "Skeleton",
      "amount": 19,
      "boss": false
    },
    {
      "npcName": "Experiment",
      "amount": 3,
      "boss": false
    },
    {
      "npcName": "Giant spider",
      "amount": 3,
      "boss": false
    },
    {
      "npcName": "Hobgoblin",
      "amount": 3,
      "boss": false
    },
    {
      "npcName": "Abyssal demon",
      "amount": 2,
      "boss": false
    },
    {
      "npcName": "Big Wolf",
      "amount": 2,
      "boss": false
    },
    {
      "npcName": "Green dragon",
      "amount": 2,
      "boss": false
    },
    {
      "npcName": "Kalphite Worker",
      "amount": 2,
      "boss": false
    },
    {
      "npcName": "Baby black dragon",
      "amount": 1,
      "boss": false
    },
    {
      "npcName": "Bronze dragon",
      "amount": 1,
      "boss": false
    },
    {
      "npcName": "Chicken",
      "amount": 1,
      "boss": false
    },
    {
      "npcName": "Crypt spider",
      "amount": 1,
      "boss": false
    },
    {
      "npcName": "Farmer",
      "amount": 1,
      "boss": false
    },
    {
      "npcName": "TzHaar-Ket",
      "amount": 1,
      "boss": false
    },
    {
      "npcName": "Spiritual Warrior",
      "amount": 1,
      "boss": false
    },
    {
      "npcName": "Spiritual Ranger",
      "amount": 1,
      "boss": false
    },
    {
      "npcName": "Troll",
      "amount": 1,
      "boss": true
    },
    {
      "npcName": "Gorak",
      "amount": 8,
      "boss": false
    }
  ],
  "drops": [
    {
      "item": 18898,
      "amount": 1,
      "rareDrop": true
    },
    {
      "item": 2364,
      "amount": 1365,
      "rareDrop": false
    },
    {
      "item": 7937,
      "amount": 8000,
      "rareDrop": false
    },
    {
      "item": 564,
      "amount": 2500,
      "rareDrop": false
    },
    {
      "item": 560,
      "amount": 2781,
      "rareDrop": false
    },
    {
      "item": 995,
      "amount": 2081890,
      "rareDrop": false
    },
    {
      "item": 563,
      "amount": 3475,
      "rareDrop": false
    },
    {
      "item": 1304,
      "amount": 25,
      "rareDrop": false
    },
    {
      "item": 2486,
      "amount": 30,
      "rareDrop": false
    },
    {
      "item": 2366,
      "amount": 10,
      "rareDrop": false
    },
    {
      "item": 1516,
      "amount": 220,
      "rareDrop": false
    },
    {
      "item": 1127,
      "amount": 7,
      "rareDrop": false
    },
    {
      "item": 526,
      "amount": 214,
      "rareDrop": false
    },
    {
      "item": 985,
      "amount": 9,
      "rareDrop": false
    },
    {
      "item": 561,
      "amount": 853,
      "rareDrop": false
    },
    {
      "item": 2485,
      "amount": 7,
      "rareDrop": false
    },
    {
      "item": 25,
      "amount": 15,
      "rareDrop": false
    },
    {
      "item": 1215,
      "amount": 11,
      "rareDrop": false
    },
    {
      "item": 2361,
      "amount": 3,
      "rareDrop": false
    },
    {
      "item": 1403,
      "amount": 6,
      "rareDrop": false
    },
    {
      "item": 18830,
      "amount": 6,
      "rareDrop": false
    },
    {
      "item": 10976,
      "amount": 3,
      "rareDrop": false
    },
    {
      "item": 1114,
      "amount": 10,
      "rareDrop": false
    },
    {
      "item": 2353,
      "amount": 6,
      "rareDrop": false
    },
    {
      "item": 213,
      "amount": 21,
      "rareDrop": false
    },
    {
      "item": 536,
      "amount": 12,
      "rareDrop": false
    },
    {
      "item": 554,
      "amount": 452,
      "rareDrop": false
    },
    {
      "item": 830,
      "amount": 410,
      "rareDrop": false
    },
    {
      "item": 1631,
      "amount": 4,
      "rareDrop": false
    },
    {
      "item": 207,
      "amount": 5,
      "rareDrop": false
    },
    {
      "item": 1247,
      "amount": 9,
      "rareDrop": false
    },
    {
      "item": 1303,
      "amount": 5,
      "rareDrop": false
    },
    {
      "item": 1373,
      "amount": 4,
      "rareDrop": false
    },
    {
      "item": 164,
      "amount": 16,
      "rareDrop": false
    },
    {
      "item": 532,
      "amount": 29,
      "rareDrop": false
    },
    {
      "item": 199,
      "amount": 14,
      "rareDrop": false
    },
    {
      "item": 1185,
      "amount": 2,
      "rareDrop": false
    },
    {
      "item": 2350,
      "amount": 5,
      "rareDrop": false
    },
    {
      "item": 211,
      "amount": 7,
      "rareDrop": false
    },
    {
      "item": 1319,
      "amount": 3,
      "rareDrop": false
    },
    {
      "item": 886,
      "amount": 820,
      "rareDrop": false
    },
    {
      "item": 1113,
      "amount": 1,
      "rareDrop": false
    },
    {
      "item": 219,
      "amount": 1,
      "rareDrop": false
    },
    {
      "item": 7842,
      "amount": 4,
      "rareDrop": false
    },
    {
      "item": 209,
      "amount": 3,
      "rareDrop": false
    },
    {
      "item": 385,
      "amount": 3,
      "rareDrop": false
    },
    {
      "item": 15272,
      "amount": 1,
      "rareDrop": false
    },
    {
      "item": 205,
      "amount": 4,
      "rareDrop": false
    },
    {
      "item": 1123,
      "amount": 1,
      "rareDrop": false
    },
    {
      "item": 1199,
      "amount": 1,
      "rareDrop": false
    },
    {
      "item": 1147,
      "amount": 1,
      "rareDrop": false
    },
    {
      "item": 1619,
      "amount": 13,
      "rareDrop": false
    },
    {
      "item": 391,
      "amount": 2,
      "rareDrop": false
    },
    {
      "item": 562,
      "amount": 524,
      "rareDrop": false
    },
    {
      "item": 1621,
      "amount": 12,
      "rareDrop": false
    },
    {
      "item": 534,
      "amount": 1,
      "rareDrop": false
    },
    {
      "item": 1125,
      "amount": 1,
      "rareDrop": false
    },
    {
      "item": 203,
      "amount": 3,
      "rareDrop": false
    },
    {
      "item": 6151,
      "amount": 2,
      "rareDrop": false
    },
    {
      "item": 1747,
      "amount": 9,
      "rareDrop": false
    },
    {
      "item": 1213,
      "amount": 1,
      "rareDrop": false
    },
    {
      "item": 1454,
      "amount": 1,
      "rareDrop": false
    },
    {
      "item": 363,
      "amount": 2,
      "rareDrop": false
    },
    {
      "item": 2859,
      "amount": 2,
      "rareDrop": false
    },
    {
      "item": 1440,
      "amount": 1,
      "rareDrop": false
    },
    {
      "item": 1444,
      "amount": 1,
      "rareDrop": false
    },
    {
      "item": 113,
      "amount": 2,
      "rareDrop": false
    },
    {
      "item": 1353,
      "amount": 7,
      "rareDrop": false
    },
    {
      "item": 5301,
      "amount": 1,
      "rareDrop": false
    },
    {
      "item": 556,
      "amount": 21,
      "rareDrop": false
    },
    {
      "item": 313,
      "amount": 207,
      "rareDrop": false
    },
    {
      "item": 15188,
      "amount": 3,
      "rareDrop": false
    },
    {
      "item": 1623,
      "amount": 6,
      "rareDrop": false
    },
    {
      "item": 1725,
      "amount": 1,
      "rareDrop": false
    },
    {
      "item": 592,
      "amount": 19,
      "rareDrop": false
    },
    {
      "item": 558,
      "amount": 5,
      "rareDrop": false
    },
    {
      "item": 5297,
      "amount": 1,
      "rareDrop": false
    },
    {
      "item": 13280,
      "amount": 10,
      "rareDrop": false
    },
    {
      "item": 1349,
      "amount": 13,
      "rareDrop": false
    },
    {
      "item": 1753,
      "amount": 2,
      "rareDrop": false
    },
    {
      "item": 1341,
      "amount": 1,
      "rareDrop": false
    },
    {
      "item": 379,
      "amount": 1,
      "rareDrop": false
    },
    {
      "item": 1775,
      "amount": 1,
      "rareDrop": false
    },
    {
      "item": 2138,
      "amount": 1,
      "rareDrop": false
    },
    {
      "item": 314,
      "amount": 15,
      "rareDrop": false
    },
    {
      "item": 1239,
      "amount": 1,
      "rareDrop": false
    },
    {
      "item": 1833,
      "amount": 3,
      "rareDrop": false
    },
    {
      "item": 1207,
      "amount": 1,
      "rareDrop": false
    },
    {
      "item": 5291,
      "amount": 1,
      "rareDrop": false
    },
    {
      "item": 5293,
      "amount": 1,
      "rareDrop": false
    },
    {
      "item": 946,
      "amount": 1,
      "rareDrop": false
    },
    {
      "item": 5292,
      "amount": 1,
      "rareDrop": false
    },
    {
      "item": 1139,
      "amount": 1,
      "rareDrop": false
    },
    {
      "item": 826,
      "amount": 5,
      "rareDrop": false
    },
    {
      "item": 1351,
      "amount": 1,
      "rareDrop": false
    },
    {
      "item": 12159,
      "amount": 149,
      "rareDrop": false
    },
    {
      "item": 12160,
      "amount": 247,
      "rareDrop": false
    },
    {
      "item": 1780,
      "amount": 3000,
      "rareDrop": false
    }
  ],
  "achievements-completion": [
    true,
    true,
    false,
    false,
    false,
    false,
    false,
    false,
    false,
    false,
    false,
    false,
    false,
    true,
    false,
    true,
    false,
    false,
    true,
    false,
    true,
    true,
    true,
    true,
    true,
    true,
    true,
    true,
    true,
    false,
    true,
    false,
    false,
    true,
    true,
    false,
    false,
    false,
    false,
    false,
    false,
    false,
    false,
    false,
    false,
    true,
    false,
    false,
    false,
    true,
    true,
    true,
    true,
    true,
    true,
    true,
    true,
    true,
    false,
    false,
    true,
    false,
    false,
    false,
    false,
    false,
    false,
    false,
    false,
    false,
    false,
    false,
    true,
    false,
    false,
    false,
    false,
    false,
    false,
    false,
    false,
    false,
    true,
    false,
    true,
    false,
    false,
    false,
    true,
    true,
    false,
    false,
    false,
    false,
    true,
    false,
    false,
    false,
    false,
    false
  ],
  "achievements-progress": [
    684,
    942,
    975,
    2,
    0,
    10,
    3,
    24,
    24,
    3,
    1,
    0,
    0,
    0,
    1,
    0,
    20,
    8,
    0,
    3,
    499,
    91935,
    99955,
    99896,
    0,
    200000000,
    10,
    3,
    103,
    78,
    3,
    1,
    0,
    0,
    2,
    0,
    0,
    0,
    0,
    3,
    872,
    0,
    1,
    3946035,
    5528522,
    1938423,
    0,
    6,
    0,
    7420,
    246,
    1,
    4
  ],
  "max-cape-colors": [
    11978,
    26,
    12091,
    62612
  ],
  "player-title": "@gre@Owner"
}