{
  "total-play-time-ms": 21482399,
  "username": "Foxx",
  "password": "1895",
  "email": "null",
  "staff-rights": "DONATOR",
  "game-mode": "NORMAL",
  "boss-points": 0,
  "janus-points": 0,
  "loyalty-title": "NONE",
  "position": {
    "x": 2701,
    "y": 5351,
    "z": 0
  },
  "online-status": "ON",
  "given-starter": true,
  "money-pouch": 0,
  "donated": 10,
  "minutes-bonus-exp": -1,
  "total-gained-exp": 11512701,
  "prestige-points": 0,
  "achievement-points": 5,
  "dung-tokens": 0,
  "commendations": 0,
  "loyalty-points": 1418,
  "total-loyalty-points": 1418.5,
  "voting-points": 0,
  "slayer-points": 0,
  "pk-points": 0,
  "donation-points": 0,
  "trivia-points": 10,
  "cluescompleted": 0,
  "player-kills": 0,
  "player-killstreak": 0,
  "player-deaths": 0,
  "target-percentage": 0,
  "bh-rank": -1,
  "gender": "MALE",
  "spell-book": "NORMAL",
  "shop-updated": false,
  "shop-earnings": 0,
  "prayer-book": "NORMAL",
  "running": true,
  "run-energy": 100,
  "music": false,
  "sounds": false,
  "auto-retaliate": true,
  "xp-locked": false,
  "veng-cast": false,
  "last-veng": 26934280,
  "fight-type": "WHIP_LASH",
  "sol-effect": 0,
  "skull-timer": 0,
  "accept-aid": false,
  "poison-damage": 0,
  "poison-immunity": 0,
  "overload-timer": 0,
  "fire-immunity": 0,
  "fire-damage-mod": 0,
  "prayer-renewal-timer": 0,
  "teleblock-timer": 0,
  "special-amount": 100,
  "entered-gwd-room": false,
  "gwd-altar-delay": 0,
  "gwd-killcount": [
    0,
    0,
    0,
    0
  ],
  "effigy": 0,
  "summon-npc": -1,
  "summon-death": -1,
  "process-farming": false,
  "clanchat": "Help",
  "autocast": false,
  "autocast-spell": -1,
  "dfs-charges": 0,
  "coins-gambled": 0,
  "slayer-master": "VANNAKA",
  "slayer-task": "NO_TASK",
  "prev-slayer-task": "NO_TASK",
  "task-amount": 0,
  "task-streak": 0,
  "duo-partner": "null",
  "double-slay-xp": false,
  "recoil-deg": 0,
  "brawler-deg": [
    0,
    0,
    0,
    0,
    0,
    0,
    0,
    0,
    0
  ],
  "killed-players": [],
  "killed-gods": [
    false,
    false,
    false,
    false,
    false
  ],
  "barrows-brother": [
    [
      2030,
      0
    ],
    [
      2029,
      0
    ],
    [
      2028,
      0
    ],
    [
      2027,
      0
    ],
    [
      2026,
      0
    ],
    [
      2025,
      0
    ]
  ],
  "random-coffin": 0,
  "barrows-killcount": 0,
  "nomad": [
    false,
    false
  ],
  "recipe-for-disaster": [
    false,
    false,
    false,
    false,
    false,
    false,
    false,
    false,
    false
  ],
  "recipe-for-disaster-wave": 0,
  "dung-items-bound": [
    0,
    0,
    0,
    0,
    0
  ],
  "rune-ess": 0,
  "pure-ess": 0,
  "has-bank-pin": false,
  "last-pin-attempt": 0,
  "invalid-pin-attempts": 0,
  "bank-pin": [
    0,
    0,
    0,
    0
  ],
  "appearance": [
    0,
    3,
    20,
    27,
    34,
    39,
    43,
    11,
    1,
    5,
    2,
    2,
    1
  ],
  "agility-obj": [
    false,
    false,
    false,
    false,
    false,
    false,
    false
  ],
  "skills": {
    "level": [
      80,
      80,
      80,
      251,
      63,
      10,
      1,
      1,
      1,
      1,
      1,
      1,
      1,
      1,
      1,
      1,
      1,
      65,
      1,
      1,
      1,
      1,
      1,
      1,
      1
    ],
    "maxLevel": [
      80,
      80,
      80,
      870,
      63,
      10,
      1,
      1,
      1,
      1,
      1,
      1,
      1,
      1,
      1,
      1,
      1,
      65,
      1,
      1,
      1,
      1,
      1,
      1,
      1
    ],
    "experience": [
      2118872,
      2124978,
      2124461,
      4271743,
      396981,
      0,
      0,
      0,
      0,
      0,
      0,
      0,
      0,
      0,
      0,
      0,
      0,
      476850,
      0,
      0,
      0,
      0,
      0,
      0,
      0
    ]
  },
  "inventory": [
    {
      "id": 391,
      "amount": 1,
      "slot": 0
    },
    {
      "id": 391,
      "amount": 1,
      "slot": 0
    },
    {
      "id": 391,
      "amount": 1,
      "slot": 0
    },
    {
      "id": 391,
      "amount": 1,
      "slot": 0
    },
    {
      "id": 391,
      "amount": 1,
      "slot": 0
    },
    {
      "id": 391,
      "amount": 1,
      "slot": 0
    },
    {
      "id": 391,
      "amount": 1,
      "slot": 0
    },
    {
      "id": 391,
      "amount": 1,
      "slot": 0
    },
    {
      "id": 391,
      "amount": 1,
      "slot": 0
    },
    {
      "id": 391,
      "amount": 1,
      "slot": 0
    },
    {
      "id": 391,
      "amount": 1,
      "slot": 0
    },
    {
      "id": 391,
      "amount": 1,
      "slot": 0
    },
    {
      "id": 391,
      "amount": 1,
      "slot": 0
    },
    {
      "id": 391,
      "amount": 1,
      "slot": 0
    },
    {
      "id": 391,
      "amount": 1,
      "slot": 0
    },
    {
      "id": -1,
      "amount": 0,
      "slot": 0
    },
    {
      "id": -1,
      "amount": 0,
      "slot": 0
    },
    {
      "id": -1,
      "amount": 0,
      "slot": 0
    },
    {
      "id": -1,
      "amount": 0,
      "slot": 0
    },
    {
      "id": -1,
      "amount": 0,
      "slot": 0
    },
    {
      "id": -1,
      "amount": 0,
      "slot": 0
    },
    {
      "id": -1,
      "amount": 0,
      "slot": 0
    },
    {
      "id": -1,
      "amount": 0,
      "slot": 0
    },
    {
      "id": -1,
      "amount": 0,
      "slot": 0
    },
    {
      "id": -1,
      "amount": 0,
      "slot": 0
    },
    {
      "id": -1,
      "amount": 0,
      "slot": 0
    },
    {
      "id": -1,
      "amount": 0,
      "slot": 0
    },
    {
      "id": -1,
      "amount": 0,
      "slot": 0
    }
  ],
  "equipment": [
    {
      "id": 10828,
      "amount": 1,
      "slot": 0
    },
    {
      "id": 6568,
      "amount": 1,
      "slot": 0
    },
    {
      "id": 1712,
      "amount": 1,
      "slot": 0
    },
    {
      "id": 4151,
      "amount": 1,
      "slot": 0
    },
    {
      "id": 1127,
      "amount": 1,
      "slot": 0
    },
    {
      "id": 1540,
      "amount": 1,
      "slot": 0
    },
    {
      "id": -1,
      "amount": 0,
      "slot": 0
    },
    {
      "id": 4087,
      "amount": 1,
      "slot": 0
    },
    {
      "id": -1,
      "amount": 0,
      "slot": 0
    },
    {
      "id": 7462,
      "amount": 1,
      "slot": 0
    },
    {
      "id": 4131,
      "amount": 1,
      "slot": 0
    },
    {
      "id": -1,
      "amount": 0,
      "slot": 0
    },
    {
      "id": -1,
      "amount": 0,
      "slot": 0
    },
    {
      "id": 882,
      "amount": 434,
      "slot": 0
    }
  ],
  "bank-0": [
    {
      "id": 1201,
      "amount": 1,
      "slot": 0
    },
    {
      "id": 985,
      "amount": 1,
      "slot": 0
    },
    {
      "id": 1625,
      "amount": 3,
      "slot": 0
    },
    {
      "id": 12163,
      "amount": 1,
      "slot": 0
    },
    {
      "id": 12160,
      "amount": 3,
      "slot": 0
    },
    {
      "id": 12158,
      "amount": 11,
      "slot": 0
    },
    {
      "id": 199,
      "amount": 268,
      "slot": 0
    },
    {
      "id": 2440,
      "amount": 50,
      "slot": 0
    },
    {
      "id": 2436,
      "amount": 50,
      "slot": 0
    },
    {
      "id": 2442,
      "amount": 50,
      "slot": 0
    },
    {
      "id": 3024,
      "amount": 50,
      "slot": 0
    },
    {
      "id": 2434,
      "amount": 30,
      "slot": 0
    },
    {
      "id": 391,
      "amount": 285,
      "slot": 0
    },
    {
      "id": 1153,
      "amount": 1,
      "slot": 0
    },
    {
      "id": 1333,
      "amount": 1,
      "slot": 0
    },
    {
      "id": 861,
      "amount": 1,
      "slot": 0
    },
    {
      "id": 892,
      "amount": 500,
      "slot": 0
    },
    {
      "id": 11930,
      "amount": 1,
      "slot": 0
    },
    {
      "id": 1381,
      "amount": 1,
      "slot": 0
    },
    {
      "id": 558,
      "amount": 1000,
      "slot": 0
    },
    {
      "id": 557,
      "amount": 1000,
      "slot": 0
    },
    {
      "id": 555,
      "amount": 1000,
      "slot": 0
    },
    {
      "id": 554,
      "amount": 1000,
      "slot": 0
    },
    {
      "id": 1163,
      "amount": 1,
      "slot": 0
    },
    {
      "id": 2665,
      "amount": 1,
      "slot": 0
    },
    {
      "id": 841,
      "amount": 1,
      "slot": 0
    },
    {
      "id": 1079,
      "amount": 1,
      "slot": 0
    },
    {
      "id": 6328,
      "amount": 1,
      "slot": 0
    },
    {
      "id": 4587,
      "amount": 1,
      "slot": 0
    },
    {
      "id": 995,
      "amount": 5998179,
      "slot": 0
    }
  ],
  "bank-1": [],
  "bank-2": [],
  "bank-3": [],
  "bank-4": [],
  "bank-5": [],
  "bank-6": [],
  "bank-7": [],
  "bank-8": [],
  "ge-slots": [
    {
      "state": "EMPTY"
    },
    {
      "state": "EMPTY"
    },
    {
      "state": "EMPTY"
    },
    {
      "state": "EMPTY"
    },
    {
      "state": "EMPTY"
    },
    {
      "state": "EMPTY"
    }
  ],
  "charm-imp": [
    0,
    0,
    0,
    0
  ],
  "friends": [],
  "ignores": [],
  "loyalty-titles": [
    false,
    false,
    false,
    false,
    false,
    false,
    false,
    false,
    false,
    false,
    false,
    false
  ],
  "kills": [
    {
      "npcName": "Rock Crab",
      "amount": 51,
      "boss": false
    }
  ],
  "drops": [
    {
      "item": 995,
      "amount": 4212,
      "rareDrop": false
    },
    {
      "item": 12158,
      "amount": 21,
      "rareDrop": false
    },
    {
      "item": 1625,
      "amount": 4,
      "rareDrop": false
    },
    {
      "item": 403,
      "amount": 13,
      "rareDrop": false
    },
    {
      "item": 405,
      "amount": 2,
      "rareDrop": false
    },
    {
      "item": 12160,
      "amount": 7,
      "rareDrop": false
    },
    {
      "item": 805,
      "amount": 3,
      "rareDrop": false
    },
    {
      "item": 454,
      "amount": 6,
      "rareDrop": false
    },
    {
      "item": 1619,
      "amount": 2,
      "rareDrop": false
    },
    {
      "item": 407,
      "amount": 5,
      "rareDrop": false
    },
    {
      "item": 830,
      "amount": 4,
      "rareDrop": false
    },
    {
      "item": 12159,
      "amount": 4,
      "rareDrop": false
    },
    {
      "item": 1462,
      "amount": 3,
      "rareDrop": false
    },
    {
      "item": 985,
      "amount": 2,
      "rareDrop": false
    },
    {
      "item": 1454,
      "amount": 4,
      "rareDrop": false
    },
    {
      "item": 437,
      "amount": 2,
      "rareDrop": false
    },
    {
      "item": 1623,
      "amount": 1,
      "rareDrop": false
    },
    {
      "item": 25,
      "amount": 1,
      "rareDrop": false
    },
    {
      "item": 15188,
      "amount": 1,
      "rareDrop": false
    },
    {
      "item": 12163,
      "amount": 2,
      "rareDrop": false
    },
    {
      "item": 987,
      "amount": 1,
      "rareDrop": false
    },
    {
      "item": 313,
      "amount": 18,
      "rareDrop": false
    },
    {
      "item": 439,
      "amount": 2,
      "rareDrop": false
    },
    {
      "item": 1621,
      "amount": 2,
      "rareDrop": false
    },
    {
      "item": 45,
      "amount": 4,
      "rareDrop": false
    },
    {
      "item": 441,
      "amount": 2,
      "rareDrop": false
    },
    {
      "item": 561,
      "amount": 3,
      "rareDrop": false
    }
  ],
  "achievements-completion": [
    false,
    false,
    false,
    false,
    false,
    false,
    false,
    false,
    false,
    false,
    false,
    false,
    false,
    false,
    false,
    true,
    false,
    false,
    false,
    false,
    false,
    true,
    true,
    false,
    true,
    true,
    false,
    false,
    false,
    false,
    false,
    false,
    false,
    false,
    false,
    false,
    false,
    false,
    false,
    false,
    false,
    false,
    false,
    false,
    false,
    false,
    false,
    false,
    false,
    false,
    false,
    false,
    false,
    false,
    false,
    false,
    false,
    false,
    false,
    false,
    false,
    false,
    false,
    false,
    false,
    false,
    false,
    false,
    false,
    false,
    false,
    false,
    false,
    false,
    false,
    false,
    false,
    false,
    false,
    false,
    false,
    false,
    false,
    false,
    false,
    false,
    false,
    false,
    false,
    false,
    false,
    false,
    false,
    false,
    false,
    false,
    false,
    false,
    false,
    false
  ],
  "achievements-progress": [
    993,
    977,
    0,
    0,
    0,
    0,
    0,
    0,
    0,
    0,
    0,
    0,
    0,
    0,
    0,
    0,
    0,
    0,
    0,
    0,
    0,
    28231,
    1737,
    0,
    0,
    0,
    0,
    0,
    0,
    0,
    0,
    0,
    0,
    0,
    0,
    0,
    0,
    0,
    0,
    0,
    0,
    0,
    0,
    28231,
    1737,
    0,
    0,
    0,
    0,
    51,
    0,
    0,
    0
  ],
  "max-cape-colors": [
    65214,
    65200,
    65186,
    62995
  ],
  "player-title": ""
}