{
  "total-play-time-ms": 15013800,
  "username": "G I A N G",
  "password": "l0v3link14",
  "email": "null",
  "staff-rights": "PLAYER",
  "game-mode": "NORMAL",
  "boss-points": 0,
  "janus-points": 0,
  "loyalty-title": "NONE",
  "position": {
    "x": 2710,
    "y": 5350,
    "z": 0
  },
  "online-status": "ON",
  "given-starter": true,
  "money-pouch": 0,
  "donated": 0,
  "minutes-bonus-exp": -1,
  "total-gained-exp": 21213566,
  "prestige-points": 0,
  "achievement-points": 2,
  "dung-tokens": 0,
  "commendations": 0,
  "loyalty-points": 1153,
  "total-loyalty-points": 1153.0,
  "voting-points": 3,
  "slayer-points": 0,
  "pk-points": 0,
  "donation-points": 0,
  "trivia-points": 0,
  "cluescompleted": 9,
  "player-kills": 0,
  "player-killstreak": 0,
  "player-deaths": 0,
  "target-percentage": 100,
  "bh-rank": 0,
  "gender": "MALE",
  "spell-book": "NORMAL",
  "shop-updated": false,
  "shop-earnings": 0,
  "prayer-book": "NORMAL",
  "running": true,
  "run-energy": 100,
  "music": false,
  "sounds": false,
  "auto-retaliate": true,
  "xp-locked": false,
  "veng-cast": false,
  "last-veng": 1590157004449,
  "fight-type": "WHIP_LASH",
  "sol-effect": 0,
  "skull-timer": 0,
  "accept-aid": false,
  "poison-damage": 0,
  "poison-immunity": 0,
  "overload-timer": 0,
  "fire-immunity": 0,
  "fire-damage-mod": 0,
  "prayer-renewal-timer": 0,
  "teleblock-timer": 0,
  "special-amount": 100,
  "entered-gwd-room": false,
  "gwd-altar-delay": 0,
  "gwd-killcount": [
    0,
    0,
    0,
    0
  ],
  "effigy": 5,
  "summon-npc": -1,
  "summon-death": -1,
  "process-farming": false,
  "clanchat": "Help",
  "autocast": false,
  "autocast-spell": -1,
  "dfs-charges": 0,
  "coins-gambled": 0,
  "slayer-master": "VANNAKA",
  "slayer-task": "GIANT_BAT",
  "prev-slayer-task": "NO_TASK",
  "task-amount": 46,
  "task-streak": 0,
  "duo-partner": "null",
  "double-slay-xp": false,
  "recoil-deg": 0,
  "brawler-deg": [
    0,
    0,
    0,
    0,
    0,
    0,
    0,
    0,
    0
  ],
  "killed-players": [],
  "killed-gods": [
    false,
    false,
    false,
    false,
    false
  ],
  "barrows-brother": [
    [
      2030,
      0
    ],
    [
      2029,
      0
    ],
    [
      2028,
      0
    ],
    [
      2027,
      0
    ],
    [
      2026,
      0
    ],
    [
      2025,
      0
    ]
  ],
  "random-coffin": 0,
  "barrows-killcount": 0,
  "nomad": [
    false,
    false
  ],
  "recipe-for-disaster": [
    false,
    false,
    false,
    false,
    false,
    false,
    false,
    false,
    false
  ],
  "recipe-for-disaster-wave": 0,
  "dung-items-bound": [
    0,
    0,
    0,
    0,
    0
  ],
  "rune-ess": 0,
  "pure-ess": 0,
  "has-bank-pin": false,
  "last-pin-attempt": 0,
  "invalid-pin-attempts": 0,
  "bank-pin": [
    0,
    0,
    0,
    0
  ],
  "appearance": [
    0,
    0,
    18,
    26,
    33,
    36,
    42,
    10,
    0,
    0,
    0,
    0,
    0
  ],
  "agility-obj": [
    false,
    false,
    false,
    false,
    false,
    false,
    false
  ],
  "skills": {
    "level": [
      86,
      84,
      90,
      231,
      1,
      640,
      1,
      1,
      1,
      1,
      1,
      1,
      1,
      1,
      1,
      1,
      1,
      1,
      1,
      1,
      1,
      1,
      1,
      1,
      1
    ],
    "maxLevel": [
      86,
      84,
      90,
      940,
      1,
      660,
      1,
      1,
      1,
      1,
      1,
      1,
      1,
      1,
      1,
      1,
      1,
      1,
      1,
      1,
      1,
      1,
      1,
      1,
      1
    ],
    "experience": [
      3645684,
      3169998,
      5837814,
      8062504,
      0,
      498750,
      0,
      0,
      0,
      0,
      0,
      0,
      0,
      0,
      0,
      0,
      0,
      0,
      0,
      0,
      0,
      0,
      0,
      0,
      0
    ]
  },
  "inventory": [
    {
      "id": -1,
      "amount": 0,
      "slot": 0
    },
    {
      "id": -1,
      "amount": 0,
      "slot": 0
    },
    {
      "id": -1,
      "amount": 0,
      "slot": 0
    },
    {
      "id": -1,
      "amount": 0,
      "slot": 0
    },
    {
      "id": -1,
      "amount": 0,
      "slot": 0
    },
    {
      "id": -1,
      "amount": 0,
      "slot": 0
    },
    {
      "id": -1,
      "amount": 0,
      "slot": 0
    },
    {
      "id": -1,
      "amount": 0,
      "slot": 0
    },
    {
      "id": -1,
      "amount": 0,
      "slot": 0
    },
    {
      "id": -1,
      "amount": 0,
      "slot": 0
    },
    {
      "id": -1,
      "amount": 0,
      "slot": 0
    },
    {
      "id": -1,
      "amount": 0,
      "slot": 0
    },
    {
      "id": -1,
      "amount": 0,
      "slot": 0
    },
    {
      "id": -1,
      "amount": 0,
      "slot": 0
    },
    {
      "id": -1,
      "amount": 0,
      "slot": 0
    },
    {
      "id": -1,
      "amount": 0,
      "slot": 0
    },
    {
      "id": -1,
      "amount": 0,
      "slot": 0
    },
    {
      "id": -1,
      "amount": 0,
      "slot": 0
    },
    {
      "id": -1,
      "amount": 0,
      "slot": 0
    },
    {
      "id": -1,
      "amount": 0,
      "slot": 0
    },
    {
      "id": -1,
      "amount": 0,
      "slot": 0
    },
    {
      "id": -1,
      "amount": 0,
      "slot": 0
    },
    {
      "id": -1,
      "amount": 0,
      "slot": 0
    },
    {
      "id": -1,
      "amount": 0,
      "slot": 0
    },
    {
      "id": -1,
      "amount": 0,
      "slot": 0
    },
    {
      "id": -1,
      "amount": 0,
      "slot": 0
    },
    {
      "id": -1,
      "amount": 0,
      "slot": 0
    },
    {
      "id": -1,
      "amount": 0,
      "slot": 0
    }
  ],
  "equipment": [
    {
      "id": 10828,
      "amount": 1,
      "slot": 0
    },
    {
      "id": 6568,
      "amount": 1,
      "slot": 0
    },
    {
      "id": -1,
      "amount": 0,
      "slot": 0
    },
    {
      "id": 4151,
      "amount": 1,
      "slot": 0
    },
    {
      "id": 3140,
      "amount": 1,
      "slot": 0
    },
    {
      "id": 1540,
      "amount": 1,
      "slot": 0
    },
    {
      "id": -1,
      "amount": 0,
      "slot": 0
    },
    {
      "id": 4087,
      "amount": 1,
      "slot": 0
    },
    {
      "id": -1,
      "amount": 0,
      "slot": 0
    },
    {
      "id": 7462,
      "amount": 1,
      "slot": 0
    },
    {
      "id": -1,
      "amount": 0,
      "slot": 0
    },
    {
      "id": -1,
      "amount": 0,
      "slot": 0
    },
    {
      "id": -1,
      "amount": 0,
      "slot": 0
    },
    {
      "id": -1,
      "amount": 0,
      "slot": 0
    }
  ],
  "bank-0": [
    {
      "id": 2440,
      "amount": 50,
      "slot": 0
    },
    {
      "id": 2436,
      "amount": 50,
      "slot": 0
    },
    {
      "id": 2442,
      "amount": 50,
      "slot": 0
    },
    {
      "id": 3024,
      "amount": 50,
      "slot": 0
    },
    {
      "id": 2434,
      "amount": 30,
      "slot": 0
    },
    {
      "id": 391,
      "amount": 300,
      "slot": 0
    },
    {
      "id": 11818,
      "amount": 1,
      "slot": 0
    },
    {
      "id": 11838,
      "amount": 1,
      "slot": 0
    },
    {
      "id": 841,
      "amount": 1,
      "slot": 0
    },
    {
      "id": 861,
      "amount": 1,
      "slot": 0
    },
    {
      "id": 882,
      "amount": 500,
      "slot": 0
    },
    {
      "id": 892,
      "amount": 500,
      "slot": 0
    },
    {
      "id": 1381,
      "amount": 1,
      "slot": 0
    },
    {
      "id": 558,
      "amount": 1000,
      "slot": 0
    },
    {
      "id": 557,
      "amount": 1000,
      "slot": 0
    },
    {
      "id": 555,
      "amount": 1000,
      "slot": 0
    },
    {
      "id": 554,
      "amount": 1000,
      "slot": 0
    },
    {
      "id": 12159,
      "amount": 9,
      "slot": 0
    },
    {
      "id": 12160,
      "amount": 3,
      "slot": 0
    },
    {
      "id": 12163,
      "amount": 1,
      "slot": 0
    },
    {
      "id": 995,
      "amount": 7947446,
      "slot": 0
    },
    {
      "id": 5295,
      "amount": 1,
      "slot": 0
    },
    {
      "id": 12158,
      "amount": 8,
      "slot": 0
    },
    {
      "id": 19425,
      "amount": 1,
      "slot": 0
    },
    {
      "id": 1753,
      "amount": 3,
      "slot": 0
    },
    {
      "id": 1333,
      "amount": 1,
      "slot": 0
    },
    {
      "id": 19416,
      "amount": 1,
      "slot": 0
    },
    {
      "id": 19413,
      "amount": 1,
      "slot": 0
    },
    {
      "id": 19422,
      "amount": 1,
      "slot": 0
    },
    {
      "id": 18778,
      "amount": 1,
      "slot": 0
    },
    {
      "id": 1249,
      "amount": 1,
      "slot": 0
    },
    {
      "id": 2681,
      "amount": 1,
      "slot": 0
    },
    {
      "id": 985,
      "amount": 2,
      "slot": 0
    },
    {
      "id": 1617,
      "amount": 1,
      "slot": 0
    },
    {
      "id": 1149,
      "amount": 1,
      "slot": 0
    }
  ],
  "bank-1": [],
  "bank-2": [],
  "bank-3": [],
  "bank-4": [],
  "bank-5": [],
  "bank-6": [],
  "bank-7": [],
  "bank-8": [],
  "ge-slots": [
    {
      "state": "EMPTY"
    },
    {
      "state": "EMPTY"
    },
    {
      "state": "EMPTY"
    },
    {
      "state": "EMPTY"
    },
    {
      "state": "EMPTY"
    },
    {
      "state": "EMPTY"
    }
  ],
  "charm-imp": [
    0,
    0,
    0,
    0
  ],
  "friends": [],
  "ignores": [],
  "loyalty-titles": [
    false,
    false,
    false,
    false,
    false,
    false,
    false,
    false,
    false,
    false,
    false,
    false
  ],
  "kills": [
    {
      "npcName": "Rock Crab",
      "amount": 15,
      "boss": false
    },
    {
      "npcName": "Experiment",
      "amount": 6,
      "boss": false
    },
    {
      "npcName": "Green dragon",
      "amount": 19,
      "boss": false
    }
  ],
  "drops": [
    {
      "item": 536,
      "amount": 19,
      "rareDrop": false
    },
    {
      "item": 1149,
      "amount": 1,
      "rareDrop": false
    },
    {
      "item": 985,
      "amount": 2,
      "rareDrop": false
    },
    {
      "item": 1249,
      "amount": 1,
      "rareDrop": false
    },
    {
      "item": 2485,
      "amount": 1,
      "rareDrop": false
    },
    {
      "item": 25,
      "amount": 2,
      "rareDrop": false
    },
    {
      "item": 1197,
      "amount": 2,
      "rareDrop": false
    },
    {
      "item": 449,
      "amount": 2,
      "rareDrop": false
    },
    {
      "item": 1161,
      "amount": 1,
      "rareDrop": false
    },
    {
      "item": 209,
      "amount": 2,
      "rareDrop": false
    },
    {
      "item": 1617,
      "amount": 1,
      "rareDrop": false
    },
    {
      "item": 1753,
      "amount": 19,
      "rareDrop": false
    },
    {
      "item": 526,
      "amount": 6,
      "rareDrop": false
    },
    {
      "item": 1247,
      "amount": 1,
      "rareDrop": false
    },
    {
      "item": 5295,
      "amount": 1,
      "rareDrop": false
    },
    {
      "item": 1069,
      "amount": 2,
      "rareDrop": false
    },
    {
      "item": 437,
      "amount": 4,
      "rareDrop": false
    },
    {
      "item": 403,
      "amount": 7,
      "rareDrop": false
    },
    {
      "item": 441,
      "amount": 1,
      "rareDrop": false
    },
    {
      "item": 454,
      "amount": 1,
      "rareDrop": false
    },
    {
      "item": 995,
      "amount": 1568,
      "rareDrop": false
    },
    {
      "item": 405,
      "amount": 1,
      "rareDrop": false
    },
    {
      "item": 830,
      "amount": 4,
      "rareDrop": false
    },
    {
      "item": 1365,
      "amount": 3,
      "rareDrop": false
    },
    {
      "item": 1621,
      "amount": 1,
      "rareDrop": false
    },
    {
      "item": 1243,
      "amount": 1,
      "rareDrop": false
    },
    {
      "item": 407,
      "amount": 3,
      "rareDrop": false
    },
    {
      "item": 365,
      "amount": 1,
      "rareDrop": false
    },
    {
      "item": 1625,
      "amount": 2,
      "rareDrop": false
    },
    {
      "item": 45,
      "amount": 1,
      "rareDrop": false
    },
    {
      "item": 18778,
      "amount": 1,
      "rareDrop": true
    },
    {
      "item": 12160,
      "amount": 3,
      "rareDrop": false
    },
    {
      "item": 12158,
      "amount": 10,
      "rareDrop": false
    },
    {
      "item": 12159,
      "amount": 9,
      "rareDrop": false
    },
    {
      "item": 12163,
      "amount": 1,
      "rareDrop": false
    }
  ],
  "achievements-completion": [
    false,
    false,
    false,
    false,
    false,
    false,
    false,
    false,
    false,
    false,
    false,
    false,
    false,
    false,
    false,
    false,
    false,
    false,
    false,
    false,
    false,
    true,
    false,
    false,
    true,
    false,
    false,
    false,
    false,
    false,
    false,
    false,
    false,
    false,
    false,
    false,
    false,
    false,
    false,
    false,
    false,
    false,
    false,
    false,
    false,
    false,
    false,
    false,
    false,
    false,
    false,
    false,
    false,
    false,
    false,
    false,
    false,
    false,
    false,
    false,
    false,
    false,
    false,
    false,
    false,
    false,
    false,
    false,
    false,
    false,
    false,
    false,
    false,
    false,
    false,
    false,
    false,
    false,
    false,
    false,
    false,
    false,
    false,
    false,
    false,
    false,
    false,
    false,
    false,
    false,
    false,
    false,
    false,
    false,
    false,
    false,
    false,
    false,
    false,
    false
  ],
  "achievements-progress": [
    965,
    0,
    0,
    0,
    0,
    0,
    0,
    0,
    0,
    0,
    0,
    0,
    0,
    0,
    0,
    0,
    0,
    0,
    0,
    0,
    0,
    30564,
    0,
    0,
    0,
    0,
    0,
    0,
    0,
    0,
    0,
    0,
    0,
    0,
    0,
    0,
    0,
    0,
    0,
    0,
    0,
    0,
    0,
    30564,
    0,
    0,
    0,
    0,
    0,
    40,
    0,
    0,
    0
  ],
  "max-cape-colors": [
    65214,
    65200,
    65186,
    62995
  ],
  "player-title": ""
}