{
  "total-play-time-ms": 3239395,
  "username": "I Fk Rsps S",
  "password": "hiowner",
  "email": "null",
  "staff-rights": "PLAYER",
  "game-mode": "NORMAL",
  "boss-points": 0,
  "janus-points": 0,
  "loyalty-title": "NONE",
  "position": {
    "x": 2705,
    "y": 5364,
    "z": 0
  },
  "online-status": "ON",
  "given-starter": true,
  "money-pouch": 0,
  "donated": 0,
  "minutes-bonus-exp": -1,
  "total-gained-exp": 18475188,
  "prestige-points": 0,
  "achievement-points": 8,
  "dung-tokens": 0,
  "commendations": 0,
  "loyalty-points": 899,
  "total-loyalty-points": 899.0,
  "voting-points": 0,
  "slayer-points": 0,
  "pk-points": 0,
  "donation-points": 0,
  "trivia-points": 10,
  "cluescompleted": 0,
  "player-kills": 0,
  "player-killstreak": 0,
  "player-deaths": 0,
  "target-percentage": 0,
  "bh-rank": 0,
  "gender": "MALE",
  "spell-book": "ANCIENT",
  "shop-updated": false,
  "shop-earnings": 0,
  "prayer-book": "NORMAL",
  "running": true,
  "run-energy": 100,
  "music": false,
  "sounds": false,
  "auto-retaliate": false,
  "xp-locked": false,
  "veng-cast": false,
  "last-veng": 1588944776466,
  "fight-type": "STAFF_POUND",
  "sol-effect": -1,
  "skull-timer": 0,
  "accept-aid": false,
  "poison-damage": 0,
  "poison-immunity": 0,
  "overload-timer": 0,
  "fire-immunity": 0,
  "fire-damage-mod": 0,
  "prayer-renewal-timer": 0,
  "teleblock-timer": 0,
  "special-amount": 100,
  "entered-gwd-room": false,
  "gwd-altar-delay": 0,
  "gwd-killcount": [
    0,
    0,
    0,
    0
  ],
  "effigy": 0,
  "summon-npc": -1,
  "summon-death": -1,
  "process-farming": false,
  "clanchat": "Help",
  "autocast": true,
  "autocast-spell": 12919,
  "dfs-charges": 0,
  "coins-gambled": 0,
  "slayer-master": "VANNAKA",
  "slayer-task": "NO_TASK",
  "prev-slayer-task": "NO_TASK",
  "task-amount": 0,
  "task-streak": 0,
  "duo-partner": "null",
  "double-slay-xp": false,
  "recoil-deg": 11,
  "brawler-deg": [
    0,
    0,
    0,
    0,
    0,
    0,
    0,
    0,
    0
  ],
  "killed-players": [],
  "killed-gods": [
    false,
    false,
    false,
    false,
    false
  ],
  "barrows-brother": [
    [
      2030,
      0
    ],
    [
      2029,
      0
    ],
    [
      2028,
      0
    ],
    [
      2027,
      0
    ],
    [
      2026,
      0
    ],
    [
      2025,
      0
    ]
  ],
  "random-coffin": 0,
  "barrows-killcount": 0,
  "nomad": [
    false,
    false
  ],
  "recipe-for-disaster": [
    false,
    false,
    false,
    false,
    false,
    false,
    false,
    false,
    false
  ],
  "recipe-for-disaster-wave": 0,
  "dung-items-bound": [
    0,
    0,
    0,
    0,
    0
  ],
  "rune-ess": 0,
  "pure-ess": 0,
  "has-bank-pin": false,
  "last-pin-attempt": 0,
  "invalid-pin-attempts": 0,
  "bank-pin": [
    0,
    0,
    0,
    0
  ],
  "appearance": [
    0,
    1,
    18,
    26,
    33,
    36,
    42,
    11,
    1,
    1,
    2,
    3,
    6
  ],
  "agility-obj": [
    false,
    false,
    false,
    false,
    false,
    false,
    false
  ],
  "skills": {
    "level": [
      65,
      65,
      65,
      888,
      71,
      570,
      93,
      1,
      1,
      1,
      63,
      1,
      1,
      1,
      1,
      1,
      1,
      84,
      1,
      1,
      1,
      1,
      1,
      1,
      1
    ],
    "maxLevel": [
      65,
      65,
      65,
      890,
      71,
      570,
      93,
      1,
      1,
      1,
      63,
      1,
      1,
      1,
      1,
      1,
      1,
      84,
      1,
      1,
      1,
      1,
      1,
      1,
      1
    ],
    "experience": [
      493350,
      493350,
      493350,
      5068484,
      839124,
      204546,
      7450080,
      0,
      0,
      0,
      384508,
      0,
      0,
      0,
      0,
      0,
      0,
      3049580,
      0,
      0,
      0,
      0,
      0,
      0,
      0
    ]
  },
  "inventory": [
    {
      "id": 995,
      "amount": 13383,
      "slot": 0
    },
    {
      "id": 7944,
      "amount": 1,
      "slot": 0
    },
    {
      "id": 7944,
      "amount": 1,
      "slot": 0
    },
    {
      "id": 305,
      "amount": 1,
      "slot": 0
    },
    {
      "id": 309,
      "amount": 1,
      "slot": 0
    },
    {
      "id": 15263,
      "amount": 500,
      "slot": 0
    },
    {
      "id": 25,
      "amount": 81,
      "slot": 0
    },
    {
      "id": -1,
      "amount": 0,
      "slot": 0
    },
    {
      "id": -1,
      "amount": 0,
      "slot": 0
    },
    {
      "id": -1,
      "amount": 0,
      "slot": 0
    },
    {
      "id": -1,
      "amount": 0,
      "slot": 0
    },
    {
      "id": -1,
      "amount": 0,
      "slot": 0
    },
    {
      "id": -1,
      "amount": 0,
      "slot": 0
    },
    {
      "id": -1,
      "amount": 0,
      "slot": 0
    },
    {
      "id": -1,
      "amount": 0,
      "slot": 0
    },
    {
      "id": -1,
      "amount": 0,
      "slot": 0
    },
    {
      "id": -1,
      "amount": 0,
      "slot": 0
    },
    {
      "id": -1,
      "amount": 0,
      "slot": 0
    },
    {
      "id": -1,
      "amount": 0,
      "slot": 0
    },
    {
      "id": -1,
      "amount": 0,
      "slot": 0
    },
    {
      "id": -1,
      "amount": 0,
      "slot": 0
    },
    {
      "id": -1,
      "amount": 0,
      "slot": 0
    },
    {
      "id": -1,
      "amount": 0,
      "slot": 0
    },
    {
      "id": -1,
      "amount": 0,
      "slot": 0
    },
    {
      "id": -1,
      "amount": 0,
      "slot": 0
    },
    {
      "id": -1,
      "amount": 0,
      "slot": 0
    },
    {
      "id": -1,
      "amount": 0,
      "slot": 0
    },
    {
      "id": -1,
      "amount": 0,
      "slot": 0
    }
  ],
  "equipment": [
    {
      "id": 14499,
      "amount": 1,
      "slot": 0
    },
    {
      "id": 2412,
      "amount": 1,
      "slot": 0
    },
    {
      "id": 1704,
      "amount": 1,
      "slot": 0
    },
    {
      "id": 4675,
      "amount": 1,
      "slot": 0
    },
    {
      "id": 14497,
      "amount": 1,
      "slot": 0
    },
    {
      "id": 3842,
      "amount": 1,
      "slot": 0
    },
    {
      "id": -1,
      "amount": 0,
      "slot": 0
    },
    {
      "id": 14501,
      "amount": 1,
      "slot": 0
    },
    {
      "id": -1,
      "amount": 0,
      "slot": 0
    },
    {
      "id": 4095,
      "amount": 1,
      "slot": 0
    },
    {
      "id": 4097,
      "amount": 1,
      "slot": 0
    },
    {
      "id": -1,
      "amount": 0,
      "slot": 0
    },
    {
      "id": 2550,
      "amount": 1,
      "slot": 0
    },
    {
      "id": -1,
      "amount": 0,
      "slot": 0
    }
  ],
  "bank-0": [
    {
      "id": 2440,
      "amount": 50,
      "slot": 0
    },
    {
      "id": 2436,
      "amount": 50,
      "slot": 0
    },
    {
      "id": 2442,
      "amount": 50,
      "slot": 0
    },
    {
      "id": 3024,
      "amount": 50,
      "slot": 0
    },
    {
      "id": 2434,
      "amount": 30,
      "slot": 0
    },
    {
      "id": 391,
      "amount": 295,
      "slot": 0
    },
    {
      "id": 1153,
      "amount": 1,
      "slot": 0
    },
    {
      "id": 1323,
      "amount": 1,
      "slot": 0
    },
    {
      "id": 1115,
      "amount": 1,
      "slot": 0
    },
    {
      "id": 1067,
      "amount": 1,
      "slot": 0
    },
    {
      "id": 1191,
      "amount": 1,
      "slot": 0
    },
    {
      "id": 19422,
      "amount": 1,
      "slot": 0
    },
    {
      "id": 19413,
      "amount": 1,
      "slot": 0
    },
    {
      "id": 19416,
      "amount": 1,
      "slot": 0
    },
    {
      "id": 19425,
      "amount": 1,
      "slot": 0
    },
    {
      "id": 1333,
      "amount": 1,
      "slot": 0
    },
    {
      "id": 1201,
      "amount": 1,
      "slot": 0
    },
    {
      "id": 882,
      "amount": 480,
      "slot": 0
    },
    {
      "id": 841,
      "amount": 1,
      "slot": 0
    },
    {
      "id": 1163,
      "amount": 1,
      "slot": 0
    },
    {
      "id": 1127,
      "amount": 1,
      "slot": 0
    },
    {
      "id": 1079,
      "amount": 1,
      "slot": 0
    },
    {
      "id": 6568,
      "amount": 1,
      "slot": 0
    },
    {
      "id": 861,
      "amount": 1,
      "slot": 0
    },
    {
      "id": 892,
      "amount": 473,
      "slot": 0
    },
    {
      "id": 15126,
      "amount": 1,
      "slot": 0
    },
    {
      "id": 558,
      "amount": 998,
      "slot": 0
    },
    {
      "id": 1381,
      "amount": 2,
      "slot": 0
    },
    {
      "id": 557,
      "amount": 944,
      "slot": 0
    },
    {
      "id": 555,
      "amount": 998,
      "slot": 0
    },
    {
      "id": 554,
      "amount": 917,
      "slot": 0
    },
    {
      "id": 4093,
      "amount": 1,
      "slot": 0
    },
    {
      "id": 4091,
      "amount": 1,
      "slot": 0
    },
    {
      "id": 4089,
      "amount": 1,
      "slot": 0
    },
    {
      "id": 556,
      "amount": 2500,
      "slot": 0
    },
    {
      "id": 1387,
      "amount": 1,
      "slot": 0
    },
    {
      "id": 561,
      "amount": 6,
      "slot": 0
    },
    {
      "id": 6685,
      "amount": 1,
      "slot": 0
    },
    {
      "id": 995,
      "amount": 51170,
      "slot": 0
    },
    {
      "id": 565,
      "amount": 1298,
      "slot": 0
    },
    {
      "id": 562,
      "amount": 1594,
      "slot": 0
    },
    {
      "id": 560,
      "amount": 1203,
      "slot": 0
    },
    {
      "id": 3042,
      "amount": 1,
      "slot": 0
    }
  ],
  "bank-1": [],
  "bank-2": [],
  "bank-3": [],
  "bank-4": [],
  "bank-5": [],
  "bank-6": [],
  "bank-7": [],
  "bank-8": [],
  "ge-slots": [
    {
      "state": "EMPTY"
    },
    {
      "state": "EMPTY"
    },
    {
      "state": "EMPTY"
    },
    {
      "state": "EMPTY"
    },
    {
      "state": "EMPTY"
    },
    {
      "state": "EMPTY"
    }
  ],
  "charm-imp": [
    0,
    0,
    0,
    0
  ],
  "friends": [],
  "ignores": [],
  "loyalty-titles": [
    false,
    false,
    false,
    false,
    false,
    false,
    false,
    false,
    false,
    false,
    false,
    false
  ],
  "kills": [
    {
      "npcName": "Rock Crab",
      "amount": 13,
      "boss": false
    },
    {
      "npcName": "Experiment",
      "amount": 3,
      "boss": false
    },
    {
      "npcName": "Chaos druid",
      "amount": 6,
      "boss": false
    },
    {
      "npcName": "Green dragon",
      "amount": 3,
      "boss": false
    },
    {
      "npcName": "Frost dragon",
      "amount": 2,
      "boss": true
    }
  ],
  "drops": [
    {
      "item": 1462,
      "amount": 1,
      "rareDrop": false
    },
    {
      "item": 1617,
      "amount": 1,
      "rareDrop": false
    },
    {
      "item": 5295,
      "amount": 1,
      "rareDrop": false
    },
    {
      "item": 441,
      "amount": 2,
      "rareDrop": false
    },
    {
      "item": 454,
      "amount": 2,
      "rareDrop": false
    },
    {
      "item": 437,
      "amount": 3,
      "rareDrop": false
    },
    {
      "item": 995,
      "amount": 1125,
      "rareDrop": false
    },
    {
      "item": 405,
      "amount": 1,
      "rareDrop": false
    },
    {
      "item": 403,
      "amount": 2,
      "rareDrop": false
    },
    {
      "item": 561,
      "amount": 10,
      "rareDrop": false
    },
    {
      "item": 313,
      "amount": 18,
      "rareDrop": false
    },
    {
      "item": 407,
      "amount": 1,
      "rareDrop": false
    },
    {
      "item": 1625,
      "amount": 1,
      "rareDrop": false
    },
    {
      "item": 12159,
      "amount": 5,
      "rareDrop": false
    },
    {
      "item": 12158,
      "amount": 9,
      "rareDrop": false
    },
    {
      "item": 526,
      "amount": 9,
      "rareDrop": false
    },
    {
      "item": 203,
      "amount": 2,
      "rareDrop": false
    },
    {
      "item": 211,
      "amount": 1,
      "rareDrop": false
    },
    {
      "item": 25,
      "amount": 3,
      "rareDrop": false
    },
    {
      "item": 207,
      "amount": 2,
      "rareDrop": false
    },
    {
      "item": 201,
      "amount": 1,
      "rareDrop": false
    },
    {
      "item": 1621,
      "amount": 1,
      "rareDrop": false
    },
    {
      "item": 1291,
      "amount": 1,
      "rareDrop": false
    },
    {
      "item": 536,
      "amount": 3,
      "rareDrop": false
    },
    {
      "item": 1753,
      "amount": 3,
      "rareDrop": false
    },
    {
      "item": 830,
      "amount": 2,
      "rareDrop": false
    },
    {
      "item": 449,
      "amount": 1,
      "rareDrop": false
    },
    {
      "item": 1243,
      "amount": 1,
      "rareDrop": false
    },
    {
      "item": 18830,
      "amount": 2,
      "rareDrop": false
    },
    {
      "item": 213,
      "amount": 1,
      "rareDrop": false
    },
    {
      "item": 12160,
      "amount": 1,
      "rareDrop": false
    },
    {
      "item": 1439,
      "amount": 2,
      "rareDrop": false
    }
  ],
  "achievements-completion": [
    false,
    false,
    false,
    false,
    false,
    false,
    false,
    false,
    false,
    false,
    false,
    false,
    false,
    false,
    false,
    true,
    false,
    false,
    false,
    false,
    false,
    true,
    true,
    true,
    true,
    true,
    true,
    true,
    false,
    false,
    false,
    false,
    false,
    false,
    false,
    false,
    false,
    false,
    false,
    false,
    false,
    false,
    false,
    false,
    false,
    false,
    false,
    false,
    false,
    false,
    false,
    false,
    false,
    false,
    false,
    false,
    false,
    false,
    false,
    false,
    false,
    false,
    false,
    false,
    false,
    false,
    false,
    false,
    false,
    false,
    false,
    false,
    false,
    false,
    false,
    false,
    false,
    false,
    false,
    false,
    false,
    false,
    false,
    false,
    false,
    false,
    false,
    false,
    false,
    false,
    false,
    false,
    false,
    false,
    false,
    false,
    false,
    false,
    false,
    false
  ],
  "achievements-progress": [
    949,
    959,
    973,
    0,
    0,
    0,
    0,
    0,
    0,
    0,
    0,
    0,
    0,
    0,
    0,
    0,
    54,
    0,
    0,
    2,
    0,
    3575,
    1793,
    13824,
    0,
    0,
    0,
    0,
    0,
    0,
    0,
    0,
    0,
    0,
    0,
    0,
    0,
    0,
    0,
    2,
    0,
    0,
    0,
    3575,
    1793,
    13878,
    0,
    0,
    0,
    27,
    2,
    0,
    0
  ],
  "max-cape-colors": [
    65214,
    65200,
    65186,
    62995
  ],
  "player-title": ""
}