{
  "total-play-time-ms": 37966224,
  "username": "Ink",
  "password": "lolhi",
  "email": "null",
  "staff-rights": "DONATOR",
  "game-mode": "NORMAL",
  "boss-points": 5,
  "janus-points": 0,
  "loyalty-title": "NONE",
  "position": {
    "x": 3377,
    "y": 9816,
    "z": 0
  },
  "online-status": "ON",
  "given-starter": true,
  "money-pouch": 28509515,
  "donated": 10,
  "minutes-bonus-exp": -1,
  "total-gained-exp": 154570241,
  "prestige-points": 0,
  "achievement-points": 12,
  "dung-tokens": 3097,
  "commendations": 0,
  "loyalty-points": 10853,
  "total-loyalty-points": 10869.0,
  "voting-points": 0,
  "slayer-points": 21,
  "pk-points": 0,
  "donation-points": 10,
  "trivia-points": 14,
  "cluescompleted": 0,
  "player-kills": 0,
  "player-killstreak": 0,
  "player-deaths": 0,
  "target-percentage": 100,
  "bh-rank": 0,
  "gender": "MALE",
  "spell-book": "NORMAL",
  "shop-updated": false,
  "shop-earnings": 0,
  "prayer-book": "NORMAL",
  "running": true,
  "run-energy": 100,
  "music": false,
  "sounds": false,
  "auto-retaliate": true,
  "xp-locked": false,
  "veng-cast": false,
  "last-veng": 1588889120191,
  "fight-type": "CROSSBOW_RAPID",
  "sol-effect": -1,
  "skull-timer": 0,
  "accept-aid": false,
  "poison-damage": 0,
  "poison-immunity": 0,
  "overload-timer": 0,
  "fire-immunity": 0,
  "fire-damage-mod": 0,
  "prayer-renewal-timer": 0,
  "teleblock-timer": 0,
  "special-amount": 100,
  "entered-gwd-room": false,
  "gwd-altar-delay": 0,
  "gwd-killcount": [
    0,
    0,
    0,
    0
  ],
  "effigy": 5,
  "summon-npc": 3034,
  "summon-death": -1,
  "process-farming": false,
  "clanchat": "Help",
  "autocast": false,
  "autocast-spell": -1,
  "dfs-charges": 0,
  "coins-gambled": 0,
  "slayer-master": "DURADEL",
  "slayer-task": "NO_TASK",
  "prev-slayer-task": "TZHAAR_XIL",
  "task-amount": 0,
  "task-streak": 3,
  "duo-partner": "null",
  "double-slay-xp": false,
  "recoil-deg": 0,
  "brawler-deg": [
    0,
    0,
    0,
    0,
    0,
    0,
    0,
    0,
    0
  ],
  "killed-players": [],
  "killed-gods": [
    false,
    false,
    false,
    false,
    false
  ],
  "barrows-brother": [
    [
      2030,
      0
    ],
    [
      2029,
      0
    ],
    [
      2028,
      0
    ],
    [
      2027,
      0
    ],
    [
      2026,
      0
    ],
    [
      2025,
      0
    ]
  ],
  "random-coffin": 0,
  "barrows-killcount": 0,
  "nomad": [
    false,
    false
  ],
  "recipe-for-disaster": [
    false,
    false,
    false,
    false,
    false,
    false,
    false,
    false,
    false
  ],
  "recipe-for-disaster-wave": 0,
  "dung-items-bound": [
    15923,
    16034,
    0,
    0,
    0
  ],
  "rune-ess": 0,
  "pure-ess": 0,
  "has-bank-pin": false,
  "last-pin-attempt": 0,
  "invalid-pin-attempts": 0,
  "bank-pin": [
    0,
    0,
    0,
    0
  ],
  "appearance": [
    0,
    3,
    18,
    26,
    33,
    36,
    42,
    10,
    0,
    0,
    0,
    0,
    0
  ],
  "agility-obj": [
    false,
    false,
    false,
    false,
    false,
    false,
    false
  ],
  "skills": {
    "level": [
      99,
      99,
      99,
      784,
      99,
      0,
      99,
      1,
      1,
      1,
      1,
      1,
      1,
      7,
      65,
      3,
      1,
      50,
      72,
      1,
      1,
      1,
      1,
      1,
      70
    ],
    "maxLevel": [
      99,
      99,
      99,
      990,
      99,
      640,
      99,
      1,
      1,
      1,
      1,
      1,
      1,
      7,
      65,
      3,
      1,
      50,
      72,
      1,
      1,
      1,
      1,
      1,
      70
    ],
    "experience": [
      13404783,
      13121031,
      28555863,
      55247908,
      28464599,
      446250,
      13037710,
      0,
      0,
      0,
      0,
      0,
      0,
      650,
      459592,
      174,
      0,
      106220,
      987583,
      0,
      0,
      0,
      0,
      0,
      739062
    ]
  },
  "inventory": [
    {
      "id": -1,
      "amount": 0,
      "slot": 0
    },
    {
      "id": 4730,
      "amount": 1,
      "slot": 0
    },
    {
      "id": 9769,
      "amount": 1,
      "slot": 0
    },
    {
      "id": 4728,
      "amount": 1,
      "slot": 0
    },
    {
      "id": 6328,
      "amount": 1,
      "slot": 0
    },
    {
      "id": -1,
      "amount": 0,
      "slot": 0
    },
    {
      "id": -1,
      "amount": 0,
      "slot": 0
    },
    {
      "id": 4726,
      "amount": 1,
      "slot": 0
    },
    {
      "id": -1,
      "amount": 0,
      "slot": 0
    },
    {
      "id": 391,
      "amount": 1,
      "slot": 0
    },
    {
      "id": 391,
      "amount": 1,
      "slot": 0
    },
    {
      "id": 391,
      "amount": 1,
      "slot": 0
    },
    {
      "id": 391,
      "amount": 1,
      "slot": 0
    },
    {
      "id": -1,
      "amount": 0,
      "slot": 0
    },
    {
      "id": 391,
      "amount": 1,
      "slot": 0
    },
    {
      "id": 391,
      "amount": 1,
      "slot": 0
    },
    {
      "id": 391,
      "amount": 1,
      "slot": 0
    },
    {
      "id": 391,
      "amount": 1,
      "slot": 0
    },
    {
      "id": 391,
      "amount": 1,
      "slot": 0
    },
    {
      "id": 391,
      "amount": 1,
      "slot": 0
    },
    {
      "id": 391,
      "amount": 1,
      "slot": 0
    },
    {
      "id": 391,
      "amount": 1,
      "slot": 0
    },
    {
      "id": 391,
      "amount": 1,
      "slot": 0
    },
    {
      "id": 391,
      "amount": 1,
      "slot": 0
    },
    {
      "id": 391,
      "amount": 1,
      "slot": 0
    },
    {
      "id": 391,
      "amount": 1,
      "slot": 0
    },
    {
      "id": 391,
      "amount": 1,
      "slot": 0
    },
    {
      "id": 391,
      "amount": 1,
      "slot": 0
    }
  ],
  "equipment": [
    {
      "id": 14050,
      "amount": 1,
      "slot": 0
    },
    {
      "id": 10499,
      "amount": 1,
      "slot": 0
    },
    {
      "id": -1,
      "amount": 0,
      "slot": 0
    },
    {
      "id": 18357,
      "amount": 1,
      "slot": 0
    },
    {
      "id": 2503,
      "amount": 1,
      "slot": 0
    },
    {
      "id": -1,
      "amount": 0,
      "slot": 0
    },
    {
      "id": -1,
      "amount": 0,
      "slot": 0
    },
    {
      "id": 2497,
      "amount": 1,
      "slot": 0
    },
    {
      "id": -1,
      "amount": 0,
      "slot": 0
    },
    {
      "id": 7462,
      "amount": 1,
      "slot": 0
    },
    {
      "id": 6920,
      "amount": 1,
      "slot": 0
    },
    {
      "id": -1,
      "amount": 0,
      "slot": 0
    },
    {
      "id": -1,
      "amount": 0,
      "slot": 0
    },
    {
      "id": 9244,
      "amount": 208,
      "slot": 0
    }
  ],
  "bank-0": [
    {
      "id": 2440,
      "amount": 50,
      "slot": 0
    },
    {
      "id": 2436,
      "amount": 50,
      "slot": 0
    },
    {
      "id": 2442,
      "amount": 50,
      "slot": 0
    },
    {
      "id": 3024,
      "amount": 44,
      "slot": 0
    },
    {
      "id": 2434,
      "amount": 30,
      "slot": 0
    },
    {
      "id": 391,
      "amount": 191,
      "slot": 0
    },
    {
      "id": 436,
      "amount": 2,
      "slot": 0
    },
    {
      "id": 438,
      "amount": 1,
      "slot": 0
    },
    {
      "id": 2349,
      "amount": 13,
      "slot": 0
    },
    {
      "id": 2347,
      "amount": 1,
      "slot": 0
    },
    {
      "id": 444,
      "amount": 17,
      "slot": 0
    },
    {
      "id": 1619,
      "amount": 1,
      "slot": 0
    },
    {
      "id": 453,
      "amount": 5,
      "slot": 0
    },
    {
      "id": 440,
      "amount": 7,
      "slot": 0
    },
    {
      "id": 447,
      "amount": 22,
      "slot": 0
    },
    {
      "id": 2351,
      "amount": 5,
      "slot": 0
    },
    {
      "id": 2452,
      "amount": 10,
      "slot": 0
    },
    {
      "id": 2456,
      "amount": 1,
      "slot": 0
    },
    {
      "id": 1631,
      "amount": 1,
      "slot": 0
    },
    {
      "id": 3026,
      "amount": 1,
      "slot": 0
    },
    {
      "id": 3030,
      "amount": 1,
      "slot": 0
    },
    {
      "id": 7936,
      "amount": 1500,
      "slot": 0
    },
    {
      "id": 229,
      "amount": 2,
      "slot": 0
    },
    {
      "id": 3028,
      "amount": 1,
      "slot": 0
    },
    {
      "id": 890,
      "amount": 1814,
      "slot": 0
    },
    {
      "id": 554,
      "amount": 350,
      "slot": 0
    },
    {
      "id": 6326,
      "amount": 1,
      "slot": 0
    },
    {
      "id": 1712,
      "amount": 1,
      "slot": 0
    },
    {
      "id": 1540,
      "amount": 1,
      "slot": 0
    },
    {
      "id": 6328,
      "amount": 1,
      "slot": 0
    },
    {
      "id": 4724,
      "amount": 1,
      "slot": 0
    }
  ],
  "bank-1": [
    {
      "id": 995,
      "amount": 2896876,
      "slot": 0
    },
    {
      "id": 987,
      "amount": 1,
      "slot": 0
    },
    {
      "id": 985,
      "amount": 3,
      "slot": 0
    },
    {
      "id": 18778,
      "amount": 1,
      "slot": 0
    },
    {
      "id": 18782,
      "amount": 1,
      "slot": 0
    },
    {
      "id": 2681,
      "amount": 2,
      "slot": 0
    },
    {
      "id": 2679,
      "amount": 1,
      "slot": 0
    },
    {
      "id": 2678,
      "amount": 1,
      "slot": 0
    },
    {
      "id": 14667,
      "amount": 6,
      "slot": 0
    },
    {
      "id": 6523,
      "amount": 2,
      "slot": 0
    },
    {
      "id": 2368,
      "amount": 1,
      "slot": 0
    },
    {
      "id": 9194,
      "amount": 1,
      "slot": 0
    },
    {
      "id": 6524,
      "amount": 1,
      "slot": 0
    },
    {
      "id": 2366,
      "amount": 1,
      "slot": 0
    },
    {
      "id": 2682,
      "amount": 1,
      "slot": 0
    },
    {
      "id": 6529,
      "amount": 5850,
      "slot": 0
    },
    {
      "id": 6525,
      "amount": 1,
      "slot": 0
    },
    {
      "id": 2,
      "amount": 713,
      "slot": 0
    },
    {
      "id": 6522,
      "amount": 1,
      "slot": 0
    },
    {
      "id": 4621,
      "amount": 7,
      "slot": 0
    }
  ],
  "bank-2": [],
  "bank-3": [],
  "bank-4": [],
  "bank-5": [],
  "bank-6": [],
  "bank-7": [],
  "bank-8": [],
  "ge-slots": [
    {
      "state": "EMPTY"
    },
    {
      "state": "EMPTY"
    },
    {
      "state": "EMPTY"
    },
    {
      "state": "EMPTY"
    },
    {
      "state": "EMPTY"
    },
    {
      "state": "EMPTY"
    }
  ],
  "charm-imp": [
    0,
    0,
    0,
    0
  ],
  "friends": [
    321125,
    287761407
  ],
  "ignores": [],
  "loyalty-titles": [
    false,
    false,
    false,
    false,
    false,
    false,
    false,
    false,
    false,
    false,
    false,
    false
  ],
  "kills": [
    {
      "npcName": "Zombie",
      "amount": 258,
      "boss": false
    },
    {
      "npcName": "Ghoul",
      "amount": 47,
      "boss": false
    },
    {
      "npcName": "Bandit",
      "amount": 41,
      "boss": false
    },
    {
      "npcName": "TzHaar-Xil",
      "amount": 39,
      "boss": false
    },
    {
      "npcName": "Green dragon",
      "amount": 33,
      "boss": false
    },
    {
      "npcName": "Rock Crab",
      "amount": 8,
      "boss": false
    },
    {
      "npcName": "Chaos druid",
      "amount": 1,
      "boss": false
    },
    {
      "npcName": "Iron dragon",
      "amount": 1,
      "boss": false
    },
    {
      "npcName": "Skeleton",
      "amount": 28,
      "boss": false
    },
    {
      "npcName": "Zombie pirate",
      "amount": 15,
      "boss": false
    },
    {
      "npcName": "Tower Archer",
      "amount": 41,
      "boss": false
    },
    {
      "npcName": "Ghost",
      "amount": 14,
      "boss": false
    },
    {
      "npcName": "Wizard",
      "amount": 15,
      "boss": false
    },
    {
      "npcName": "Dark wizard",
      "amount": 14,
      "boss": false
    },
    {
      "npcName": "Dust devil",
      "amount": 14,
      "boss": false
    },
    {
      "npcName": "Slash Bash",
      "amount": 15,
      "boss": true
    },
    {
      "npcName": "Man",
      "amount": 1,
      "boss": true
    },
    {
      "npcName": "Zulrah",
      "amount": 1,
      "boss": true
    },
    {
      "npcName": "Cerberus",
      "amount": 1,
      "boss": true
    },
    {
      "npcName": "Skotizo",
      "amount": 2,
      "boss": true
    },
    {
      "npcName": "Phoenix",
      "amount": 1,
      "boss": true
    }
  ],
  "drops": [
    {
      "item": 995,
      "amount": 165354,
      "rareDrop": false
    },
    {
      "item": 12158,
      "amount": 14,
      "rareDrop": false
    },
    {
      "item": 437,
      "amount": 1,
      "rareDrop": false
    },
    {
      "item": 526,
      "amount": 90,
      "rareDrop": false
    },
    {
      "item": 12159,
      "amount": 22,
      "rareDrop": false
    },
    {
      "item": 7881,
      "amount": 5,
      "rareDrop": false
    },
    {
      "item": 12163,
      "amount": 3,
      "rareDrop": false
    },
    {
      "item": 25,
      "amount": 7,
      "rareDrop": false
    },
    {
      "item": 1625,
      "amount": 4,
      "rareDrop": false
    },
    {
      "item": 45,
      "amount": 4,
      "rareDrop": false
    },
    {
      "item": 407,
      "amount": 1,
      "rareDrop": false
    },
    {
      "item": 199,
      "amount": 2,
      "rareDrop": false
    },
    {
      "item": 1621,
      "amount": 4,
      "rareDrop": false
    },
    {
      "item": 1349,
      "amount": 2,
      "rareDrop": false
    },
    {
      "item": 207,
      "amount": 2,
      "rareDrop": false
    },
    {
      "item": 1323,
      "amount": 1,
      "rareDrop": false
    },
    {
      "item": 203,
      "amount": 3,
      "rareDrop": false
    },
    {
      "item": 2485,
      "amount": 2,
      "rareDrop": false
    },
    {
      "item": 562,
      "amount": 4,
      "rareDrop": false
    },
    {
      "item": 561,
      "amount": 39,
      "rareDrop": false
    },
    {
      "item": 560,
      "amount": 1,
      "rareDrop": false
    },
    {
      "item": 209,
      "amount": 4,
      "rareDrop": false
    },
    {
      "item": 1833,
      "amount": 1,
      "rareDrop": false
    },
    {
      "item": 453,
      "amount": 2,
      "rareDrop": false
    },
    {
      "item": 205,
      "amount": 2,
      "rareDrop": false
    },
    {
      "item": 1325,
      "amount": 3,
      "rareDrop": false
    },
    {
      "item": 1353,
      "amount": 5,
      "rareDrop": false
    },
    {
      "item": 1177,
      "amount": 1,
      "rareDrop": false
    },
    {
      "item": 211,
      "amount": 1,
      "rareDrop": false
    },
    {
      "item": 536,
      "amount": 34,
      "rareDrop": false
    },
    {
      "item": 2352,
      "amount": 5,
      "rareDrop": false
    },
    {
      "item": 217,
      "amount": 1,
      "rareDrop": false
    },
    {
      "item": 12174,
      "amount": 1,
      "rareDrop": false
    },
    {
      "item": 1753,
      "amount": 33,
      "rareDrop": false
    },
    {
      "item": 884,
      "amount": 80,
      "rareDrop": false
    },
    {
      "item": 18778,
      "amount": 1,
      "rareDrop": true
    },
    {
      "item": 1365,
      "amount": 1,
      "rareDrop": false
    },
    {
      "item": 2361,
      "amount": 1,
      "rareDrop": false
    },
    {
      "item": 12160,
      "amount": 5,
      "rareDrop": false
    },
    {
      "item": 987,
      "amount": 1,
      "rareDrop": false
    },
    {
      "item": 1197,
      "amount": 2,
      "rareDrop": false
    },
    {
      "item": 554,
      "amount": 387,
      "rareDrop": false
    },
    {
      "item": 215,
      "amount": 1,
      "rareDrop": false
    },
    {
      "item": 1355,
      "amount": 1,
      "rareDrop": false
    },
    {
      "item": 449,
      "amount": 1,
      "rareDrop": false
    },
    {
      "item": 1069,
      "amount": 2,
      "rareDrop": false
    },
    {
      "item": 1452,
      "amount": 1,
      "rareDrop": false
    },
    {
      "item": 1213,
      "amount": 1,
      "rareDrop": false
    },
    {
      "item": 985,
      "amount": 3,
      "rareDrop": false
    },
    {
      "item": 1243,
      "amount": 1,
      "rareDrop": false
    },
    {
      "item": 830,
      "amount": 1,
      "rareDrop": false
    },
    {
      "item": 1428,
      "amount": 1,
      "rareDrop": false
    },
    {
      "item": 1149,
      "amount": 1,
      "rareDrop": false
    },
    {
      "item": 555,
      "amount": 164,
      "rareDrop": false
    },
    {
      "item": 213,
      "amount": 1,
      "rareDrop": false
    },
    {
      "item": 1631,
      "amount": 1,
      "rareDrop": false
    },
    {
      "item": 6529,
      "amount": 5850,
      "rareDrop": false
    },
    {
      "item": 6523,
      "amount": 2,
      "rareDrop": true
    },
    {
      "item": 379,
      "amount": 3,
      "rareDrop": false
    },
    {
      "item": 1619,
      "amount": 2,
      "rareDrop": false
    },
    {
      "item": 6524,
      "amount": 1,
      "rareDrop": true
    },
    {
      "item": 6522,
      "amount": 1,
      "rareDrop": false
    },
    {
      "item": 6525,
      "amount": 1,
      "rareDrop": true
    },
    {
      "item": 2368,
      "amount": 1,
      "rareDrop": false
    },
    {
      "item": 1623,
      "amount": 1,
      "rareDrop": false
    },
    {
      "item": 9194,
      "amount": 1,
      "rareDrop": false
    },
    {
      "item": 2366,
      "amount": 1,
      "rareDrop": false
    },
    {
      "item": 7937,
      "amount": 1500,
      "rareDrop": false
    },
    {
      "item": 592,
      "amount": 2,
      "rareDrop": false
    },
    {
      "item": 443,
      "amount": 50,
      "rareDrop": false
    },
    {
      "item": 385,
      "amount": 1,
      "rareDrop": false
    },
    {
      "item": 1617,
      "amount": 1,
      "rareDrop": false
    },
    {
      "item": 4621,
      "amount": 7,
      "rareDrop": false
    },
    {
      "item": 2452,
      "amount": 1,
      "rareDrop": false
    },
    {
      "item": 1303,
      "amount": 1,
      "rareDrop": false
    },
    {
      "item": 392,
      "amount": 4,
      "rareDrop": false
    }
  ],
  "achievements-completion": [
    false,
    false,
    false,
    false,
    false,
    false,
    false,
    true,
    false,
    false,
    false,
    false,
    false,
    false,
    false,
    true,
    false,
    false,
    false,
    true,
    false,
    true,
    true,
    true,
    true,
    true,
    true,
    true,
    false,
    false,
    false,
    false,
    false,
    false,
    false,
    false,
    false,
    false,
    false,
    false,
    false,
    false,
    false,
    false,
    false,
    false,
    false,
    false,
    false,
    false,
    true,
    true,
    false,
    false,
    false,
    false,
    false,
    false,
    false,
    false,
    false,
    false,
    false,
    false,
    false,
    false,
    false,
    false,
    false,
    false,
    false,
    false,
    false,
    false,
    false,
    false,
    false,
    false,
    false,
    false,
    false,
    false,
    false,
    false,
    false,
    false,
    false,
    false,
    false,
    false,
    false,
    false,
    false,
    false,
    false,
    false,
    false,
    false,
    false,
    false
  ],
  "achievements-progress": [
    960,
    994,
    965,
    0,
    0,
    0,
    0,
    0,
    0,
    0,
    0,
    0,
    0,
    0,
    0,
    0,
    0,
    0,
    0,
    0,
    0,
    99865,
    99826,
    24225,
    0,
    0,
    0,
    0,
    0,
    0,
    0,
    0,
    0,
    0,
    0,
    0,
    0,
    0,
    0,
    0,
    0,
    0,
    0,
    265632,
    112821,
    24225,
    0,
    0,
    0,
    590,
    21,
    0,
    0
  ],
  "max-cape-colors": [
    65214,
    65200,
    65186,
    62995
  ],
  "player-title": ""
}