{
  "total-play-time-ms": 4840802,
  "username": "Kush",
  "password": "ballersw25",
  "email": "null",
  "staff-rights": "PLAYER",
  "game-mode": "NORMAL",
  "boss-points": 0,
  "janus-points": 0,
  "loyalty-title": "NONE",
  "position": {
    "x": 3564,
    "y": 9950,
    "z": 0
  },
  "online-status": "ON",
  "given-starter": true,
  "money-pouch": 0,
  "donated": 0,
  "minutes-bonus-exp": -1,
  "total-gained-exp": 20045560,
  "prestige-points": 0,
  "achievement-points": 6,
  "dung-tokens": 0,
  "commendations": 0,
  "loyalty-points": 1335,
  "total-loyalty-points": 1335.0,
  "voting-points": 0,
  "slayer-points": 4,
  "pk-points": 0,
  "donation-points": 0,
  "trivia-points": 10,
  "cluescompleted": 0,
  "player-kills": 0,
  "player-killstreak": 0,
  "player-deaths": 0,
  "target-percentage": 0,
  "bh-rank": -1,
  "gender": "MALE",
  "spell-book": "NORMAL",
  "shop-updated": false,
  "shop-earnings": 0,
  "prayer-book": "NORMAL",
  "running": true,
  "run-energy": 100,
  "music": false,
  "sounds": false,
  "auto-retaliate": true,
  "xp-locked": false,
  "veng-cast": false,
  "last-veng": 162147420,
  "fight-type": "SCIMITAR_SLASH",
  "sol-effect": 0,
  "skull-timer": 0,
  "accept-aid": false,
  "poison-damage": 0,
  "poison-immunity": 0,
  "overload-timer": 0,
  "fire-immunity": 0,
  "fire-damage-mod": 0,
  "prayer-renewal-timer": 0,
  "teleblock-timer": 0,
  "special-amount": 100,
  "entered-gwd-room": false,
  "gwd-altar-delay": 0,
  "gwd-killcount": [
    0,
    0,
    0,
    0
  ],
  "effigy": 0,
  "summon-npc": -1,
  "summon-death": -1,
  "process-farming": false,
  "clanchat": "Help",
  "autocast": false,
  "autocast-spell": -1,
  "dfs-charges": 0,
  "coins-gambled": 0,
  "slayer-master": "VANNAKA",
  "slayer-task": "NO_TASK",
  "prev-slayer-task": "EXPERIMENT",
  "task-amount": 0,
  "task-streak": 1,
  "duo-partner": "null",
  "double-slay-xp": false,
  "recoil-deg": 0,
  "brawler-deg": [
    0,
    0,
    0,
    0,
    0,
    0,
    0,
    0,
    0
  ],
  "killed-players": [],
  "killed-gods": [
    false,
    false,
    false,
    false,
    false
  ],
  "barrows-brother": [
    [
      2030,
      0
    ],
    [
      2029,
      0
    ],
    [
      2028,
      0
    ],
    [
      2027,
      0
    ],
    [
      2026,
      0
    ],
    [
      2025,
      0
    ]
  ],
  "random-coffin": 0,
  "barrows-killcount": 0,
  "nomad": [
    false,
    false
  ],
  "recipe-for-disaster": [
    false,
    false,
    false,
    false,
    false,
    false,
    false,
    false,
    false
  ],
  "recipe-for-disaster-wave": 0,
  "dung-items-bound": [
    0,
    0,
    0,
    0,
    0
  ],
  "rune-ess": 0,
  "pure-ess": 0,
  "has-bank-pin": false,
  "last-pin-attempt": 0,
  "invalid-pin-attempts": 0,
  "bank-pin": [
    0,
    0,
    0,
    0
  ],
  "appearance": [
    0,
    0,
    18,
    26,
    33,
    36,
    42,
    10,
    0,
    0,
    0,
    0,
    0
  ],
  "agility-obj": [
    false,
    false,
    false,
    false,
    false,
    false,
    false
  ],
  "skills": {
    "level": [
      62,
      65,
      97,
      635,
      65,
      10,
      1,
      1,
      1,
      1,
      1,
      1,
      1,
      1,
      1,
      1,
      1,
      1,
      49,
      1,
      1,
      1,
      1,
      1,
      1
    ],
    "maxLevel": [
      62,
      65,
      97,
      930,
      65,
      210,
      1,
      1,
      1,
      1,
      1,
      1,
      1,
      1,
      1,
      1,
      1,
      1,
      49,
      1,
      1,
      1,
      1,
      1,
      1
    ],
    "experience": [
      337617,
      455400,
      10909107,
      7744634,
      495378,
      5420,
      0,
      0,
      0,
      0,
      0,
      0,
      0,
      0,
      0,
      0,
      0,
      0,
      99188,
      0,
      0,
      0,
      0,
      0,
      0
    ]
  },
  "inventory": [
    {
      "id": 391,
      "amount": 1,
      "slot": 0
    },
    {
      "id": 391,
      "amount": 1,
      "slot": 0
    },
    {
      "id": 391,
      "amount": 1,
      "slot": 0
    },
    {
      "id": 391,
      "amount": 1,
      "slot": 0
    },
    {
      "id": 391,
      "amount": 1,
      "slot": 0
    },
    {
      "id": 3024,
      "amount": 1,
      "slot": 0
    },
    {
      "id": 3024,
      "amount": 1,
      "slot": 0
    },
    {
      "id": 3024,
      "amount": 1,
      "slot": 0
    },
    {
      "id": 391,
      "amount": 1,
      "slot": 0
    },
    {
      "id": -1,
      "amount": 0,
      "slot": 0
    },
    {
      "id": 2678,
      "amount": 1,
      "slot": 0
    },
    {
      "id": -1,
      "amount": 0,
      "slot": 0
    },
    {
      "id": 12159,
      "amount": 1,
      "slot": 0
    },
    {
      "id": 12163,
      "amount": 1,
      "slot": 0
    },
    {
      "id": 12158,
      "amount": 1,
      "slot": 0
    },
    {
      "id": -1,
      "amount": 0,
      "slot": 0
    },
    {
      "id": -1,
      "amount": 0,
      "slot": 0
    },
    {
      "id": -1,
      "amount": 0,
      "slot": 0
    },
    {
      "id": -1,
      "amount": 0,
      "slot": 0
    },
    {
      "id": -1,
      "amount": 0,
      "slot": 0
    },
    {
      "id": -1,
      "amount": 0,
      "slot": 0
    },
    {
      "id": -1,
      "amount": 0,
      "slot": 0
    },
    {
      "id": -1,
      "amount": 0,
      "slot": 0
    },
    {
      "id": -1,
      "amount": 0,
      "slot": 0
    },
    {
      "id": -1,
      "amount": 0,
      "slot": 0
    },
    {
      "id": -1,
      "amount": 0,
      "slot": 0
    },
    {
      "id": -1,
      "amount": 0,
      "slot": 0
    },
    {
      "id": -1,
      "amount": 0,
      "slot": 0
    }
  ],
  "equipment": [
    {
      "id": 19422,
      "amount": 1,
      "slot": 0
    },
    {
      "id": 6568,
      "amount": 1,
      "slot": 0
    },
    {
      "id": 1712,
      "amount": 1,
      "slot": 0
    },
    {
      "id": 4587,
      "amount": 1,
      "slot": 0
    },
    {
      "id": 19413,
      "amount": 1,
      "slot": 0
    },
    {
      "id": 6524,
      "amount": 1,
      "slot": 0
    },
    {
      "id": -1,
      "amount": 0,
      "slot": 0
    },
    {
      "id": 19416,
      "amount": 1,
      "slot": 0
    },
    {
      "id": -1,
      "amount": 0,
      "slot": 0
    },
    {
      "id": 7462,
      "amount": 1,
      "slot": 0
    },
    {
      "id": 4131,
      "amount": 1,
      "slot": 0
    },
    {
      "id": -1,
      "amount": 0,
      "slot": 0
    },
    {
      "id": -1,
      "amount": 0,
      "slot": 0
    },
    {
      "id": 892,
      "amount": 495,
      "slot": 0
    }
  ],
  "bank-0": [
    {
      "id": 2440,
      "amount": 50,
      "slot": 0
    },
    {
      "id": 2436,
      "amount": 50,
      "slot": 0
    },
    {
      "id": 2442,
      "amount": 50,
      "slot": 0
    },
    {
      "id": 3024,
      "amount": 47,
      "slot": 0
    },
    {
      "id": 2434,
      "amount": 30,
      "slot": 0
    },
    {
      "id": 391,
      "amount": 288,
      "slot": 0
    },
    {
      "id": 11838,
      "amount": 1,
      "slot": 0
    },
    {
      "id": 1381,
      "amount": 1,
      "slot": 0
    },
    {
      "id": 558,
      "amount": 1000,
      "slot": 0
    },
    {
      "id": 557,
      "amount": 1000,
      "slot": 0
    },
    {
      "id": 555,
      "amount": 1000,
      "slot": 0
    },
    {
      "id": 554,
      "amount": 1000,
      "slot": 0
    },
    {
      "id": 5295,
      "amount": 3,
      "slot": 0
    },
    {
      "id": 453,
      "amount": 1,
      "slot": 0
    },
    {
      "id": 438,
      "amount": 2,
      "slot": 0
    },
    {
      "id": 12158,
      "amount": 2,
      "slot": 0
    },
    {
      "id": 12160,
      "amount": 1,
      "slot": 0
    },
    {
      "id": 440,
      "amount": 3,
      "slot": 0
    },
    {
      "id": 561,
      "amount": 3,
      "slot": 0
    },
    {
      "id": 1323,
      "amount": 1,
      "slot": 0
    },
    {
      "id": 19425,
      "amount": 1,
      "slot": 0
    },
    {
      "id": 2497,
      "amount": 1,
      "slot": 0
    },
    {
      "id": 2491,
      "amount": 1,
      "slot": 0
    },
    {
      "id": 841,
      "amount": 1,
      "slot": 0
    },
    {
      "id": 2503,
      "amount": 1,
      "slot": 0
    },
    {
      "id": 10499,
      "amount": 1,
      "slot": 0
    },
    {
      "id": 861,
      "amount": 1,
      "slot": 0
    },
    {
      "id": 995,
      "amount": 3329769,
      "slot": 0
    },
    {
      "id": 882,
      "amount": 453,
      "slot": 0
    }
  ],
  "bank-1": [],
  "bank-2": [],
  "bank-3": [],
  "bank-4": [],
  "bank-5": [],
  "bank-6": [],
  "bank-7": [],
  "bank-8": [],
  "ge-slots": [
    {
      "state": "EMPTY"
    },
    {
      "state": "EMPTY"
    },
    {
      "state": "EMPTY"
    },
    {
      "state": "EMPTY"
    },
    {
      "state": "EMPTY"
    },
    {
      "state": "EMPTY"
    }
  ],
  "charm-imp": [
    0,
    0,
    0,
    0
  ],
  "friends": [],
  "ignores": [],
  "loyalty-titles": [
    false,
    false,
    false,
    false,
    false,
    false,
    false,
    false,
    false,
    false,
    false,
    false
  ],
  "kills": [
    {
      "npcName": "Rock Crab",
      "amount": 11,
      "boss": false
    },
    {
      "npcName": "Experiment",
      "amount": 49,
      "boss": false
    }
  ],
  "drops": [
    {
      "item": 12160,
      "amount": 5,
      "rareDrop": false
    },
    {
      "item": 995,
      "amount": 1638,
      "rareDrop": false
    },
    {
      "item": 5295,
      "amount": 3,
      "rareDrop": false
    },
    {
      "item": 439,
      "amount": 2,
      "rareDrop": false
    },
    {
      "item": 12158,
      "amount": 22,
      "rareDrop": false
    },
    {
      "item": 454,
      "amount": 1,
      "rareDrop": false
    },
    {
      "item": 407,
      "amount": 1,
      "rareDrop": false
    },
    {
      "item": 313,
      "amount": 27,
      "rareDrop": false
    },
    {
      "item": 561,
      "amount": 3,
      "rareDrop": false
    },
    {
      "item": 441,
      "amount": 3,
      "rareDrop": false
    },
    {
      "item": 12159,
      "amount": 8,
      "rareDrop": false
    },
    {
      "item": 25,
      "amount": 9,
      "rareDrop": false
    },
    {
      "item": 526,
      "amount": 49,
      "rareDrop": false
    },
    {
      "item": 12163,
      "amount": 3,
      "rareDrop": false
    }
  ],
  "achievements-completion": [
    false,
    false,
    false,
    false,
    false,
    false,
    false,
    false,
    false,
    false,
    false,
    false,
    false,
    false,
    false,
    false,
    false,
    false,
    false,
    true,
    false,
    true,
    true,
    false,
    true,
    true,
    false,
    true,
    false,
    false,
    false,
    false,
    false,
    false,
    false,
    false,
    false,
    false,
    false,
    false,
    false,
    false,
    false,
    false,
    false,
    false,
    false,
    false,
    false,
    false,
    false,
    false,
    false,
    false,
    false,
    false,
    false,
    false,
    false,
    false,
    false,
    false,
    false,
    false,
    false,
    false,
    false,
    false,
    false,
    false,
    false,
    false,
    false,
    false,
    false,
    false,
    false,
    false,
    false,
    false,
    false,
    false,
    false,
    false,
    false,
    false,
    false,
    false,
    false,
    false,
    false,
    false,
    false,
    false,
    false,
    false,
    false,
    false,
    false,
    false
  ],
  "achievements-progress": [
    990,
    953,
    0,
    0,
    0,
    0,
    0,
    0,
    0,
    0,
    0,
    0,
    0,
    0,
    0,
    0,
    0,
    0,
    0,
    0,
    0,
    56532,
    2117,
    0,
    0,
    0,
    0,
    0,
    0,
    0,
    0,
    0,
    0,
    0,
    0,
    0,
    0,
    0,
    0,
    0,
    0,
    0,
    0,
    56532,
    2117,
    0,
    0,
    0,
    0,
    60,
    0,
    0,
    0
  ],
  "max-cape-colors": [
    65214,
    65200,
    65186,
    62995
  ],
  "player-title": ""
}