{
  "total-play-time-ms": 10159200,
  "username": "Maknus",
  "password": "team44",
  "email": "null",
  "staff-rights": "PLAYER",
  "game-mode": "NORMAL",
  "boss-points": 0,
  "janus-points": 0,
  "loyalty-title": "NONE",
  "position": {
    "x": 2739,
    "y": 5103,
    "z": 0
  },
  "online-status": "ON",
  "given-starter": true,
  "money-pouch": 101744,
  "donated": 0,
  "minutes-bonus-exp": -1,
  "total-gained-exp": 1254646,
  "prestige-points": 0,
  "achievement-points": 7,
  "dung-tokens": 0,
  "commendations": 0,
  "loyalty-points": 1408,
  "total-loyalty-points": 1408.0,
  "voting-points": 0,
  "slayer-points": 8,
  "pk-points": 0,
  "donation-points": 0,
  "trivia-points": 0,
  "cluescompleted": 1,
  "player-kills": 0,
  "player-killstreak": 0,
  "player-deaths": 0,
  "target-percentage": 0,
  "bh-rank": -1,
  "gender": "MALE",
  "spell-book": "NORMAL",
  "shop-updated": false,
  "shop-earnings": 0,
  "prayer-book": "NORMAL",
  "running": true,
  "run-energy": 100,
  "music": false,
  "sounds": false,
  "auto-retaliate": true,
  "xp-locked": false,
  "veng-cast": false,
  "last-veng": 1590008909298,
  "fight-type": "CROSSBOW_LONGRANGE",
  "sol-effect": -1,
  "skull-timer": 0,
  "accept-aid": false,
  "poison-damage": 0,
  "poison-immunity": 0,
  "overload-timer": 0,
  "fire-immunity": 0,
  "fire-damage-mod": 0,
  "prayer-renewal-timer": 0,
  "teleblock-timer": 0,
  "special-amount": 100,
  "entered-gwd-room": false,
  "gwd-altar-delay": 0,
  "gwd-killcount": [
    0,
    0,
    0,
    0
  ],
  "effigy": 0,
  "summon-npc": -1,
  "summon-death": -1,
  "process-farming": false,
  "clanchat": "Help",
  "autocast": false,
  "autocast-spell": -1,
  "dfs-charges": 0,
  "coins-gambled": 0,
  "slayer-master": "DURADEL",
  "slayer-task": "JUNGLE_STRYKEWYRM",
  "prev-slayer-task": "EXPERIMENT",
  "task-amount": 29,
  "task-streak": 1,
  "duo-partner": "null",
  "double-slay-xp": false,
  "recoil-deg": 0,
  "brawler-deg": [
    0,
    0,
    0,
    0,
    0,
    0,
    0,
    0,
    0
  ],
  "killed-players": [],
  "killed-gods": [
    false,
    false,
    false,
    false,
    false
  ],
  "barrows-brother": [
    [
      2030,
      0
    ],
    [
      2029,
      0
    ],
    [
      2028,
      0
    ],
    [
      2027,
      0
    ],
    [
      2026,
      0
    ],
    [
      2025,
      0
    ]
  ],
  "random-coffin": 0,
  "barrows-killcount": 0,
  "nomad": [
    false,
    false
  ],
  "recipe-for-disaster": [
    false,
    false,
    false,
    false,
    false,
    false,
    false,
    false,
    false
  ],
  "recipe-for-disaster-wave": 0,
  "dung-items-bound": [
    0,
    0,
    0,
    0,
    0
  ],
  "rune-ess": 0,
  "pure-ess": 0,
  "has-bank-pin": false,
  "last-pin-attempt": 0,
  "invalid-pin-attempts": 0,
  "bank-pin": [
    0,
    0,
    0,
    0
  ],
  "appearance": [
    0,
    0,
    18,
    26,
    33,
    36,
    42,
    10,
    0,
    0,
    0,
    0,
    0
  ],
  "agility-obj": [
    false,
    false,
    false,
    false,
    false,
    false,
    false
  ],
  "skills": {
    "level": [
      1,
      87,
      1,
      405,
      99,
      93,
      1,
      1,
      73,
      1,
      1,
      74,
      1,
      1,
      14,
      1,
      1,
      71,
      59,
      1,
      1,
      1,
      1,
      1,
      1
    ],
    "maxLevel": [
      1,
      87,
      1,
      980,
      99,
      760,
      1,
      1,
      73,
      1,
      1,
      74,
      1,
      1,
      14,
      1,
      1,
      71,
      59,
      1,
      1,
      1,
      1,
      1,
      1
    ],
    "experience": [
      0,
      4091256,
      0,
      12920956,
      18210161,
      1436730,
      0,
      0,
      996024,
      0,
      0,
      1162023,
      0,
      0,
      2170,
      0,
      0,
      858884,
      257890,
      0,
      0,
      0,
      0,
      0,
      0
    ]
  },
  "inventory": [
    {
      "id": 5298,
      "amount": 1,
      "slot": 0
    },
    {
      "id": 7937,
      "amount": 800,
      "slot": 0
    },
    {
      "id": 5281,
      "amount": 1,
      "slot": 0
    },
    {
      "id": 5972,
      "amount": 1,
      "slot": 0
    },
    {
      "id": 5299,
      "amount": 1,
      "slot": 0
    },
    {
      "id": 995,
      "amount": 43780,
      "slot": 0
    },
    {
      "id": 5297,
      "amount": 1,
      "slot": 0
    },
    {
      "id": 205,
      "amount": 1,
      "slot": 0
    },
    {
      "id": 2678,
      "amount": 1,
      "slot": 0
    },
    {
      "id": 9075,
      "amount": 620,
      "slot": 0
    },
    {
      "id": 561,
      "amount": 138,
      "slot": 0
    },
    {
      "id": 1440,
      "amount": 1,
      "slot": 0
    },
    {
      "id": 9144,
      "amount": 200,
      "slot": 0
    },
    {
      "id": 25,
      "amount": 3,
      "slot": 0
    },
    {
      "id": 1448,
      "amount": 1,
      "slot": 0
    },
    {
      "id": 1440,
      "amount": 1,
      "slot": 0
    },
    {
      "id": 1448,
      "amount": 1,
      "slot": 0
    },
    {
      "id": 12160,
      "amount": 1,
      "slot": 0
    },
    {
      "id": 12158,
      "amount": 3,
      "slot": 0
    },
    {
      "id": 167,
      "amount": 1,
      "slot": 0
    },
    {
      "id": 167,
      "amount": 1,
      "slot": 0
    },
    {
      "id": -1,
      "amount": 0,
      "slot": 0
    },
    {
      "id": -1,
      "amount": 0,
      "slot": 0
    },
    {
      "id": -1,
      "amount": 0,
      "slot": 0
    },
    {
      "id": -1,
      "amount": 0,
      "slot": 0
    },
    {
      "id": -1,
      "amount": 0,
      "slot": 0
    },
    {
      "id": -1,
      "amount": 0,
      "slot": 0
    },
    {
      "id": -1,
      "amount": 0,
      "slot": 0
    }
  ],
  "equipment": [
    {
      "id": 1163,
      "amount": 1,
      "slot": 0
    },
    {
      "id": -1,
      "amount": 0,
      "slot": 0
    },
    {
      "id": -1,
      "amount": 0,
      "slot": 0
    },
    {
      "id": 9185,
      "amount": 1,
      "slot": 0
    },
    {
      "id": 1127,
      "amount": 1,
      "slot": 0
    },
    {
      "id": 1201,
      "amount": 1,
      "slot": 0
    },
    {
      "id": -1,
      "amount": 0,
      "slot": 0
    },
    {
      "id": 1079,
      "amount": 1,
      "slot": 0
    },
    {
      "id": -1,
      "amount": 0,
      "slot": 0
    },
    {
      "id": -1,
      "amount": 0,
      "slot": 0
    },
    {
      "id": -1,
      "amount": 0,
      "slot": 0
    },
    {
      "id": -1,
      "amount": 0,
      "slot": 0
    },
    {
      "id": -1,
      "amount": 0,
      "slot": 0
    },
    {
      "id": 9245,
      "amount": 10,
      "slot": 0
    }
  ],
  "bank-0": [
    {
      "id": 2440,
      "amount": 50,
      "slot": 0
    },
    {
      "id": 2436,
      "amount": 50,
      "slot": 0
    },
    {
      "id": 2442,
      "amount": 50,
      "slot": 0
    },
    {
      "id": 3024,
      "amount": 50,
      "slot": 0
    },
    {
      "id": 2434,
      "amount": 30,
      "slot": 0
    },
    {
      "id": 391,
      "amount": 290,
      "slot": 0
    },
    {
      "id": 1323,
      "amount": 1,
      "slot": 0
    },
    {
      "id": 1333,
      "amount": 1,
      "slot": 0
    },
    {
      "id": 11818,
      "amount": 1,
      "slot": 0
    },
    {
      "id": 6568,
      "amount": 1,
      "slot": 0
    },
    {
      "id": 1381,
      "amount": 1,
      "slot": 0
    },
    {
      "id": 558,
      "amount": 1000,
      "slot": 0
    },
    {
      "id": 557,
      "amount": 1000,
      "slot": 0
    },
    {
      "id": 555,
      "amount": 1000,
      "slot": 0
    },
    {
      "id": 554,
      "amount": 1000,
      "slot": 0
    },
    {
      "id": 841,
      "amount": 1,
      "slot": 0
    },
    {
      "id": 12158,
      "amount": 5,
      "slot": 0
    },
    {
      "id": 882,
      "amount": 500,
      "slot": 0
    },
    {
      "id": 995,
      "amount": 12963,
      "slot": 0
    },
    {
      "id": 536,
      "amount": 424,
      "slot": 0
    },
    {
      "id": 861,
      "amount": 1,
      "slot": 0
    },
    {
      "id": 892,
      "amount": 500,
      "slot": 0
    },
    {
      "id": 4155,
      "amount": 1,
      "slot": 0
    },
    {
      "id": 2679,
      "amount": 1,
      "slot": 0
    },
    {
      "id": 12163,
      "amount": 1,
      "slot": 0
    },
    {
      "id": 25,
      "amount": 4,
      "slot": 0
    },
    {
      "id": 5312,
      "amount": 2,
      "slot": 0
    },
    {
      "id": 1265,
      "amount": 1,
      "slot": 0
    },
    {
      "id": 436,
      "amount": 1,
      "slot": 0
    },
    {
      "id": 5075,
      "amount": 2,
      "slot": 0
    },
    {
      "id": 1351,
      "amount": 1,
      "slot": 0
    }
  ],
  "bank-1": [],
  "bank-2": [],
  "bank-3": [],
  "bank-4": [],
  "bank-5": [],
  "bank-6": [],
  "bank-7": [],
  "bank-8": [],
  "ge-slots": [
    {
      "state": "EMPTY"
    },
    {
      "state": "EMPTY"
    },
    {
      "state": "EMPTY"
    },
    {
      "state": "EMPTY"
    },
    {
      "state": "EMPTY"
    },
    {
      "state": "EMPTY"
    }
  ],
  "charm-imp": [
    0,
    0,
    0,
    0
  ],
  "friends": [],
  "ignores": [],
  "loyalty-titles": [
    false,
    false,
    false,
    false,
    false,
    false,
    false,
    false,
    false,
    false,
    false,
    false
  ],
  "kills": [
    {
      "npcName": "Rock Crab",
      "amount": 8,
      "boss": false
    },
    {
      "npcName": "Experiment",
      "amount": 56,
      "boss": false
    },
    {
      "npcName": "Bandit",
      "amount": 2,
      "boss": false
    },
    {
      "npcName": "Yak",
      "amount": 2,
      "boss": false
    },
    {
      "npcName": "Ghoul",
      "amount": 2,
      "boss": false
    },
    {
      "npcName": "Armoured Zombie",
      "amount": 3,
      "boss": false
    },
    {
      "npcName": "Jungle strykewyrm",
      "amount": 9,
      "boss": false
    }
  ],
  "drops": [
    {
      "item": 407,
      "amount": 1,
      "rareDrop": false
    },
    {
      "item": 12159,
      "amount": 11,
      "rareDrop": false
    },
    {
      "item": 12163,
      "amount": 4,
      "rareDrop": false
    },
    {
      "item": 995,
      "amount": 45043,
      "rareDrop": false
    },
    {
      "item": 403,
      "amount": 1,
      "rareDrop": false
    },
    {
      "item": 12158,
      "amount": 26,
      "rareDrop": false
    },
    {
      "item": 15188,
      "amount": 1,
      "rareDrop": false
    },
    {
      "item": 1625,
      "amount": 2,
      "rareDrop": false
    },
    {
      "item": 1454,
      "amount": 1,
      "rareDrop": false
    },
    {
      "item": 313,
      "amount": 9,
      "rareDrop": false
    },
    {
      "item": 526,
      "amount": 60,
      "rareDrop": false
    },
    {
      "item": 213,
      "amount": 1,
      "rareDrop": false
    },
    {
      "item": 25,
      "amount": 7,
      "rareDrop": false
    },
    {
      "item": 2485,
      "amount": 1,
      "rareDrop": false
    },
    {
      "item": 12160,
      "amount": 1,
      "rareDrop": false
    },
    {
      "item": 205,
      "amount": 1,
      "rareDrop": false
    },
    {
      "item": 1448,
      "amount": 2,
      "rareDrop": false
    },
    {
      "item": 379,
      "amount": 1,
      "rareDrop": false
    },
    {
      "item": 1440,
      "amount": 2,
      "rareDrop": false
    },
    {
      "item": 5297,
      "amount": 1,
      "rareDrop": false
    },
    {
      "item": 167,
      "amount": 2,
      "rareDrop": false
    },
    {
      "item": 561,
      "amount": 138,
      "rareDrop": false
    },
    {
      "item": 5299,
      "amount": 1,
      "rareDrop": false
    },
    {
      "item": 5281,
      "amount": 1,
      "rareDrop": false
    },
    {
      "item": 7937,
      "amount": 800,
      "rareDrop": false
    },
    {
      "item": 5972,
      "amount": 1,
      "rareDrop": false
    },
    {
      "item": 5298,
      "amount": 1,
      "rareDrop": false
    }
  ],
  "achievements-completion": [
    false,
    false,
    true,
    true,
    false,
    false,
    false,
    false,
    false,
    false,
    false,
    false,
    false,
    false,
    false,
    true,
    false,
    false,
    false,
    true,
    false,
    false,
    true,
    false,
    false,
    true,
    false,
    true,
    false,
    false,
    false,
    false,
    false,
    false,
    false,
    false,
    false,
    false,
    false,
    false,
    false,
    false,
    false,
    false,
    false,
    false,
    false,
    false,
    false,
    false,
    false,
    false,
    false,
    false,
    false,
    false,
    false,
    false,
    false,
    false,
    false,
    false,
    false,
    false,
    false,
    false,
    false,
    false,
    false,
    false,
    false,
    false,
    false,
    false,
    false,
    false,
    false,
    false,
    false,
    false,
    false,
    false,
    false,
    false,
    false,
    false,
    false,
    false,
    false,
    false,
    false,
    false,
    false,
    false,
    false,
    false,
    false,
    false,
    false,
    false
  ],
  "achievements-progress": [
    0,
    917,
    0,
    0,
    0,
    0,
    0,
    0,
    0,
    0,
    0,
    0,
    0,
    0,
    0,
    0,
    0,
    0,
    0,
    0,
    0,
    0,
    84380,
    0,
    0,
    0,
    0,
    0,
    0,
    0,
    0,
    0,
    0,
    0,
    0,
    0,
    0,
    0,
    0,
    0,
    0,
    0,
    0,
    0,
    84380,
    0,
    0,
    0,
    0,
    82,
    0,
    0,
    0
  ],
  "max-cape-colors": [
    65214,
    65200,
    65186,
    62995
  ],
  "player-title": ""
}