{
  "total-play-time-ms": 1187312013,
  "username": "Metasploit",
  "password": "xboxlol",
  "email": "null",
  "staff-rights": "MODERATOR",
  "game-mode": "NORMAL",
  "boss-points": 2,
  "janus-points": 0,
  "loyalty-title": "NONE",
  "position": {
    "x": 2716,
    "y": 5311,
    "z": 0
  },
  "online-status": "ON",
  "given-starter": true,
  "money-pouch": 3766031151,
  "donated": 60,
  "minutes-bonus-exp": -1,
  "total-gained-exp": 1468170,
  "prestige-points": 18,
  "achievement-points": 79,
  "dung-tokens": 194,
  "commendations": 32,
  "loyalty-points": 209655,
  "total-loyalty-points": 219656.5,
  "voting-points": 8,
  "slayer-points": 120,
  "pk-points": 2,
  "donation-points": 0,
  "afk-points": 0,
  "trivia-points": 266,
  "cluescompleted": 1,
  "player-kills": 1,
  "player-killstreak": 2,
  "player-deaths": 0,
  "target-percentage": 100,
  "bh-rank": 2,
  "gender": "MALE",
  "spell-book": "ANCIENT",
  "shop-updated": true,
  "shop-earnings": 140000,
  "prayer-book": "CURSES",
  "running": true,
  "run-energy": 100,
  "music": true,
  "sounds": false,
  "auto-retaliate": true,
  "xp-locked": false,
  "veng-cast": false,
  "last-veng": 218618958,
  "fight-type": "UNARMED_KICK",
  "sol-effect": -1,
  "skull-timer": 0,
  "accept-aid": false,
  "poison-damage": 0,
  "poison-immunity": 0,
  "overload-timer": 0,
  "fire-immunity": 360,
  "fire-damage-mod": 50,
  "prayer-renewal-timer": 0,
  "teleblock-timer": 0,
  "special-amount": 100,
  "entered-gwd-room": false,
  "gwd-altar-delay": 0,
  "gwd-killcount": [
    0,
    0,
    0,
    0
  ],
  "effigy": 0,
  "summon-npc": -1,
  "summon-death": -1,
  "process-farming": true,
  "clanchat": "Help",
  "autocast": false,
  "autocast-spell": -1,
  "dfs-charges": 0,
  "coins-gambled": 2000000,
  "slayer-master": "VANNAKA",
  "slayer-task": "NO_TASK",
  "prev-slayer-task": "GREEN_BRUTAL_DRAGON",
  "task-amount": 0,
  "task-streak": 0,
  "duo-partner": "null",
  "double-slay-xp": false,
  "recoil-deg": 11,
  "brawler-deg": [
    0,
    0,
    0,
    0,
    0,
    0,
    0,
    0,
    0
  ],
  "killed-players": [
    "Alt"
  ],
  "killed-gods": [
    true,
    false,
    true,
    true,
    true
  ],
  "barrows-brother": [
    [
      2030,
      0
    ],
    [
      2029,
      0
    ],
    [
      2028,
      0
    ],
    [
      2027,
      0
    ],
    [
      2026,
      0
    ],
    [
      2025,
      0
    ]
  ],
  "random-coffin": 0,
  "barrows-killcount": 0,
  "nomad": [
    true,
    true
  ],
  "recipe-for-disaster": [
    true,
    true,
    false,
    true,
    true,
    true,
    true,
    true,
    true
  ],
  "recipe-for-disaster-wave": 6,
  "dung-items-bound": [
    16137,
    15924,
    16206,
    0,
    0
  ],
  "rune-ess": 0,
  "pure-ess": 0,
  "has-bank-pin": false,
  "last-pin-attempt": 0,
  "invalid-pin-attempts": 0,
  "bank-pin": [
    0,
    0,
    0,
    0
  ],
  "appearance": [
    1,
    48,
    56,
    61,
    67,
    70,
    79,
    -1,
    3,
    1,
    2,
    0,
    0
  ],
  "agility-obj": [
    false,
    false,
    false,
    false,
    false,
    false,
    false
  ],
  "skills": {
    "level": [
      99,
      99,
      99,
      990,
      99,
      987,
      99,
      99,
      99,
      99,
      99,
      99,
      99,
      99,
      99,
      99,
      99,
      99,
      99,
      99,
      99,
      99,
      99,
      99,
      99
    ],
    "maxLevel": [
      99,
      99,
      99,
      990,
      99,
      990,
      99,
      99,
      99,
      99,
      99,
      99,
      99,
      99,
      99,
      99,
      99,
      99,
      99,
      99,
      99,
      99,
      99,
      99,
      99
    ],
    "experience": [
      38158267,
      111117113,
      582369515,
      1000000000,
      1000000000,
      28481791,
      88671510,
      126271824,
      120736429,
      18420814,
      207527973,
      114679611,
      21772431,
      19152483,
      377567836,
      14053224,
      13593719,
      15836291,
      13062944,
      13251100,
      16459003,
      13241071,
      27904776,
      19894372,
      18973935
    ]
  },
  "inventory": [
    {
      "id": 995,
      "amount": 85000,
      "slot": 0
    },
    {
      "id": 1040,
      "amount": 1,
      "slot": 0
    },
    {
      "id": 2591,
      "amount": 1,
      "slot": 0
    },
    {
      "id": 2593,
      "amount": 1,
      "slot": 0
    },
    {
      "id": 2597,
      "amount": 1,
      "slot": 0
    },
    {
      "id": 3486,
      "amount": 1,
      "slot": 0
    },
    {
      "id": 3483,
      "amount": 1,
      "slot": 0
    },
    {
      "id": 2595,
      "amount": 1,
      "slot": 0
    },
    {
      "id": 3488,
      "amount": 1,
      "slot": 0
    },
    {
      "id": 2581,
      "amount": 1,
      "slot": 0
    },
    {
      "id": -1,
      "amount": 0,
      "slot": 0
    },
    {
      "id": -1,
      "amount": 0,
      "slot": 0
    },
    {
      "id": -1,
      "amount": 0,
      "slot": 0
    },
    {
      "id": -1,
      "amount": 0,
      "slot": 0
    },
    {
      "id": -1,
      "amount": 0,
      "slot": 0
    },
    {
      "id": -1,
      "amount": 0,
      "slot": 0
    },
    {
      "id": -1,
      "amount": 0,
      "slot": 0
    },
    {
      "id": -1,
      "amount": 0,
      "slot": 0
    },
    {
      "id": -1,
      "amount": 0,
      "slot": 0
    },
    {
      "id": -1,
      "amount": 0,
      "slot": 0
    },
    {
      "id": -1,
      "amount": 0,
      "slot": 0
    },
    {
      "id": -1,
      "amount": 0,
      "slot": 0
    },
    {
      "id": -1,
      "amount": 0,
      "slot": 0
    },
    {
      "id": -1,
      "amount": 0,
      "slot": 0
    },
    {
      "id": -1,
      "amount": 0,
      "slot": 0
    },
    {
      "id": -1,
      "amount": 0,
      "slot": 0
    },
    {
      "id": -1,
      "amount": 0,
      "slot": 0
    },
    {
      "id": -1,
      "amount": 0,
      "slot": 0
    }
  ],
  "equipment": [
    {
      "id": 12279,
      "amount": 1,
      "slot": 0
    },
    {
      "id": 14019,
      "amount": 1,
      "slot": 0
    },
    {
      "id": 19335,
      "amount": 1,
      "slot": 0
    },
    {
      "id": 15259,
      "amount": 1,
      "slot": 0
    },
    {
      "id": 10551,
      "amount": 1,
      "slot": 0
    },
    {
      "id": 11283,
      "amount": 1,
      "slot": 0
    },
    {
      "id": -1,
      "amount": 0,
      "slot": 0
    },
    {
      "id": 11726,
      "amount": 1,
      "slot": 0
    },
    {
      "id": -1,
      "amount": 0,
      "slot": 0
    },
    {
      "id": 7462,
      "amount": 1,
      "slot": 0
    },
    {
      "id": 13239,
      "amount": 1,
      "slot": 0
    },
    {
      "id": -1,
      "amount": 0,
      "slot": 0
    },
    {
      "id": 18898,
      "amount": 1,
      "slot": 0
    },
    {
      "id": 11212,
      "amount": 1,
      "slot": 0
    }
  ],
  "bank-0": [
    {
      "id": 2434,
      "amount": 289,
      "slot": 0
    },
    {
      "id": 2442,
      "amount": 507,
      "slot": 0
    },
    {
      "id": 2452,
      "amount": 1,
      "slot": 0
    },
    {
      "id": 2444,
      "amount": 29,
      "slot": 0
    },
    {
      "id": 3024,
      "amount": 862,
      "slot": 0
    },
    {
      "id": 15333,
      "amount": 2,
      "slot": 0
    },
    {
      "id": 2440,
      "amount": 499,
      "slot": 0
    },
    {
      "id": 2436,
      "amount": 499,
      "slot": 0
    },
    {
      "id": 15272,
      "amount": 2246,
      "slot": 0
    },
    {
      "id": 385,
      "amount": 752,
      "slot": 0
    },
    {
      "id": 139,
      "amount": 4,
      "slot": 0
    },
    {
      "id": 163,
      "amount": 1,
      "slot": 0
    },
    {
      "id": 2454,
      "amount": 3,
      "slot": 0
    },
    {
      "id": 169,
      "amount": 3,
      "slot": 0
    },
    {
      "id": 3026,
      "amount": 30,
      "slot": 0
    },
    {
      "id": 157,
      "amount": 3,
      "slot": 0
    },
    {
      "id": 145,
      "amount": 3,
      "slot": 0
    },
    {
      "id": 7946,
      "amount": 358,
      "slot": 0
    },
    {
      "id": 391,
      "amount": 2264,
      "slot": 0
    },
    {
      "id": 141,
      "amount": 2,
      "slot": 0
    },
    {
      "id": 165,
      "amount": 1,
      "slot": 0
    },
    {
      "id": 2456,
      "amount": 3,
      "slot": 0
    },
    {
      "id": 171,
      "amount": 4,
      "slot": 0
    },
    {
      "id": 3028,
      "amount": 50,
      "slot": 0
    },
    {
      "id": 15334,
      "amount": 31,
      "slot": 0
    },
    {
      "id": 159,
      "amount": 2,
      "slot": 0
    },
    {
      "id": 147,
      "amount": 2,
      "slot": 0
    },
    {
      "id": 12093,
      "amount": 102,
      "slot": 0
    },
    {
      "id": 6570,
      "amount": 2,
      "slot": 0
    },
    {
      "id": 143,
      "amount": 4,
      "slot": 0
    },
    {
      "id": 167,
      "amount": 1,
      "slot": 0
    },
    {
      "id": 2458,
      "amount": 4,
      "slot": 0
    },
    {
      "id": 173,
      "amount": 2,
      "slot": 0
    },
    {
      "id": 3030,
      "amount": 29,
      "slot": 0
    },
    {
      "id": 15335,
      "amount": 10,
      "slot": 0
    },
    {
      "id": 161,
      "amount": 1,
      "slot": 0
    },
    {
      "id": 149,
      "amount": 1,
      "slot": 0
    },
    {
      "id": 20084,
      "amount": 1,
      "slot": 0
    },
    {
      "id": 5698,
      "amount": 1,
      "slot": 0
    },
    {
      "id": 985,
      "amount": 3,
      "slot": 0
    },
    {
      "id": 20078,
      "amount": 1,
      "slot": 0
    },
    {
      "id": 21001,
      "amount": 2,
      "slot": 0
    },
    {
      "id": 10733,
      "amount": 1,
      "slot": 0
    },
    {
      "id": 21022,
      "amount": 1,
      "slot": 0
    },
    {
      "id": 11712,
      "amount": 6,
      "slot": 0
    },
    {
      "id": 1755,
      "amount": 3,
      "slot": 0
    },
    {
      "id": 7053,
      "amount": 1,
      "slot": 0
    },
    {
      "id": 6821,
      "amount": 1,
      "slot": 0
    },
    {
      "id": 18353,
      "amount": 1,
      "slot": 0
    },
    {
      "id": 14020,
      "amount": 1,
      "slot": 0
    },
    {
      "id": 12158,
      "amount": 867,
      "slot": 0
    },
    {
      "id": 12160,
      "amount": 800,
      "slot": 0
    },
    {
      "id": 12159,
      "amount": 721,
      "slot": 0
    },
    {
      "id": 13653,
      "amount": 890,
      "slot": 0
    },
    {
      "id": 453,
      "amount": 4743,
      "slot": 0
    },
    {
      "id": 451,
      "amount": 1599,
      "slot": 0
    },
    {
      "id": 5077,
      "amount": 2,
      "slot": 0
    },
    {
      "id": 15098,
      "amount": 1,
      "slot": 0
    },
    {
      "id": 15088,
      "amount": 1,
      "slot": 0
    },
    {
      "id": 4224,
      "amount": 1,
      "slot": 0
    },
    {
      "id": 14021,
      "amount": 1,
      "slot": 0
    },
    {
      "id": 1595,
      "amount": 1,
      "slot": 0
    },
    {
      "id": 13846,
      "amount": 1,
      "slot": 0
    },
    {
      "id": 14914,
      "amount": 2,
      "slot": 0
    },
    {
      "id": 14916,
      "amount": 2,
      "slot": 0
    },
    {
      "id": 20086,
      "amount": 2,
      "slot": 0
    },
    {
      "id": 2631,
      "amount": 2,
      "slot": 0
    },
    {
      "id": 3842,
      "amount": 1,
      "slot": 0
    },
    {
      "id": 536,
      "amount": 649,
      "slot": 0
    },
    {
      "id": 18830,
      "amount": 56,
      "slot": 0
    },
    {
      "id": 229,
      "amount": 5,
      "slot": 0
    },
    {
      "id": 987,
      "amount": 3,
      "slot": 0
    },
    {
      "id": 952,
      "amount": 1,
      "slot": 0
    },
    {
      "id": 11716,
      "amount": 1,
      "slot": 0
    },
    {
      "id": 1462,
      "amount": 1,
      "slot": 0
    },
    {
      "id": 19706,
      "amount": 1,
      "slot": 0
    },
    {
      "id": 19707,
      "amount": 1,
      "slot": 0
    },
    {
      "id": 11714,
      "amount": 1,
      "slot": 0
    },
    {
      "id": 2683,
      "amount": 3,
      "slot": 0
    },
    {
      "id": 7936,
      "amount": 4296,
      "slot": 0
    },
    {
      "id": 2684,
      "amount": 2,
      "slot": 0
    },
    {
      "id": 2572,
      "amount": 1,
      "slot": 0
    },
    {
      "id": 2637,
      "amount": 1,
      "slot": 0
    },
    {
      "id": 11710,
      "amount": 1,
      "slot": 0
    },
    {
      "id": 7362,
      "amount": 1,
      "slot": 0
    },
    {
      "id": 20072,
      "amount": 1,
      "slot": 0
    },
    {
      "id": 14484,
      "amount": 1,
      "slot": 0
    },
    {
      "id": 21026,
      "amount": 2,
      "slot": 0
    },
    {
      "id": 11724,
      "amount": 1,
      "slot": 0
    },
    {
      "id": 526,
      "amount": 1,
      "slot": 0
    },
    {
      "id": 11698,
      "amount": 1,
      "slot": 0
    },
    {
      "id": 15084,
      "amount": 1,
      "slot": 0
    },
    {
      "id": 1057,
      "amount": 1,
      "slot": 0
    },
    {
      "id": 11700,
      "amount": 1,
      "slot": 0
    },
    {
      "id": 20057,
      "amount": 1,
      "slot": 0
    },
    {
      "id": 12927,
      "amount": 1,
      "slot": 0
    },
    {
      "id": 11696,
      "amount": 1,
      "slot": 0
    },
    {
      "id": 1053,
      "amount": 1,
      "slot": 0
    },
    {
      "id": 20555,
      "amount": 1,
      "slot": 0
    },
    {
      "id": 309,
      "amount": 1,
      "slot": 0
    },
    {
      "id": 25,
      "amount": 181,
      "slot": 0
    },
    {
      "id": 2677,
      "amount": 8,
      "slot": 0
    },
    {
      "id": 2679,
      "amount": 1,
      "slot": 0
    },
    {
      "id": 18778,
      "amount": 1,
      "slot": 0
    },
    {
      "id": 2685,
      "amount": 2,
      "slot": 0
    },
    {
      "id": 2682,
      "amount": 1,
      "slot": 0
    },
    {
      "id": 2678,
      "amount": 1,
      "slot": 0
    },
    {
      "id": 2681,
      "amount": 1,
      "slot": 0
    },
    {
      "id": 2347,
      "amount": 1,
      "slot": 0
    },
    {
      "id": 1621,
      "amount": 8,
      "slot": 0
    },
    {
      "id": 1617,
      "amount": 8,
      "slot": 0
    },
    {
      "id": 1631,
      "amount": 3,
      "slot": 0
    },
    {
      "id": 1623,
      "amount": 10,
      "slot": 0
    },
    {
      "id": 18359,
      "amount": 1,
      "slot": 0
    },
    {
      "id": 20059,
      "amount": 1,
      "slot": 0
    },
    {
      "id": 16425,
      "amount": 1,
      "slot": 0
    },
    {
      "id": 3755,
      "amount": 3,
      "slot": 0
    },
    {
      "id": 1704,
      "amount": 3,
      "slot": 0
    },
    {
      "id": 4675,
      "amount": 3,
      "slot": 0
    },
    {
      "id": 4093,
      "amount": 3,
      "slot": 0
    },
    {
      "id": 4097,
      "amount": 3,
      "slot": 0
    },
    {
      "id": 13887,
      "amount": 1,
      "slot": 0
    },
    {
      "id": 20058,
      "amount": 1,
      "slot": 0
    },
    {
      "id": 2550,
      "amount": 2,
      "slot": 0
    },
    {
      "id": 13734,
      "amount": 1,
      "slot": 0
    },
    {
      "id": 14667,
      "amount": 358,
      "slot": 0
    },
    {
      "id": 555,
      "amount": 17630,
      "slot": 0
    },
    {
      "id": 560,
      "amount": 18420,
      "slot": 0
    },
    {
      "id": 565,
      "amount": 19913,
      "slot": 0
    },
    {
      "id": 21018,
      "amount": 1,
      "slot": 0
    },
    {
      "id": 11732,
      "amount": 1,
      "slot": 0
    },
    {
      "id": 4091,
      "amount": 3,
      "slot": 0
    },
    {
      "id": 12926,
      "amount": 1,
      "slot": 0
    },
    {
      "id": 12852,
      "amount": 52887,
      "slot": 0
    },
    {
      "id": 13263,
      "amount": 1,
      "slot": 0
    },
    {
      "id": 12790,
      "amount": 475,
      "slot": 0
    },
    {
      "id": 12163,
      "amount": 188,
      "slot": 0
    },
    {
      "id": 1450,
      "amount": 1,
      "slot": 0
    },
    {
      "id": 2363,
      "amount": 3,
      "slot": 0
    },
    {
      "id": 2605,
      "amount": 1,
      "slot": 0
    }
  ],
  "bank-1": [
    {
      "id": 2597,
      "amount": 2,
      "slot": 0
    },
    {
      "id": 2659,
      "amount": 2,
      "slot": 0
    },
    {
      "id": 7394,
      "amount": 2,
      "slot": 0
    },
    {
      "id": 3486,
      "amount": 1,
      "slot": 0
    },
    {
      "id": 2661,
      "amount": 2,
      "slot": 0
    },
    {
      "id": 6920,
      "amount": 2,
      "slot": 0
    },
    {
      "id": 3483,
      "amount": 4,
      "slot": 0
    },
    {
      "id": 6916,
      "amount": 2,
      "slot": 0
    },
    {
      "id": 6922,
      "amount": 2,
      "slot": 0
    },
    {
      "id": 2601,
      "amount": 1,
      "slot": 0
    },
    {
      "id": 2583,
      "amount": 2,
      "slot": 0
    },
    {
      "id": 3485,
      "amount": 1,
      "slot": 0
    },
    {
      "id": 7392,
      "amount": 1,
      "slot": 0
    },
    {
      "id": 2655,
      "amount": 1,
      "slot": 0
    },
    {
      "id": 2667,
      "amount": 2,
      "slot": 0
    },
    {
      "id": 2673,
      "amount": 2,
      "slot": 0
    },
    {
      "id": 2587,
      "amount": 1,
      "slot": 0
    },
    {
      "id": 15511,
      "amount": 2,
      "slot": 0
    },
    {
      "id": 15509,
      "amount": 4,
      "slot": 0
    },
    {
      "id": 15505,
      "amount": 2,
      "slot": 0
    },
    {
      "id": 15507,
      "amount": 3,
      "slot": 0
    },
    {
      "id": 6924,
      "amount": 1,
      "slot": 0
    },
    {
      "id": 2669,
      "amount": 1,
      "slot": 0
    },
    {
      "id": 7390,
      "amount": 2,
      "slot": 0
    },
    {
      "id": 7338,
      "amount": 4,
      "slot": 0
    },
    {
      "id": 15503,
      "amount": 1,
      "slot": 0
    },
    {
      "id": 7396,
      "amount": 1,
      "slot": 0
    },
    {
      "id": 7366,
      "amount": 1,
      "slot": 0
    },
    {
      "id": 2589,
      "amount": 1,
      "slot": 0
    },
    {
      "id": 2653,
      "amount": 1,
      "slot": 0
    },
    {
      "id": 7386,
      "amount": 1,
      "slot": 0
    },
    {
      "id": 18331,
      "amount": 1,
      "slot": 0
    }
  ],
  "bank-2": [],
  "bank-3": [],
  "bank-4": [],
  "bank-5": [],
  "bank-6": [],
  "bank-7": [],
  "bank-8": [],
  "ge-slots": [
    {
      "state": "EMPTY"
    },
    {
      "state": "EMPTY"
    },
    {
      "state": "EMPTY"
    },
    {
      "state": "EMPTY"
    },
    {
      "state": "EMPTY"
    },
    {
      "state": "EMPTY"
    }
  ],
  "charm-imp": [
    0,
    0,
    0,
    0
  ],
  "blowpipe-charge-item": 11230,
  "blowpipe-charge-amount": 6081,
  "friends": [
    321125,
    287761407,
    314510633023982,
    172667,
    6971,
    849885120,
    5717,
    651298166,
    36017474904419005
  ],
  "ignores": [],
  "loyalty-titles": [
    false,
    true,
    false,
    false,
    false,
    true,
    true,
    true,
    false,
    true,
    false,
    true
  ],
  "kills": [
    {
      "npcName": "Zulrah",
      "amount": 1500,
      "boss": true
    },
    {
      "npcName": "Slash Bash",
      "amount": 94,
      "boss": true
    },
    {
      "npcName": "King Black Dragon",
      "amount": 198,
      "boss": true
    },
    {
      "npcName": "Frost dragon",
      "amount": 65,
      "boss": true
    },
    {
      "npcName": "Skotizo",
      "amount": 57,
      "boss": true
    },
    {
      "npcName": "Brutal Green Dragon",
      "amount": 56,
      "boss": true
    },
    {
      "npcName": "Man",
      "amount": 45,
      "boss": true
    },
    {
      "npcName": "Steel dragon",
      "amount": 42,
      "boss": true
    },
    {
      "npcName": "Crazy lvl 2 Man",
      "amount": 66,
      "boss": true
    },
    {
      "npcName": "Phoenix",
      "amount": 13,
      "boss": true
    },
    {
      "npcName": "Portal",
      "amount": 7,
      "boss": true
    },
    {
      "npcName": "Dagannoth Rex",
      "amount": 6,
      "boss": true
    },
    {
      "npcName": "Nazastarool",
      "amount": 3,
      "boss": true
    },
    {
      "npcName": "Thermonuclear Smoke Devil",
      "amount": 2,
      "boss": true
    },
    {
      "npcName": "Bandos Avatar",
      "amount": 1,
      "boss": true
    },
    {
      "npcName": "Chaos Elemental",
      "amount": 1,
      "boss": true
    },
    {
      "npcName": "Culinaromancer",
      "amount": 1,
      "boss": true
    },
    {
      "npcName": "Dagannoth Prime",
      "amount": 1,
      "boss": true
    },
    {
      "npcName": "Dagannoth Supreme",
      "amount": 1,
      "boss": true
    },
    {
      "npcName": "Glacor",
      "amount": 1,
      "boss": true
    },
    {
      "npcName": "Lizardman Shaman",
      "amount": 2,
      "boss": true
    },
    {
      "npcName": "Nex",
      "amount": 3,
      "boss": true
    },
    {
      "npcName": "Nomad",
      "amount": 1,
      "boss": true
    },
    {
      "npcName": "Tormented Demon",
      "amount": 1,
      "boss": true
    },
    {
      "npcName": "TzTok-Jad",
      "amount": 1,
      "boss": true
    },
    {
      "npcName": "Tower Archer",
      "amount": 225,
      "boss": false
    },
    {
      "npcName": "Skeleton",
      "amount": 169,
      "boss": false
    },
    {
      "npcName": "Zombie pirate",
      "amount": 185,
      "boss": false
    },
    {
      "npcName": "Wizard",
      "amount": 80,
      "boss": false
    },
    {
      "npcName": "Ghost",
      "amount": 78,
      "boss": false
    },
    {
      "npcName": "Dust devil",
      "amount": 77,
      "boss": false
    },
    {
      "npcName": "TzHaar-Xil",
      "amount": 75,
      "boss": false
    },
    {
      "npcName": "Dark wizard",
      "amount": 71,
      "boss": false
    },
    {
      "npcName": "Aviansie",
      "amount": 68,
      "boss": false
    },
    {
      "npcName": "Baby Blue dragon",
      "amount": 56,
      "boss": false
    },
    {
      "npcName": "Earth warrior",
      "amount": 53,
      "boss": false
    },
    {
      "npcName": "Monkey Guard",
      "amount": 53,
      "boss": false
    },
    {
      "npcName": "Waterfiend",
      "amount": 48,
      "boss": false
    },
    {
      "npcName": "TzHaar-Hur",
      "amount": 41,
      "boss": false
    },
    {
      "npcName": "Abyssal demon",
      "amount": 39,
      "boss": false
    },
    {
      "npcName": "Zombie",
      "amount": 390,
      "boss": false
    },
    {
      "npcName": "Green dragon",
      "amount": 35,
      "boss": false
    },
    {
      "npcName": "Rock Crab",
      "amount": 27,
      "boss": false
    },
    {
      "npcName": "Spinolyp",
      "amount": 10,
      "boss": false
    },
    {
      "npcName": "Shifter",
      "amount": 6,
      "boss": false
    },
    {
      "npcName": "Defiler",
      "amount": 3,
      "boss": false
    },
    {
      "npcName": "Infernal Mage",
      "amount": 3,
      "boss": false
    },
    {
      "npcName": "Vampire",
      "amount": 4,
      "boss": false
    },
    {
      "npcName": "Chicken",
      "amount": 2,
      "boss": false
    },
    {
      "npcName": "Ice giant",
      "amount": 2,
      "boss": false
    },
    {
      "npcName": "Torcher",
      "amount": 2,
      "boss": false
    },
    {
      "npcName": "Archer",
      "amount": 1,
      "boss": false
    },
    {
      "npcName": "Chaos dwarf",
      "amount": 1,
      "boss": false
    },
    {
      "npcName": "Experiment",
      "amount": 1,
      "boss": false
    },
    {
      "npcName": "Mummy",
      "amount": 1,
      "boss": false
    },
    {
      "npcName": "Poison Scorpion",
      "amount": 1,
      "boss": false
    },
    {
      "npcName": "Werewolf",
      "amount": 1,
      "boss": false
    },
    {
      "npcName": "Yak",
      "amount": 1,
      "boss": false
    },
    {
      "npcName": "Spiritual Warrior",
      "amount": 1,
      "boss": false
    },
    {
      "npcName": "Commander Zilyana",
      "amount": 5,
      "boss": true
    },
    {
      "npcName": "Growler",
      "amount": 4,
      "boss": false
    },
    {
      "npcName": "Starlight",
      "amount": 3,
      "boss": false
    },
    {
      "npcName": "K\u0027ril Tsutsuroth",
      "amount": 6,
      "boss": true
    },
    {
      "npcName": "Tstanon Karlak",
      "amount": 4,
      "boss": false
    },
    {
      "npcName": "Balfrug Kreeyath",
      "amount": 4,
      "boss": false
    },
    {
      "npcName": "Zakl\u0027n Gritch",
      "amount": 3,
      "boss": false
    },
    {
      "npcName": "Corporeal Beast",
      "amount": 2,
      "boss": true
    },
    {
      "npcName": "Armoured Zombie",
      "amount": 49,
      "boss": false
    },
    {
      "npcName": "General Graardor",
      "amount": 1,
      "boss": true
    },
    {
      "npcName": "Hellhound",
      "amount": 1,
      "boss": false
    }
  ],
  "drops": [
    {
      "item": 12926,
      "amount": 2,
      "rareDrop": true
    },
    {
      "item": 2362,
      "amount": 1364,
      "rareDrop": false
    },
    {
      "item": 2364,
      "amount": 490,
      "rareDrop": false
    },
    {
      "item": 1149,
      "amount": 243,
      "rareDrop": false
    },
    {
      "item": 995,
      "amount": 14767685,
      "rareDrop": false
    },
    {
      "item": 9144,
      "amount": 13886,
      "rareDrop": false
    },
    {
      "item": 6525,
      "amount": 4,
      "rareDrop": true
    },
    {
      "item": 6524,
      "amount": 2,
      "rareDrop": true
    },
    {
      "item": 536,
      "amount": 331,
      "rareDrop": false
    },
    {
      "item": 556,
      "amount": 25354,
      "rareDrop": false
    },
    {
      "item": 565,
      "amount": 1153,
      "rareDrop": false
    },
    {
      "item": 560,
      "amount": 2967,
      "rareDrop": false
    },
    {
      "item": 443,
      "amount": 660,
      "rareDrop": false
    },
    {
      "item": 2368,
      "amount": 26,
      "rareDrop": false
    },
    {
      "item": 2361,
      "amount": 13,
      "rareDrop": false
    },
    {
      "item": 211,
      "amount": 236,
      "rareDrop": false
    },
    {
      "item": 562,
      "amount": 1549,
      "rareDrop": false
    },
    {
      "item": 2366,
      "amount": 29,
      "rareDrop": false
    },
    {
      "item": 563,
      "amount": 3065,
      "rareDrop": false
    },
    {
      "item": 534,
      "amount": 55,
      "rareDrop": false
    },
    {
      "item": 985,
      "amount": 16,
      "rareDrop": false
    },
    {
      "item": 217,
      "amount": 84,
      "rareDrop": false
    },
    {
      "item": 2485,
      "amount": 7,
      "rareDrop": false
    },
    {
      "item": 1373,
      "amount": 14,
      "rareDrop": false
    },
    {
      "item": 25,
      "amount": 14,
      "rareDrop": false
    },
    {
      "item": 3051,
      "amount": 1,
      "rareDrop": false
    },
    {
      "item": 1215,
      "amount": 15,
      "rareDrop": false
    },
    {
      "item": 215,
      "amount": 67,
      "rareDrop": false
    },
    {
      "item": 987,
      "amount": 15,
      "rareDrop": false
    },
    {
      "item": 526,
      "amount": 123,
      "rareDrop": false
    },
    {
      "item": 892,
      "amount": 455,
      "rareDrop": false
    },
    {
      "item": 561,
      "amount": 954,
      "rareDrop": false
    },
    {
      "item": 1123,
      "amount": 15,
      "rareDrop": false
    },
    {
      "item": 566,
      "amount": 530,
      "rareDrop": false
    },
    {
      "item": 555,
      "amount": 657,
      "rareDrop": false
    },
    {
      "item": 557,
      "amount": 2068,
      "rareDrop": false
    },
    {
      "item": 1197,
      "amount": 7,
      "rareDrop": false
    },
    {
      "item": 219,
      "amount": 3,
      "rareDrop": false
    },
    {
      "item": 1753,
      "amount": 147,
      "rareDrop": false
    },
    {
      "item": 884,
      "amount": 5930,
      "rareDrop": false
    },
    {
      "item": 1617,
      "amount": 9,
      "rareDrop": false
    },
    {
      "item": 449,
      "amount": 4,
      "rareDrop": false
    },
    {
      "item": 1079,
      "amount": 1,
      "rareDrop": false
    },
    {
      "item": 1391,
      "amount": 4,
      "rareDrop": false
    },
    {
      "item": 1247,
      "amount": 7,
      "rareDrop": false
    },
    {
      "item": 2353,
      "amount": 2,
      "rareDrop": false
    },
    {
      "item": 1432,
      "amount": 2,
      "rareDrop": false
    },
    {
      "item": 1317,
      "amount": 6,
      "rareDrop": false
    },
    {
      "item": 1093,
      "amount": 2,
      "rareDrop": false
    },
    {
      "item": 201,
      "amount": 9,
      "rareDrop": false
    },
    {
      "item": 199,
      "amount": 10,
      "rareDrop": false
    },
    {
      "item": 203,
      "amount": 8,
      "rareDrop": false
    },
    {
      "item": 1440,
      "amount": 7,
      "rareDrop": false
    },
    {
      "item": 205,
      "amount": 5,
      "rareDrop": false
    },
    {
      "item": 209,
      "amount": 3,
      "rareDrop": false
    },
    {
      "item": 1619,
      "amount": 17,
      "rareDrop": false
    },
    {
      "item": 1161,
      "amount": 1,
      "rareDrop": false
    },
    {
      "item": 830,
      "amount": 321,
      "rareDrop": false
    },
    {
      "item": 558,
      "amount": 68,
      "rareDrop": false
    },
    {
      "item": 1119,
      "amount": 5,
      "rareDrop": false
    },
    {
      "item": 1452,
      "amount": 2,
      "rareDrop": false
    },
    {
      "item": 379,
      "amount": 15,
      "rareDrop": false
    },
    {
      "item": 1621,
      "amount": 12,
      "rareDrop": false
    },
    {
      "item": 1454,
      "amount": 2,
      "rareDrop": false
    },
    {
      "item": 559,
      "amount": 88,
      "rareDrop": false
    },
    {
      "item": 175,
      "amount": 3,
      "rareDrop": false
    },
    {
      "item": 314,
      "amount": 476,
      "rareDrop": false
    },
    {
      "item": 1069,
      "amount": 2,
      "rareDrop": false
    },
    {
      "item": 437,
      "amount": 6,
      "rareDrop": false
    },
    {
      "item": 442,
      "amount": 2,
      "rareDrop": false
    },
    {
      "item": 1385,
      "amount": 3,
      "rareDrop": false
    },
    {
      "item": 444,
      "amount": 1,
      "rareDrop": false
    },
    {
      "item": 1623,
      "amount": 13,
      "rareDrop": false
    },
    {
      "item": 1744,
      "amount": 9,
      "rareDrop": false
    },
    {
      "item": 3325,
      "amount": 4,
      "rareDrop": false
    },
    {
      "item": 373,
      "amount": 2,
      "rareDrop": false
    },
    {
      "item": 2859,
      "amount": 1,
      "rareDrop": false
    },
    {
      "item": 6522,
      "amount": 2,
      "rareDrop": false
    },
    {
      "item": 161,
      "amount": 1,
      "rareDrop": false
    },
    {
      "item": 1315,
      "amount": 1,
      "rareDrop": false
    },
    {
      "item": 439,
      "amount": 2,
      "rareDrop": false
    },
    {
      "item": 149,
      "amount": 2,
      "rareDrop": false
    },
    {
      "item": 1775,
      "amount": 2,
      "rareDrop": false
    },
    {
      "item": 365,
      "amount": 2,
      "rareDrop": false
    },
    {
      "item": 1743,
      "amount": 2,
      "rareDrop": false
    },
    {
      "item": 1741,
      "amount": 2,
      "rareDrop": false
    },
    {
      "item": 1738,
      "amount": 6,
      "rareDrop": false
    },
    {
      "item": 1762,
      "amount": 12,
      "rareDrop": false
    },
    {
      "item": 313,
      "amount": 54,
      "rareDrop": false
    },
    {
      "item": 1353,
      "amount": 1,
      "rareDrop": false
    },
    {
      "item": 1365,
      "amount": 1,
      "rareDrop": false
    },
    {
      "item": 1428,
      "amount": 1,
      "rareDrop": false
    },
    {
      "item": 1625,
      "amount": 4,
      "rareDrop": false
    },
    {
      "item": 12160,
      "amount": 209,
      "rareDrop": false
    },
    {
      "item": 12158,
      "amount": 361,
      "rareDrop": false
    },
    {
      "item": 12159,
      "amount": 205,
      "rareDrop": false
    },
    {
      "item": 6529,
      "amount": 14940,
      "rareDrop": false
    },
    {
      "item": 21026,
      "amount": 1,
      "rareDrop": true
    }
  ],
  "achievements-completion": [
    true,
    true,
    true,
    true,
    true,
    true,
    true,
    true,
    true,
    true,
    true,
    true,
    true,
    true,
    true,
    true,
    true,
    true,
    true,
    true,
    true,
    true,
    true,
    true,
    true,
    true,
    true,
    true,
    true,
    false,
    true,
    true,
    true,
    true,
    true,
    true,
    true,
    true,
    true,
    true,
    true,
    false,
    true,
    true,
    false,
    true,
    true,
    true,
    true,
    true,
    true,
    true,
    true,
    true,
    true,
    true,
    true,
    true,
    false,
    false,
    true,
    true,
    true,
    true,
    true,
    false,
    false,
    false,
    true,
    true,
    true,
    true,
    true,
    false,
    true,
    false,
    false,
    true,
    true,
    false,
    true,
    false,
    true,
    true,
    true,
    false,
    true,
    true,
    true,
    true,
    false,
    false,
    false,
    true,
    true,
    false,
    false,
    true,
    false,
    false
  ],
  "achievements-progress": [
    954,
    984,
    993,
    2,
    0,
    99,
    99,
    24,
    24,
    24,
    24,
    9,
    24,
    4,
    0,
    435,
    139,
    49,
    497,
    24,
    499,
    99855,
    99946,
    99887,
    2,
    200000000,
    4999,
    2499,
    1999,
    999,
    548,
    29,
    144,
    499,
    999,
    99,
    4995,
    0,
    1226,
    499,
    752,
    0,
    4,
    1407032,
    9999949,
    225763,
    2,
    21,
    0,
    4077,
    499,
    3,
    6
  ],
  "max-cape-colors": [
    65214,
    65200,
    65186,
    62995
  ],
  "player-title": "@blu@hacker"
}