{
  "total-play-time-ms": 3778799,
  "username": "Mikewlods",
  "password": "thecandymanmike",
  "email": "null",
  "staff-rights": "PLAYER",
  "game-mode": "NORMAL",
  "boss-points": 0,
  "janus-points": 0,
  "loyalty-title": "NONE",
  "position": {
    "x": 2937,
    "y": 9851,
    "z": 0
  },
  "online-status": "ON",
  "given-starter": true,
  "money-pouch": 13651640,
  "donated": 0,
  "minutes-bonus-exp": -1,
  "total-gained-exp": 7493935,
  "prestige-points": 0,
  "achievement-points": 3,
  "dung-tokens": 0,
  "commendations": 0,
  "loyalty-points": 1039,
  "total-loyalty-points": 1039.0,
  "voting-points": 0,
  "slayer-points": 0,
  "pk-points": 0,
  "donation-points": 0,
  "afk-points": 0,
  "trivia-points": 0,
  "cluescompleted": 0,
  "player-kills": 0,
  "player-killstreak": 0,
  "player-deaths": 0,
  "target-percentage": 0,
  "bh-rank": -1,
  "gender": "MALE",
  "spell-book": "NORMAL",
  "shop-updated": false,
  "shop-earnings": 0,
  "prayer-book": "NORMAL",
  "running": true,
  "run-energy": 100,
  "music": false,
  "sounds": false,
  "auto-retaliate": true,
  "xp-locked": false,
  "veng-cast": false,
  "last-veng": 1590979479523,
  "fight-type": "SCIMITAR_LUNGE",
  "sol-effect": 0,
  "skull-timer": 0,
  "accept-aid": false,
  "poison-damage": 0,
  "poison-immunity": 0,
  "overload-timer": 0,
  "fire-immunity": 0,
  "fire-damage-mod": 0,
  "prayer-renewal-timer": 0,
  "teleblock-timer": 0,
  "special-amount": 100,
  "entered-gwd-room": false,
  "gwd-altar-delay": 0,
  "gwd-killcount": [
    0,
    0,
    0,
    0
  ],
  "effigy": 0,
  "summon-npc": -1,
  "summon-death": -1,
  "process-farming": false,
  "clanchat": "Help",
  "autocast": false,
  "autocast-spell": -1,
  "dfs-charges": 0,
  "coins-gambled": 0,
  "slayer-master": "VANNAKA",
  "slayer-task": "NO_TASK",
  "prev-slayer-task": "NO_TASK",
  "task-amount": 0,
  "task-streak": 0,
  "duo-partner": "null",
  "double-slay-xp": false,
  "recoil-deg": 0,
  "brawler-deg": [
    0,
    0,
    0,
    0,
    0,
    0,
    0,
    0,
    0
  ],
  "killed-players": [],
  "killed-gods": [
    false,
    false,
    false,
    false,
    false
  ],
  "barrows-brother": [
    [
      2030,
      0
    ],
    [
      2029,
      0
    ],
    [
      2028,
      0
    ],
    [
      2027,
      0
    ],
    [
      2026,
      0
    ],
    [
      2025,
      0
    ]
  ],
  "random-coffin": 0,
  "barrows-killcount": 0,
  "nomad": [
    false,
    false
  ],
  "recipe-for-disaster": [
    false,
    false,
    false,
    false,
    false,
    false,
    false,
    false,
    false
  ],
  "recipe-for-disaster-wave": 0,
  "dung-items-bound": [
    0,
    0,
    0,
    0,
    0
  ],
  "rune-ess": 0,
  "pure-ess": 0,
  "has-bank-pin": false,
  "last-pin-attempt": 0,
  "invalid-pin-attempts": 0,
  "bank-pin": [
    0,
    0,
    0,
    0
  ],
  "appearance": [
    0,
    3,
    21,
    26,
    33,
    38,
    42,
    14,
    1,
    1,
    2,
    3,
    0
  ],
  "agility-obj": [
    false,
    false,
    false,
    false,
    false,
    false,
    false
  ],
  "skills": {
    "level": [
      72,
      72,
      72,
      712,
      1,
      10,
      1,
      1,
      1,
      1,
      1,
      1,
      1,
      1,
      1,
      1,
      1,
      83,
      1,
      1,
      1,
      1,
      1,
      1,
      1
    ],
    "maxLevel": [
      72,
      72,
      72,
      780,
      1,
      130,
      1,
      1,
      1,
      1,
      1,
      1,
      1,
      1,
      1,
      1,
      1,
      83,
      1,
      1,
      1,
      1,
      1,
      1,
      1
    ],
    "experience": [
      929038,
      929038,
      929038,
      1769882,
      0,
      2025,
      0,
      0,
      0,
      0,
      0,
      0,
      0,
      0,
      0,
      0,
      0,
      2936098,
      0,
      0,
      0,
      0,
      0,
      0,
      0
    ]
  },
  "inventory": [
    {
      "id": 526,
      "amount": 1,
      "slot": 0
    },
    {
      "id": 1462,
      "amount": 1,
      "slot": 0
    },
    {
      "id": 12159,
      "amount": 1,
      "slot": 0
    },
    {
      "id": 15188,
      "amount": 1,
      "slot": 0
    },
    {
      "id": 409,
      "amount": 1,
      "slot": 0
    },
    {
      "id": 1619,
      "amount": 1,
      "slot": 0
    },
    {
      "id": 12158,
      "amount": 3,
      "slot": 0
    },
    {
      "id": 441,
      "amount": 3,
      "slot": 0
    },
    {
      "id": 1454,
      "amount": 1,
      "slot": 0
    },
    {
      "id": 439,
      "amount": 1,
      "slot": 0
    },
    {
      "id": 12160,
      "amount": 1,
      "slot": 0
    },
    {
      "id": 557,
      "amount": 7,
      "slot": 0
    },
    {
      "id": -1,
      "amount": 0,
      "slot": 0
    },
    {
      "id": -1,
      "amount": 0,
      "slot": 0
    },
    {
      "id": -1,
      "amount": 0,
      "slot": 0
    },
    {
      "id": -1,
      "amount": 0,
      "slot": 0
    },
    {
      "id": -1,
      "amount": 0,
      "slot": 0
    },
    {
      "id": -1,
      "amount": 0,
      "slot": 0
    },
    {
      "id": -1,
      "amount": 0,
      "slot": 0
    },
    {
      "id": -1,
      "amount": 0,
      "slot": 0
    },
    {
      "id": -1,
      "amount": 0,
      "slot": 0
    },
    {
      "id": -1,
      "amount": 0,
      "slot": 0
    },
    {
      "id": -1,
      "amount": 0,
      "slot": 0
    },
    {
      "id": -1,
      "amount": 0,
      "slot": 0
    },
    {
      "id": -1,
      "amount": 0,
      "slot": 0
    },
    {
      "id": -1,
      "amount": 0,
      "slot": 0
    },
    {
      "id": -1,
      "amount": 0,
      "slot": 0
    },
    {
      "id": -1,
      "amount": 0,
      "slot": 0
    }
  ],
  "equipment": [
    {
      "id": 2665,
      "amount": 1,
      "slot": 0
    },
    {
      "id": 6568,
      "amount": 1,
      "slot": 0
    },
    {
      "id": -1,
      "amount": 0,
      "slot": 0
    },
    {
      "id": 1333,
      "amount": 1,
      "slot": 0
    },
    {
      "id": 2661,
      "amount": 1,
      "slot": 0
    },
    {
      "id": 2667,
      "amount": 1,
      "slot": 0
    },
    {
      "id": -1,
      "amount": 0,
      "slot": 0
    },
    {
      "id": 2663,
      "amount": 1,
      "slot": 0
    },
    {
      "id": -1,
      "amount": 0,
      "slot": 0
    },
    {
      "id": -1,
      "amount": 0,
      "slot": 0
    },
    {
      "id": -1,
      "amount": 0,
      "slot": 0
    },
    {
      "id": -1,
      "amount": 0,
      "slot": 0
    },
    {
      "id": -1,
      "amount": 0,
      "slot": 0
    },
    {
      "id": 882,
      "amount": 500,
      "slot": 0
    }
  ],
  "bank-0": [
    {
      "id": 2440,
      "amount": 49,
      "slot": 0
    },
    {
      "id": 2436,
      "amount": 49,
      "slot": 0
    },
    {
      "id": 2442,
      "amount": 49,
      "slot": 0
    },
    {
      "id": 3024,
      "amount": 50,
      "slot": 0
    },
    {
      "id": 2434,
      "amount": 30,
      "slot": 0
    },
    {
      "id": 391,
      "amount": 297,
      "slot": 0
    },
    {
      "id": 557,
      "amount": 1000,
      "slot": 0
    },
    {
      "id": 555,
      "amount": 1000,
      "slot": 0
    },
    {
      "id": 554,
      "amount": 1000,
      "slot": 0
    },
    {
      "id": 1323,
      "amount": 1,
      "slot": 0
    },
    {
      "id": 841,
      "amount": 1,
      "slot": 0
    },
    {
      "id": 861,
      "amount": 1,
      "slot": 0
    },
    {
      "id": 892,
      "amount": 500,
      "slot": 0
    },
    {
      "id": 558,
      "amount": 1000,
      "slot": 0
    },
    {
      "id": 1381,
      "amount": 1,
      "slot": 0
    },
    {
      "id": 145,
      "amount": 1,
      "slot": 0
    },
    {
      "id": 157,
      "amount": 1,
      "slot": 0
    },
    {
      "id": 163,
      "amount": 1,
      "slot": 0
    },
    {
      "id": 313,
      "amount": 9,
      "slot": 0
    },
    {
      "id": 12158,
      "amount": 2,
      "slot": 0
    },
    {
      "id": 1625,
      "amount": 3,
      "slot": 0
    },
    {
      "id": 985,
      "amount": 2,
      "slot": 0
    }
  ],
  "bank-1": [],
  "bank-2": [],
  "bank-3": [],
  "bank-4": [],
  "bank-5": [],
  "bank-6": [],
  "bank-7": [],
  "bank-8": [],
  "ge-slots": [
    {
      "state": "EMPTY"
    },
    {
      "state": "EMPTY"
    },
    {
      "state": "EMPTY"
    },
    {
      "state": "EMPTY"
    },
    {
      "state": "EMPTY"
    },
    {
      "state": "EMPTY"
    }
  ],
  "charm-imp": [
    0,
    0,
    0,
    0
  ],
  "friends": [],
  "ignores": [],
  "loyalty-titles": [
    false,
    false,
    false,
    false,
    false,
    false,
    false,
    false,
    false,
    false,
    false,
    false
  ],
  "kills": [
    {
      "npcName": "Rock Crab",
      "amount": 14,
      "boss": false
    },
    {
      "npcName": "Chaos druid",
      "amount": 3,
      "boss": false
    }
  ],
  "drops": [
    {
      "item": 995,
      "amount": 1170,
      "rareDrop": false
    },
    {
      "item": 407,
      "amount": 2,
      "rareDrop": false
    },
    {
      "item": 12158,
      "amount": 6,
      "rareDrop": false
    },
    {
      "item": 1625,
      "amount": 3,
      "rareDrop": false
    },
    {
      "item": 403,
      "amount": 2,
      "rareDrop": false
    },
    {
      "item": 985,
      "amount": 2,
      "rareDrop": false
    },
    {
      "item": 313,
      "amount": 18,
      "rareDrop": false
    },
    {
      "item": 12160,
      "amount": 2,
      "rareDrop": false
    },
    {
      "item": 12159,
      "amount": 2,
      "rareDrop": false
    },
    {
      "item": 1462,
      "amount": 1,
      "rareDrop": false
    },
    {
      "item": 15188,
      "amount": 1,
      "rareDrop": false
    },
    {
      "item": 1619,
      "amount": 1,
      "rareDrop": false
    },
    {
      "item": 441,
      "amount": 3,
      "rareDrop": false
    },
    {
      "item": 1454,
      "amount": 1,
      "rareDrop": false
    },
    {
      "item": 439,
      "amount": 1,
      "rareDrop": false
    },
    {
      "item": 526,
      "amount": 3,
      "rareDrop": false
    },
    {
      "item": 557,
      "amount": 7,
      "rareDrop": false
    },
    {
      "item": 9142,
      "amount": 8,
      "rareDrop": false
    }
  ],
  "achievements-completion": [
    false,
    false,
    false,
    false,
    false,
    false,
    false,
    false,
    false,
    false,
    false,
    false,
    false,
    false,
    false,
    true,
    false,
    false,
    false,
    false,
    false,
    true,
    false,
    false,
    true,
    false,
    false,
    false,
    false,
    false,
    false,
    false,
    false,
    false,
    false,
    false,
    false,
    false,
    false,
    false,
    false,
    false,
    false,
    false,
    false,
    false,
    false,
    false,
    false,
    false,
    false,
    false,
    false,
    false,
    false,
    false,
    false,
    false,
    false,
    false,
    false,
    false,
    false,
    false,
    false,
    false,
    false,
    false,
    false,
    false,
    false,
    false,
    false,
    false,
    false,
    false,
    false,
    false,
    false,
    false,
    false,
    false,
    false,
    false,
    false,
    false,
    false,
    false,
    false,
    false,
    false,
    false,
    false,
    false,
    false,
    false,
    false,
    false,
    false,
    false
  ],
  "achievements-progress": [
    973,
    0,
    0,
    0,
    0,
    0,
    0,
    0,
    0,
    0,
    0,
    0,
    0,
    0,
    0,
    0,
    82,
    0,
    0,
    0,
    0,
    9008,
    0,
    0,
    0,
    0,
    0,
    0,
    0,
    0,
    0,
    0,
    0,
    0,
    0,
    0,
    0,
    0,
    0,
    0,
    0,
    0,
    0,
    9008,
    0,
    82,
    0,
    0,
    0,
    17,
    0,
    0,
    0
  ],
  "max-cape-colors": [
    65214,
    65200,
    65186,
    62995
  ],
  "player-title": ""
}