{
  "total-play-time-ms": 2575803,
  "username": "Nick",
  "password": "davenport",
  "email": "null",
  "staff-rights": "PLAYER",
  "game-mode": "NORMAL",
  "boss-points": 0,
  "janus-points": 0,
  "loyalty-title": "NONE",
  "position": {
    "x": 2677,
    "y": 3712,
    "z": 0
  },
  "online-status": "ON",
  "given-starter": true,
  "money-pouch": 8962314,
  "donated": 0,
  "minutes-bonus-exp": -1,
  "total-gained-exp": 4058114,
  "prestige-points": 0,
  "achievement-points": 6,
  "dung-tokens": 0,
  "commendations": 0,
  "loyalty-points": 576,
  "total-loyalty-points": 576.0,
  "voting-points": 0,
  "slayer-points": 0,
  "pk-points": 0,
  "donation-points": 0,
  "trivia-points": 10,
  "cluescompleted": 1,
  "player-kills": 0,
  "player-killstreak": 0,
  "player-deaths": 0,
  "target-percentage": 0,
  "bh-rank": -1,
  "gender": "MALE",
  "spell-book": "NORMAL",
  "shop-updated": false,
  "shop-earnings": 0,
  "prayer-book": "NORMAL",
  "running": true,
  "run-energy": 100,
  "music": false,
  "sounds": false,
  "auto-retaliate": true,
  "xp-locked": false,
  "veng-cast": false,
  "last-veng": 1589546627230,
  "fight-type": "SCIMITAR_SLASH",
  "sol-effect": 0,
  "skull-timer": 0,
  "accept-aid": false,
  "poison-damage": 0,
  "poison-immunity": 0,
  "overload-timer": 0,
  "fire-immunity": 0,
  "fire-damage-mod": 0,
  "prayer-renewal-timer": 0,
  "teleblock-timer": 0,
  "special-amount": 100,
  "entered-gwd-room": false,
  "gwd-altar-delay": 0,
  "gwd-killcount": [
    0,
    0,
    0,
    0
  ],
  "effigy": 0,
  "summon-npc": -1,
  "summon-death": -1,
  "process-farming": false,
  "clanchat": "Help",
  "autocast": false,
  "autocast-spell": -1,
  "dfs-charges": 0,
  "coins-gambled": 0,
  "slayer-master": "VANNAKA",
  "slayer-task": "GHOUL",
  "prev-slayer-task": "NO_TASK",
  "task-amount": 55,
  "task-streak": 0,
  "duo-partner": "null",
  "double-slay-xp": false,
  "recoil-deg": 0,
  "brawler-deg": [
    0,
    0,
    0,
    0,
    0,
    0,
    0,
    0,
    0
  ],
  "killed-players": [],
  "killed-gods": [
    false,
    false,
    false,
    false,
    false
  ],
  "barrows-brother": [
    [
      2030,
      0
    ],
    [
      2029,
      0
    ],
    [
      2028,
      0
    ],
    [
      2027,
      0
    ],
    [
      2026,
      0
    ],
    [
      2025,
      0
    ]
  ],
  "random-coffin": 0,
  "barrows-killcount": 0,
  "nomad": [
    false,
    false
  ],
  "recipe-for-disaster": [
    false,
    false,
    false,
    false,
    false,
    false,
    false,
    false,
    false
  ],
  "recipe-for-disaster-wave": 0,
  "dung-items-bound": [
    0,
    0,
    0,
    0,
    0
  ],
  "rune-ess": 0,
  "pure-ess": 0,
  "has-bank-pin": false,
  "last-pin-attempt": 0,
  "invalid-pin-attempts": 0,
  "bank-pin": [
    0,
    0,
    0,
    0
  ],
  "appearance": [
    0,
    1,
    21,
    27,
    33,
    38,
    42,
    14,
    11,
    1,
    2,
    1,
    0
  ],
  "agility-obj": [
    false,
    false,
    false,
    false,
    false,
    false,
    false
  ],
  "skills": {
    "level": [
      50,
      50,
      72,
      665,
      74,
      10,
      1,
      1,
      1,
      1,
      1,
      1,
      1,
      1,
      1,
      1,
      1,
      63,
      1,
      1,
      1,
      1,
      1,
      1,
      1
    ],
    "maxLevel": [
      50,
      50,
      72,
      760,
      74,
      10,
      1,
      1,
      1,
      1,
      1,
      1,
      1,
      1,
      1,
      1,
      1,
      63,
      1,
      1,
      1,
      1,
      1,
      1,
      1
    ],
    "experience": [
      110538,
      110538,
      981594,
      1379064,
      1096524,
      0,
      0,
      0,
      0,
      0,
      0,
      0,
      0,
      0,
      0,
      0,
      0,
      381040,
      0,
      0,
      0,
      0,
      0,
      0,
      0
    ]
  },
  "inventory": [
    {
      "id": 861,
      "amount": 1,
      "slot": 0
    },
    {
      "id": 12160,
      "amount": 1,
      "slot": 0
    },
    {
      "id": 985,
      "amount": 1,
      "slot": 0
    },
    {
      "id": -1,
      "amount": 0,
      "slot": 0
    },
    {
      "id": -1,
      "amount": 0,
      "slot": 0
    },
    {
      "id": 4178,
      "amount": 1,
      "slot": 0
    },
    {
      "id": 5295,
      "amount": 1,
      "slot": 0
    },
    {
      "id": 995,
      "amount": 468,
      "slot": 0
    },
    {
      "id": 386,
      "amount": 55,
      "slot": 0
    },
    {
      "id": -1,
      "amount": 0,
      "slot": 0
    },
    {
      "id": 1381,
      "amount": 1,
      "slot": 0
    },
    {
      "id": 558,
      "amount": 1000,
      "slot": 0
    },
    {
      "id": 557,
      "amount": 1000,
      "slot": 0
    },
    {
      "id": 555,
      "amount": 1000,
      "slot": 0
    },
    {
      "id": 554,
      "amount": 1000,
      "slot": 0
    },
    {
      "id": 391,
      "amount": 1,
      "slot": 0
    },
    {
      "id": 391,
      "amount": 1,
      "slot": 0
    },
    {
      "id": 12158,
      "amount": 2,
      "slot": 0
    },
    {
      "id": -1,
      "amount": 0,
      "slot": 0
    },
    {
      "id": 952,
      "amount": 1,
      "slot": 0
    },
    {
      "id": 2601,
      "amount": 1,
      "slot": 0
    },
    {
      "id": -1,
      "amount": 0,
      "slot": 0
    },
    {
      "id": -1,
      "amount": 0,
      "slot": 0
    },
    {
      "id": -1,
      "amount": 0,
      "slot": 0
    },
    {
      "id": -1,
      "amount": 0,
      "slot": 0
    },
    {
      "id": -1,
      "amount": 0,
      "slot": 0
    },
    {
      "id": -1,
      "amount": 0,
      "slot": 0
    },
    {
      "id": -1,
      "amount": 0,
      "slot": 0
    }
  ],
  "equipment": [
    {
      "id": 1163,
      "amount": 1,
      "slot": 0
    },
    {
      "id": 6568,
      "amount": 1,
      "slot": 0
    },
    {
      "id": -1,
      "amount": 0,
      "slot": 0
    },
    {
      "id": 1333,
      "amount": 1,
      "slot": 0
    },
    {
      "id": 1127,
      "amount": 1,
      "slot": 0
    },
    {
      "id": 1201,
      "amount": 1,
      "slot": 0
    },
    {
      "id": -1,
      "amount": 0,
      "slot": 0
    },
    {
      "id": 1079,
      "amount": 1,
      "slot": 0
    },
    {
      "id": -1,
      "amount": 0,
      "slot": 0
    },
    {
      "id": -1,
      "amount": 0,
      "slot": 0
    },
    {
      "id": -1,
      "amount": 0,
      "slot": 0
    },
    {
      "id": -1,
      "amount": 0,
      "slot": 0
    },
    {
      "id": -1,
      "amount": 0,
      "slot": 0
    },
    {
      "id": 892,
      "amount": 500,
      "slot": 0
    }
  ],
  "bank-0": [
    {
      "id": 2440,
      "amount": 50,
      "slot": 0
    },
    {
      "id": 2436,
      "amount": 50,
      "slot": 0
    },
    {
      "id": 2442,
      "amount": 50,
      "slot": 0
    },
    {
      "id": 3024,
      "amount": 50,
      "slot": 0
    },
    {
      "id": 2434,
      "amount": 30,
      "slot": 0
    },
    {
      "id": 391,
      "amount": 295,
      "slot": 0
    },
    {
      "id": 536,
      "amount": 40,
      "slot": 0
    },
    {
      "id": 18830,
      "amount": 11,
      "slot": 0
    }
  ],
  "bank-1": [],
  "bank-2": [],
  "bank-3": [],
  "bank-4": [],
  "bank-5": [],
  "bank-6": [],
  "bank-7": [],
  "bank-8": [],
  "ge-slots": [
    {
      "state": "EMPTY"
    },
    {
      "state": "EMPTY"
    },
    {
      "state": "EMPTY"
    },
    {
      "state": "EMPTY"
    },
    {
      "state": "EMPTY"
    },
    {
      "state": "EMPTY"
    }
  ],
  "charm-imp": [
    0,
    0,
    0,
    0
  ],
  "friends": [],
  "ignores": [],
  "loyalty-titles": [
    false,
    false,
    false,
    false,
    false,
    false,
    false,
    false,
    false,
    false,
    false,
    false
  ],
  "kills": [
    {
      "npcName": "Rock Crab",
      "amount": 9,
      "boss": false
    }
  ],
  "drops": [
    {
      "item": 313,
      "amount": 9,
      "rareDrop": false
    },
    {
      "item": 12158,
      "amount": 2,
      "rareDrop": false
    },
    {
      "item": 995,
      "amount": 702,
      "rareDrop": false
    },
    {
      "item": 5295,
      "amount": 1,
      "rareDrop": false
    },
    {
      "item": 12160,
      "amount": 2,
      "rareDrop": false
    },
    {
      "item": 985,
      "amount": 2,
      "rareDrop": false
    },
    {
      "item": 1625,
      "amount": 1,
      "rareDrop": false
    },
    {
      "item": 407,
      "amount": 1,
      "rareDrop": false
    }
  ],
  "achievements-completion": [
    false,
    false,
    false,
    false,
    false,
    false,
    false,
    false,
    false,
    false,
    false,
    false,
    false,
    false,
    false,
    true,
    false,
    false,
    false,
    false,
    false,
    true,
    true,
    false,
    true,
    true,
    false,
    true,
    false,
    false,
    false,
    false,
    false,
    false,
    false,
    false,
    false,
    false,
    false,
    false,
    false,
    false,
    false,
    false,
    false,
    false,
    false,
    false,
    false,
    false,
    false,
    false,
    false,
    false,
    false,
    false,
    false,
    false,
    false,
    false,
    false,
    false,
    false,
    false,
    false,
    false,
    false,
    false,
    false,
    false,
    false,
    false,
    false,
    false,
    false,
    false,
    false,
    false,
    false,
    false,
    false,
    false,
    false,
    false,
    false,
    false,
    false,
    false,
    false,
    false,
    false,
    false,
    false,
    false,
    false,
    false,
    false,
    false,
    false,
    false
  ],
  "achievements-progress": [
    993,
    999,
    0,
    0,
    0,
    0,
    0,
    0,
    0,
    0,
    0,
    0,
    0,
    0,
    0,
    0,
    0,
    0,
    0,
    0,
    0,
    2905,
    2343,
    0,
    0,
    0,
    0,
    0,
    0,
    0,
    0,
    0,
    0,
    0,
    0,
    0,
    0,
    0,
    0,
    0,
    0,
    0,
    0,
    2905,
    2343,
    0,
    0,
    0,
    0,
    9,
    0,
    0,
    0
  ],
  "max-cape-colors": [
    65214,
    65200,
    65186,
    62995
  ],
  "player-title": ""
}