{
  "total-play-time-ms": 272751596,
  "username": "Nico",
  "password": "apina69",
  "email": "null",
  "staff-rights": "SUPPORT",
  "game-mode": "NORMAL",
  "boss-points": 2,
  "janus-points": 0,
  "loyalty-title": "NONE",
  "position": {
    "x": 2728,
    "y": 5327,
    "z": 0
  },
  "online-status": "ON",
  "given-starter": true,
  "money-pouch": 13718272,
  "donated": 0,
  "minutes-bonus-exp": -1,
  "total-gained-exp": 151414871,
  "prestige-points": 0,
  "achievement-points": 16,
  "dung-tokens": 0,
  "commendations": 0,
  "loyalty-points": 9541,
  "total-loyalty-points": 9541.0,
  "voting-points": 4,
  "slayer-points": 0,
  "pk-points": 0,
  "donation-points": 0,
  "afk-points": 0,
  "trivia-points": 460,
  "cluescompleted": 2,
  "player-kills": 0,
  "player-killstreak": 0,
  "player-deaths": 0,
  "target-percentage": 100,
  "bh-rank": 0,
  "gender": "MALE",
  "spell-book": "LUNAR",
  "shop-updated": false,
  "shop-earnings": 0,
  "prayer-book": "NORMAL",
  "running": true,
  "run-energy": 100,
  "music": false,
  "sounds": false,
  "auto-retaliate": true,
  "xp-locked": false,
  "veng-cast": false,
  "last-veng": 1590516478546,
  "fight-type": "UNARMED_KICK",
  "sol-effect": 0,
  "skull-timer": 0,
  "accept-aid": false,
  "poison-damage": 0,
  "poison-immunity": 0,
  "overload-timer": 0,
  "fire-immunity": 0,
  "fire-damage-mod": 0,
  "prayer-renewal-timer": 0,
  "teleblock-timer": 0,
  "special-amount": 100,
  "entered-gwd-room": false,
  "gwd-altar-delay": 0,
  "gwd-killcount": [
    0,
    0,
    0,
    0
  ],
  "effigy": 1,
  "summon-npc": -1,
  "summon-death": -1,
  "process-farming": false,
  "clanchat": "Help",
  "autocast": false,
  "autocast-spell": -1,
  "dfs-charges": 0,
  "coins-gambled": 0,
  "slayer-master": "VANNAKA",
  "slayer-task": "NO_TASK",
  "prev-slayer-task": "NO_TASK",
  "task-amount": 0,
  "task-streak": 0,
  "duo-partner": "null",
  "double-slay-xp": false,
  "recoil-deg": 20,
  "brawler-deg": [
    0,
    0,
    0,
    0,
    0,
    0,
    0,
    0,
    0
  ],
  "killed-players": [],
  "killed-gods": [
    false,
    false,
    false,
    false,
    false
  ],
  "barrows-brother": [
    [
      2030,
      0
    ],
    [
      2029,
      0
    ],
    [
      2028,
      0
    ],
    [
      2027,
      0
    ],
    [
      2026,
      0
    ],
    [
      2025,
      0
    ]
  ],
  "random-coffin": 0,
  "barrows-killcount": 0,
  "nomad": [
    false,
    false
  ],
  "recipe-for-disaster": [
    false,
    false,
    false,
    false,
    false,
    false,
    false,
    false,
    false
  ],
  "recipe-for-disaster-wave": 0,
  "dung-items-bound": [
    0,
    0,
    0,
    0,
    0
  ],
  "rune-ess": 0,
  "pure-ess": 0,
  "has-bank-pin": false,
  "last-pin-attempt": 0,
  "invalid-pin-attempts": 0,
  "bank-pin": [
    0,
    0,
    0,
    0
  ],
  "appearance": [
    0,
    1,
    19,
    26,
    33,
    36,
    42,
    10,
    0,
    1,
    3,
    0,
    0
  ],
  "agility-obj": [
    false,
    false,
    false,
    false,
    false,
    false,
    false
  ],
  "skills": {
    "level": [
      70,
      71,
      75,
      910,
      93,
      880,
      1,
      77,
      55,
      1,
      99,
      56,
      1,
      46,
      99,
      1,
      49,
      81,
      1,
      1,
      65,
      1,
      1,
      1,
      1
    ],
    "maxLevel": [
      70,
      71,
      75,
      910,
      93,
      930,
      1,
      77,
      55,
      1,
      99,
      56,
      1,
      46,
      99,
      1,
      49,
      81,
      1,
      1,
      65,
      1,
      1,
      1,
      1
    ],
    "experience": [
      802914,
      815299,
      1314946,
      6213560,
      7695577,
      7282293,
      0,
      1571513,
      173879,
      0,
      55470699,
      193943,
      0,
      70987,
      61645008,
      0,
      97279,
      2419235,
      0,
      0,
      462744,
      0,
      0,
      0,
      0
    ]
  },
  "inventory": [
    {
      "id": 12852,
      "amount": 95127,
      "slot": 0
    },
    {
      "id": -1,
      "amount": 0,
      "slot": 0
    },
    {
      "id": -1,
      "amount": 0,
      "slot": 0
    },
    {
      "id": -1,
      "amount": 0,
      "slot": 0
    },
    {
      "id": -1,
      "amount": 0,
      "slot": 0
    },
    {
      "id": -1,
      "amount": 0,
      "slot": 0
    },
    {
      "id": -1,
      "amount": 0,
      "slot": 0
    },
    {
      "id": -1,
      "amount": 0,
      "slot": 0
    },
    {
      "id": -1,
      "amount": 0,
      "slot": 0
    },
    {
      "id": -1,
      "amount": 0,
      "slot": 0
    },
    {
      "id": -1,
      "amount": 0,
      "slot": 0
    },
    {
      "id": -1,
      "amount": 0,
      "slot": 0
    },
    {
      "id": -1,
      "amount": 0,
      "slot": 0
    },
    {
      "id": -1,
      "amount": 0,
      "slot": 0
    },
    {
      "id": -1,
      "amount": 0,
      "slot": 0
    },
    {
      "id": -1,
      "amount": 0,
      "slot": 0
    },
    {
      "id": -1,
      "amount": 0,
      "slot": 0
    },
    {
      "id": -1,
      "amount": 0,
      "slot": 0
    },
    {
      "id": -1,
      "amount": 0,
      "slot": 0
    },
    {
      "id": -1,
      "amount": 0,
      "slot": 0
    },
    {
      "id": -1,
      "amount": 0,
      "slot": 0
    },
    {
      "id": -1,
      "amount": 0,
      "slot": 0
    },
    {
      "id": -1,
      "amount": 0,
      "slot": 0
    },
    {
      "id": -1,
      "amount": 0,
      "slot": 0
    },
    {
      "id": -1,
      "amount": 0,
      "slot": 0
    },
    {
      "id": -1,
      "amount": 0,
      "slot": 0
    },
    {
      "id": -1,
      "amount": 0,
      "slot": 0
    },
    {
      "id": -1,
      "amount": 0,
      "slot": 0
    }
  ],
  "equipment": [
    {
      "id": -1,
      "amount": 0,
      "slot": 0
    },
    {
      "id": -1,
      "amount": 0,
      "slot": 0
    },
    {
      "id": -1,
      "amount": 0,
      "slot": 0
    },
    {
      "id": 15259,
      "amount": 1,
      "slot": 0
    },
    {
      "id": -1,
      "amount": 0,
      "slot": 0
    },
    {
      "id": -1,
      "amount": 0,
      "slot": 0
    },
    {
      "id": -1,
      "amount": 0,
      "slot": 0
    },
    {
      "id": -1,
      "amount": 0,
      "slot": 0
    },
    {
      "id": -1,
      "amount": 0,
      "slot": 0
    },
    {
      "id": -1,
      "amount": 0,
      "slot": 0
    },
    {
      "id": -1,
      "amount": 0,
      "slot": 0
    },
    {
      "id": -1,
      "amount": 0,
      "slot": 0
    },
    {
      "id": -1,
      "amount": 0,
      "slot": 0
    },
    {
      "id": -1,
      "amount": 0,
      "slot": 0
    }
  ],
  "bank-0": [
    {
      "id": 2440,
      "amount": 50,
      "slot": 0
    },
    {
      "id": 2436,
      "amount": 50,
      "slot": 0
    },
    {
      "id": 2442,
      "amount": 49,
      "slot": 0
    },
    {
      "id": 3024,
      "amount": 50,
      "slot": 0
    },
    {
      "id": 2434,
      "amount": 28,
      "slot": 0
    },
    {
      "id": 391,
      "amount": 275,
      "slot": 0
    },
    {
      "id": 19407,
      "amount": 1,
      "slot": 0
    },
    {
      "id": 19410,
      "amount": 1,
      "slot": 0
    },
    {
      "id": 19398,
      "amount": 1,
      "slot": 0
    },
    {
      "id": 19401,
      "amount": 1,
      "slot": 0
    },
    {
      "id": 2996,
      "amount": 10,
      "slot": 0
    },
    {
      "id": 1438,
      "amount": 2,
      "slot": 0
    },
    {
      "id": 7954,
      "amount": 2,
      "slot": 0
    },
    {
      "id": 315,
      "amount": 16,
      "slot": 0
    },
    {
      "id": 319,
      "amount": 2,
      "slot": 0
    },
    {
      "id": 5574,
      "amount": 1,
      "slot": 0
    },
    {
      "id": 6111,
      "amount": 1,
      "slot": 0
    },
    {
      "id": 6739,
      "amount": 1,
      "slot": 0
    },
    {
      "id": 946,
      "amount": 1,
      "slot": 0
    },
    {
      "id": 11818,
      "amount": 1,
      "slot": 0
    },
    {
      "id": 1381,
      "amount": 1,
      "slot": 0
    },
    {
      "id": 558,
      "amount": 1000,
      "slot": 0
    },
    {
      "id": 557,
      "amount": 1000,
      "slot": 0
    },
    {
      "id": 555,
      "amount": 1000,
      "slot": 0
    },
    {
      "id": 554,
      "amount": 1000,
      "slot": 0
    },
    {
      "id": 303,
      "amount": 1,
      "slot": 0
    },
    {
      "id": 367,
      "amount": 4,
      "slot": 0
    },
    {
      "id": 361,
      "amount": 37,
      "slot": 0
    },
    {
      "id": 373,
      "amount": 8,
      "slot": 0
    },
    {
      "id": 1323,
      "amount": 1,
      "slot": 0
    },
    {
      "id": 12160,
      "amount": 1,
      "slot": 0
    },
    {
      "id": 15188,
      "amount": 1,
      "slot": 0
    },
    {
      "id": 1163,
      "amount": 1,
      "slot": 0
    },
    {
      "id": 4587,
      "amount": 1,
      "slot": 0
    },
    {
      "id": 1127,
      "amount": 1,
      "slot": 0
    },
    {
      "id": 1333,
      "amount": 1,
      "slot": 0
    },
    {
      "id": 4151,
      "amount": 1,
      "slot": 0
    },
    {
      "id": 841,
      "amount": 1,
      "slot": 0
    },
    {
      "id": 1079,
      "amount": 1,
      "slot": 0
    },
    {
      "id": 1201,
      "amount": 1,
      "slot": 0
    },
    {
      "id": 6568,
      "amount": 1,
      "slot": 0
    },
    {
      "id": 882,
      "amount": 500,
      "slot": 0
    },
    {
      "id": 139,
      "amount": 1,
      "slot": 0
    },
    {
      "id": 165,
      "amount": 1,
      "slot": 0
    },
    {
      "id": 440,
      "amount": 27,
      "slot": 0
    },
    {
      "id": 1747,
      "amount": 2,
      "slot": 0
    },
    {
      "id": 565,
      "amount": 100,
      "slot": 0
    },
    {
      "id": 1149,
      "amount": 1,
      "slot": 0
    },
    {
      "id": 2368,
      "amount": 1,
      "slot": 0
    },
    {
      "id": 1275,
      "amount": 2,
      "slot": 0
    },
    {
      "id": 438,
      "amount": 1,
      "slot": 0
    },
    {
      "id": 453,
      "amount": 12,
      "slot": 0
    },
    {
      "id": 861,
      "amount": 1,
      "slot": 0
    },
    {
      "id": 444,
      "amount": 18,
      "slot": 0
    },
    {
      "id": 1623,
      "amount": 19,
      "slot": 0
    },
    {
      "id": 1631,
      "amount": 36,
      "slot": 0
    },
    {
      "id": 1617,
      "amount": 22,
      "slot": 0
    },
    {
      "id": 1621,
      "amount": 26,
      "slot": 0
    },
    {
      "id": 449,
      "amount": 61,
      "slot": 0
    },
    {
      "id": 447,
      "amount": 70,
      "slot": 0
    },
    {
      "id": 1619,
      "amount": 22,
      "slot": 0
    },
    {
      "id": 1363,
      "amount": 2,
      "slot": 0
    },
    {
      "id": 1081,
      "amount": 1,
      "slot": 0
    },
    {
      "id": 1203,
      "amount": 11,
      "slot": 0
    },
    {
      "id": 1207,
      "amount": 7,
      "slot": 0
    },
    {
      "id": 1325,
      "amount": 1,
      "slot": 0
    },
    {
      "id": 2347,
      "amount": 1,
      "slot": 0
    },
    {
      "id": 556,
      "amount": 19,
      "slot": 0
    },
    {
      "id": 892,
      "amount": 1500,
      "slot": 0
    },
    {
      "id": 143,
      "amount": 1,
      "slot": 0
    },
    {
      "id": 7936,
      "amount": 1396,
      "slot": 0
    },
    {
      "id": 4753,
      "amount": 1,
      "slot": 0
    },
    {
      "id": 10499,
      "amount": 1,
      "slot": 0
    },
    {
      "id": 6585,
      "amount": 1,
      "slot": 0
    },
    {
      "id": 9185,
      "amount": 1,
      "slot": 0
    },
    {
      "id": 2503,
      "amount": 1,
      "slot": 0
    },
    {
      "id": 1540,
      "amount": 1,
      "slot": 0
    },
    {
      "id": 4738,
      "amount": 1,
      "slot": 0
    },
    {
      "id": 2491,
      "amount": 1,
      "slot": 0
    },
    {
      "id": 2577,
      "amount": 1,
      "slot": 0
    },
    {
      "id": 9242,
      "amount": 1000,
      "slot": 0
    },
    {
      "id": 1446,
      "amount": 1,
      "slot": 0
    },
    {
      "id": 1442,
      "amount": 1,
      "slot": 0
    },
    {
      "id": 1454,
      "amount": 1,
      "slot": 0
    },
    {
      "id": 562,
      "amount": 27,
      "slot": 0
    },
    {
      "id": 1452,
      "amount": 1,
      "slot": 0
    },
    {
      "id": 13653,
      "amount": 135,
      "slot": 0
    },
    {
      "id": 1273,
      "amount": 1,
      "slot": 0
    },
    {
      "id": 13727,
      "amount": 1244,
      "slot": 0
    },
    {
      "id": 301,
      "amount": 1,
      "slot": 0
    },
    {
      "id": 381,
      "amount": 2,
      "slot": 0
    },
    {
      "id": 379,
      "amount": 21,
      "slot": 0
    },
    {
      "id": 311,
      "amount": 2,
      "slot": 0
    },
    {
      "id": 375,
      "amount": 2,
      "slot": 0
    },
    {
      "id": 7946,
      "amount": 62,
      "slot": 0
    },
    {
      "id": 7948,
      "amount": 19,
      "slot": 0
    },
    {
      "id": 383,
      "amount": 27,
      "slot": 0
    },
    {
      "id": 309,
      "amount": 1,
      "slot": 0
    },
    {
      "id": 25,
      "amount": 878,
      "slot": 0
    },
    {
      "id": 18781,
      "amount": 1,
      "slot": 0
    },
    {
      "id": 995,
      "amount": 78183,
      "slot": 0
    },
    {
      "id": 11998,
      "amount": 2,
      "slot": 0
    },
    {
      "id": 1349,
      "amount": 1,
      "slot": 0
    },
    {
      "id": 590,
      "amount": 1,
      "slot": 0
    },
    {
      "id": 12852,
      "amount": 1640,
      "slot": 0
    },
    {
      "id": 1267,
      "amount": 1,
      "slot": 0
    },
    {
      "id": 1359,
      "amount": 1,
      "slot": 0
    },
    {
      "id": 2862,
      "amount": 1,
      "slot": 0
    }
  ],
  "bank-1": [],
  "bank-2": [],
  "bank-3": [],
  "bank-4": [],
  "bank-5": [],
  "bank-6": [],
  "bank-7": [],
  "bank-8": [],
  "ge-slots": [
    {
      "state": "EMPTY"
    },
    {
      "state": "EMPTY"
    },
    {
      "state": "EMPTY"
    },
    {
      "state": "EMPTY"
    },
    {
      "state": "EMPTY"
    },
    {
      "state": "EMPTY"
    }
  ],
  "charm-imp": [
    0,
    0,
    0,
    0
  ],
  "friends": [
    601840971753,
    314510633023982,
    321125,
    172667,
    119161294,
    651298166,
    36623716
  ],
  "ignores": [],
  "loyalty-titles": [
    false,
    false,
    false,
    false,
    false,
    false,
    false,
    false,
    false,
    false,
    false,
    false
  ],
  "kills": [
    {
      "npcName": "Rock Crab",
      "amount": 26,
      "boss": false
    },
    {
      "npcName": "King Black Dragon",
      "amount": 2,
      "boss": true
    },
    {
      "npcName": "Zulrah",
      "amount": 1,
      "boss": true
    }
  ],
  "drops": [
    {
      "item": 7937,
      "amount": 1500,
      "rareDrop": false
    },
    {
      "item": 565,
      "amount": 100,
      "rareDrop": false
    },
    {
      "item": 441,
      "amount": 60,
      "rareDrop": false
    },
    {
      "item": 2368,
      "amount": 1,
      "rareDrop": false
    },
    {
      "item": 1149,
      "amount": 1,
      "rareDrop": false
    },
    {
      "item": 25,
      "amount": 3,
      "rareDrop": false
    },
    {
      "item": 536,
      "amount": 2,
      "rareDrop": false
    },
    {
      "item": 2485,
      "amount": 1,
      "rareDrop": false
    },
    {
      "item": 1747,
      "amount": 2,
      "rareDrop": false
    },
    {
      "item": 439,
      "amount": 6,
      "rareDrop": false
    },
    {
      "item": 437,
      "amount": 4,
      "rareDrop": false
    },
    {
      "item": 995,
      "amount": 1872,
      "rareDrop": false
    },
    {
      "item": 454,
      "amount": 1,
      "rareDrop": false
    },
    {
      "item": 403,
      "amount": 3,
      "rareDrop": false
    },
    {
      "item": 405,
      "amount": 1,
      "rareDrop": false
    },
    {
      "item": 561,
      "amount": 2,
      "rareDrop": false
    },
    {
      "item": 15188,
      "amount": 1,
      "rareDrop": false
    },
    {
      "item": 830,
      "amount": 2,
      "rareDrop": false
    },
    {
      "item": 313,
      "amount": 27,
      "rareDrop": false
    },
    {
      "item": 1625,
      "amount": 3,
      "rareDrop": false
    },
    {
      "item": 45,
      "amount": 3,
      "rareDrop": false
    },
    {
      "item": 12158,
      "amount": 9,
      "rareDrop": false
    },
    {
      "item": 12160,
      "amount": 3,
      "rareDrop": false
    },
    {
      "item": 12159,
      "amount": 5,
      "rareDrop": false
    },
    {
      "item": 18778,
      "amount": 1,
      "rareDrop": true
    }
  ],
  "achievements-completion": [
    false,
    false,
    true,
    true,
    false,
    false,
    false,
    true,
    true,
    false,
    false,
    false,
    false,
    true,
    false,
    true,
    false,
    true,
    false,
    false,
    false,
    true,
    true,
    false,
    true,
    true,
    true,
    true,
    true,
    false,
    false,
    false,
    false,
    true,
    false,
    false,
    false,
    false,
    false,
    false,
    false,
    false,
    false,
    false,
    false,
    false,
    false,
    false,
    false,
    false,
    false,
    false,
    false,
    true,
    false,
    false,
    false,
    false,
    false,
    false,
    false,
    false,
    false,
    false,
    false,
    false,
    false,
    false,
    false,
    false,
    false,
    false,
    false,
    false,
    false,
    false,
    false,
    false,
    false,
    false,
    false,
    false,
    false,
    false,
    false,
    false,
    false,
    false,
    false,
    false,
    false,
    false,
    false,
    false,
    false,
    false,
    false,
    false,
    false,
    false
  ],
  "achievements-progress": [
    962,
    971,
    933,
    0,
    0,
    0,
    0,
    24,
    0,
    0,
    0,
    0,
    0,
    0,
    0,
    0,
    38,
    24,
    0,
    0,
    0,
    15765,
    28598,
    1406,
    0,
    0,
    0,
    0,
    122,
    0,
    0,
    0,
    0,
    0,
    0,
    0,
    0,
    0,
    0,
    0,
    0,
    0,
    0,
    15765,
    28598,
    1444,
    0,
    0,
    0,
    29,
    3,
    0,
    0
  ],
  "max-cape-colors": [
    65214,
    65200,
    65186,
    62995
  ],
  "player-title": ""
}