{
  "total-play-time-ms": 224066615,
  "username": "Psychotic",
  "password": "Hejhej12",
  "email": "null",
  "staff-rights": "PLAYER",
  "game-mode": "NORMAL",
  "boss-points": 45,
  "janus-points": 0,
  "loyalty-title": "NONE",
  "position": {
    "x": 1960,
    "y": 4758,
    "z": 0
  },
  "online-status": "ON",
  "given-starter": true,
  "money-pouch": 1643467,
  "donated": 0,
  "minutes-bonus-exp": -1,
  "total-gained-exp": 775630344,
  "prestige-points": 0,
  "achievement-points": 10,
  "dung-tokens": 0,
  "commendations": 0,
  "loyalty-points": 15044,
  "total-loyalty-points": 15044.0,
  "voting-points": 0,
  "slayer-points": 0,
  "pk-points": 0,
  "donation-points": 0,
  "afk-points": 0,
  "trivia-points": 20,
  "cluescompleted": 1,
  "player-kills": 0,
  "player-killstreak": 0,
  "player-deaths": 0,
  "target-percentage": 100,
  "bh-rank": 0,
  "gender": "MALE",
  "spell-book": "NORMAL",
  "shop-updated": false,
  "shop-earnings": 0,
  "prayer-book": "CURSES",
  "running": true,
  "run-energy": 100,
  "music": false,
  "sounds": false,
  "auto-retaliate": true,
  "xp-locked": false,
  "veng-cast": false,
  "last-veng": 1590855040620,
  "fight-type": "LONGBOW_RAPID",
  "sol-effect": 0,
  "skull-timer": 0,
  "accept-aid": false,
  "poison-damage": 10,
  "poison-immunity": 0,
  "overload-timer": 0,
  "fire-immunity": 0,
  "fire-damage-mod": 0,
  "prayer-renewal-timer": 0,
  "teleblock-timer": 0,
  "special-amount": 100,
  "entered-gwd-room": false,
  "gwd-altar-delay": 0,
  "gwd-killcount": [
    0,
    0,
    0,
    0
  ],
  "effigy": 6,
  "summon-npc": -1,
  "summon-death": -1,
  "process-farming": false,
  "clanchat": "Help",
  "autocast": false,
  "autocast-spell": -1,
  "dfs-charges": 0,
  "coins-gambled": 0,
  "slayer-master": "VANNAKA",
  "slayer-task": "NO_TASK",
  "prev-slayer-task": "NO_TASK",
  "task-amount": 0,
  "task-streak": 0,
  "duo-partner": "null",
  "double-slay-xp": false,
  "recoil-deg": 0,
  "brawler-deg": [
    0,
    0,
    0,
    0,
    0,
    0,
    0,
    0,
    0
  ],
  "killed-players": [],
  "killed-gods": [
    false,
    false,
    false,
    false,
    false
  ],
  "barrows-brother": [
    [
      2030,
      0
    ],
    [
      2029,
      0
    ],
    [
      2028,
      0
    ],
    [
      2027,
      0
    ],
    [
      2026,
      0
    ],
    [
      2025,
      0
    ]
  ],
  "random-coffin": 0,
  "barrows-killcount": 0,
  "nomad": [
    false,
    false
  ],
  "recipe-for-disaster": [
    false,
    false,
    false,
    false,
    false,
    false,
    false,
    false,
    false
  ],
  "recipe-for-disaster-wave": 0,
  "dung-items-bound": [
    0,
    0,
    0,
    0,
    0
  ],
  "rune-ess": 0,
  "pure-ess": 0,
  "has-bank-pin": false,
  "last-pin-attempt": 0,
  "invalid-pin-attempts": 0,
  "bank-pin": [
    0,
    0,
    0,
    0
  ],
  "appearance": [
    0,
    3,
    18,
    27,
    33,
    36,
    42,
    12,
    4,
    0,
    0,
    0,
    5
  ],
  "agility-obj": [
    false,
    false,
    false,
    false,
    false,
    false,
    false
  ],
  "skills": {
    "level": [
      70,
      90,
      74,
      869,
      108,
      495,
      1,
      1,
      1,
      1,
      1,
      1,
      1,
      1,
      99,
      1,
      1,
      1,
      1,
      1,
      10,
      1,
      1,
      1,
      1
    ],
    "maxLevel": [
      70,
      90,
      74,
      990,
      99,
      800,
      1,
      1,
      1,
      1,
      1,
      1,
      1,
      1,
      99,
      1,
      1,
      1,
      1,
      1,
      10,
      1,
      1,
      1,
      1
    ],
    "experience": [
      768753,
      5613335,
      1165007,
      240941785,
      416048795,
      2126521,
      0,
      0,
      0,
      0,
      0,
      0,
      0,
      0,
      108966012,
      0,
      0,
      0,
      0,
      0,
      1320,
      0,
      0,
      0,
      0
    ]
  },
  "inventory": [
    {
      "id": 229,
      "amount": 1,
      "slot": 0
    },
    {
      "id": 173,
      "amount": 1,
      "slot": 0
    },
    {
      "id": 2444,
      "amount": 1,
      "slot": 0
    },
    {
      "id": 229,
      "amount": 1,
      "slot": 0
    },
    {
      "id": 2434,
      "amount": 1,
      "slot": 0
    },
    {
      "id": 12160,
      "amount": 13,
      "slot": 0
    },
    {
      "id": -1,
      "amount": 0,
      "slot": 0
    },
    {
      "id": -1,
      "amount": 0,
      "slot": 0
    },
    {
      "id": -1,
      "amount": 0,
      "slot": 0
    },
    {
      "id": -1,
      "amount": 0,
      "slot": 0
    },
    {
      "id": -1,
      "amount": 0,
      "slot": 0
    },
    {
      "id": -1,
      "amount": 0,
      "slot": 0
    },
    {
      "id": -1,
      "amount": 0,
      "slot": 0
    },
    {
      "id": -1,
      "amount": 0,
      "slot": 0
    },
    {
      "id": -1,
      "amount": 0,
      "slot": 0
    },
    {
      "id": -1,
      "amount": 0,
      "slot": 0
    },
    {
      "id": -1,
      "amount": 0,
      "slot": 0
    },
    {
      "id": -1,
      "amount": 0,
      "slot": 0
    },
    {
      "id": -1,
      "amount": 0,
      "slot": 0
    },
    {
      "id": -1,
      "amount": 0,
      "slot": 0
    },
    {
      "id": 391,
      "amount": 1,
      "slot": 0
    },
    {
      "id": 391,
      "amount": 1,
      "slot": 0
    },
    {
      "id": 391,
      "amount": 1,
      "slot": 0
    },
    {
      "id": 391,
      "amount": 1,
      "slot": 0
    },
    {
      "id": 391,
      "amount": 1,
      "slot": 0
    },
    {
      "id": 391,
      "amount": 1,
      "slot": 0
    },
    {
      "id": 391,
      "amount": 1,
      "slot": 0
    },
    {
      "id": 391,
      "amount": 1,
      "slot": 0
    }
  ],
  "equipment": [
    {
      "id": 11718,
      "amount": 1,
      "slot": 0
    },
    {
      "id": 10499,
      "amount": 1,
      "slot": 0
    },
    {
      "id": 15126,
      "amount": 1,
      "slot": 0
    },
    {
      "id": 20998,
      "amount": 1,
      "slot": 0
    },
    {
      "id": 13870,
      "amount": 1,
      "slot": 0
    },
    {
      "id": -1,
      "amount": 0,
      "slot": 0
    },
    {
      "id": -1,
      "amount": 0,
      "slot": 0
    },
    {
      "id": 11722,
      "amount": 1,
      "slot": 0
    },
    {
      "id": -1,
      "amount": 0,
      "slot": 0
    },
    {
      "id": 7462,
      "amount": 1,
      "slot": 0
    },
    {
      "id": 12708,
      "amount": 1,
      "slot": 0
    },
    {
      "id": -1,
      "amount": 0,
      "slot": 0
    },
    {
      "id": 21026,
      "amount": 1,
      "slot": 0
    },
    {
      "id": 11212,
      "amount": 5,
      "slot": 0
    }
  ],
  "bank-0": [
    {
      "id": 2440,
      "amount": 50,
      "slot": 0
    },
    {
      "id": 2436,
      "amount": 50,
      "slot": 0
    },
    {
      "id": 2442,
      "amount": 50,
      "slot": 0
    },
    {
      "id": 3024,
      "amount": 40,
      "slot": 0
    },
    {
      "id": 2444,
      "amount": 78,
      "slot": 0
    },
    {
      "id": 2434,
      "amount": 94,
      "slot": 0
    },
    {
      "id": 391,
      "amount": 115,
      "slot": 0
    },
    {
      "id": 11818,
      "amount": 1,
      "slot": 0
    },
    {
      "id": 11838,
      "amount": 1,
      "slot": 0
    },
    {
      "id": 841,
      "amount": 2,
      "slot": 0
    },
    {
      "id": 1381,
      "amount": 1,
      "slot": 0
    },
    {
      "id": 558,
      "amount": 1000,
      "slot": 0
    },
    {
      "id": 557,
      "amount": 1000,
      "slot": 0
    },
    {
      "id": 555,
      "amount": 1000,
      "slot": 0
    },
    {
      "id": 554,
      "amount": 1000,
      "slot": 0
    },
    {
      "id": 19437,
      "amount": 1,
      "slot": 0
    },
    {
      "id": 19428,
      "amount": 1,
      "slot": 0
    },
    {
      "id": 19431,
      "amount": 1,
      "slot": 0
    },
    {
      "id": 19440,
      "amount": 1,
      "slot": 0
    },
    {
      "id": 1623,
      "amount": 308,
      "slot": 0
    },
    {
      "id": 1631,
      "amount": 13,
      "slot": 0
    },
    {
      "id": 1619,
      "amount": 13,
      "slot": 0
    },
    {
      "id": 19592,
      "amount": 1,
      "slot": 0
    },
    {
      "id": 1621,
      "amount": 15,
      "slot": 0
    },
    {
      "id": 1617,
      "amount": 87,
      "slot": 0
    },
    {
      "id": 1438,
      "amount": 2,
      "slot": 0
    },
    {
      "id": 1444,
      "amount": 1,
      "slot": 0
    },
    {
      "id": 13727,
      "amount": 539,
      "slot": 0
    },
    {
      "id": 861,
      "amount": 1,
      "slot": 0
    },
    {
      "id": 985,
      "amount": 1,
      "slot": 0
    },
    {
      "id": 892,
      "amount": 500,
      "slot": 0
    },
    {
      "id": 882,
      "amount": 500,
      "slot": 0
    },
    {
      "id": 536,
      "amount": 99,
      "slot": 0
    },
    {
      "id": 1323,
      "amount": 2,
      "slot": 0
    },
    {
      "id": 173,
      "amount": 9,
      "slot": 0
    },
    {
      "id": 2677,
      "amount": 8,
      "slot": 0
    },
    {
      "id": 229,
      "amount": 19,
      "slot": 0
    },
    {
      "id": 7980,
      "amount": 3,
      "slot": 0
    },
    {
      "id": 2361,
      "amount": 5,
      "slot": 0
    },
    {
      "id": 995,
      "amount": 21858045,
      "slot": 0
    },
    {
      "id": 11732,
      "amount": 1,
      "slot": 0
    },
    {
      "id": 143,
      "amount": 5,
      "slot": 0
    },
    {
      "id": 4087,
      "amount": 1,
      "slot": 0
    },
    {
      "id": 6568,
      "amount": 1,
      "slot": 0
    },
    {
      "id": 10828,
      "amount": 1,
      "slot": 0
    },
    {
      "id": 383,
      "amount": 221,
      "slot": 0
    },
    {
      "id": 169,
      "amount": 4,
      "slot": 0
    },
    {
      "id": 18778,
      "amount": 1,
      "slot": 0
    },
    {
      "id": 385,
      "amount": 5,
      "slot": 0
    },
    {
      "id": 371,
      "amount": 1172,
      "slot": 0
    },
    {
      "id": 7936,
      "amount": 7500,
      "slot": 0
    },
    {
      "id": 5974,
      "amount": 20,
      "slot": 0
    },
    {
      "id": 219,
      "amount": 20,
      "slot": 0
    },
    {
      "id": 139,
      "amount": 3,
      "slot": 0
    },
    {
      "id": 171,
      "amount": 4,
      "slot": 0
    },
    {
      "id": 1391,
      "amount": 20,
      "slot": 0
    },
    {
      "id": 989,
      "amount": 2,
      "slot": 0
    },
    {
      "id": 6571,
      "amount": 1,
      "slot": 0
    },
    {
      "id": 1939,
      "amount": 6000,
      "slot": 0
    },
    {
      "id": 3049,
      "amount": 100,
      "slot": 0
    },
    {
      "id": 8835,
      "amount": 100,
      "slot": 0
    },
    {
      "id": 1779,
      "amount": 1000,
      "slot": 0
    },
    {
      "id": 3051,
      "amount": 10,
      "slot": 0
    },
    {
      "id": 217,
      "amount": 30,
      "slot": 0
    },
    {
      "id": 1515,
      "amount": 105,
      "slot": 0
    },
    {
      "id": 1149,
      "amount": 3,
      "slot": 0
    },
    {
      "id": 3030,
      "amount": 2,
      "slot": 0
    },
    {
      "id": 2685,
      "amount": 1,
      "slot": 0
    },
    {
      "id": 987,
      "amount": 2,
      "slot": 0
    },
    {
      "id": 2684,
      "amount": 1,
      "slot": 0
    },
    {
      "id": 2682,
      "amount": 1,
      "slot": 0
    },
    {
      "id": 2679,
      "amount": 1,
      "slot": 0
    },
    {
      "id": 2680,
      "amount": 1,
      "slot": 0
    },
    {
      "id": 207,
      "amount": 70,
      "slot": 0
    },
    {
      "id": 141,
      "amount": 2,
      "slot": 0
    },
    {
      "id": 1704,
      "amount": 1,
      "slot": 0
    },
    {
      "id": 1249,
      "amount": 1,
      "slot": 0
    },
    {
      "id": 5105,
      "amount": 6120,
      "slot": 0
    },
    {
      "id": 2448,
      "amount": 220,
      "slot": 0
    },
    {
      "id": 2503,
      "amount": 1,
      "slot": 0
    },
    {
      "id": 2497,
      "amount": 1,
      "slot": 0
    },
    {
      "id": 21051,
      "amount": 1,
      "slot": 0
    },
    {
      "id": 12852,
      "amount": 103692,
      "slot": 0
    },
    {
      "id": 2998,
      "amount": 200,
      "slot": 0
    },
    {
      "id": 12159,
      "amount": 26,
      "slot": 0
    },
    {
      "id": 7060,
      "amount": 30,
      "slot": 0
    },
    {
      "id": 2363,
      "amount": 165,
      "slot": 0
    },
    {
      "id": 12158,
      "amount": 39,
      "slot": 0
    },
    {
      "id": 9245,
      "amount": 1330,
      "slot": 0
    },
    {
      "id": 453,
      "amount": 1,
      "slot": 0
    },
    {
      "id": 440,
      "amount": 1,
      "slot": 0
    },
    {
      "id": 2368,
      "amount": 2,
      "slot": 0
    },
    {
      "id": 9144,
      "amount": 1250,
      "slot": 0
    },
    {
      "id": 12160,
      "amount": 26,
      "slot": 0
    },
    {
      "id": 449,
      "amount": 1300,
      "slot": 0
    },
    {
      "id": 3000,
      "amount": 100,
      "slot": 0
    },
    {
      "id": 13754,
      "amount": 1,
      "slot": 0
    },
    {
      "id": 8780,
      "amount": 2100,
      "slot": 0
    },
    {
      "id": 11133,
      "amount": 1,
      "slot": 0
    },
    {
      "id": 1333,
      "amount": 2,
      "slot": 0
    },
    {
      "id": 7956,
      "amount": 1,
      "slot": 0
    },
    {
      "id": 15270,
      "amount": 37,
      "slot": 0
    },
    {
      "id": 3026,
      "amount": 2,
      "slot": 0
    },
    {
      "id": 211,
      "amount": 71,
      "slot": 0
    },
    {
      "id": 15259,
      "amount": 1,
      "slot": 0
    }
  ],
  "bank-1": [],
  "bank-2": [],
  "bank-3": [],
  "bank-4": [],
  "bank-5": [],
  "bank-6": [],
  "bank-7": [],
  "bank-8": [],
  "ge-slots": [
    {
      "state": "EMPTY"
    },
    {
      "state": "EMPTY"
    },
    {
      "state": "EMPTY"
    },
    {
      "state": "EMPTY"
    },
    {
      "state": "EMPTY"
    },
    {
      "state": "EMPTY"
    }
  ],
  "charm-imp": [
    0,
    0,
    0,
    0
  ],
  "friends": [
    314510633023982,
    119161294
  ],
  "ignores": [],
  "loyalty-titles": [
    false,
    false,
    false,
    false,
    false,
    false,
    false,
    false,
    false,
    false,
    false,
    false
  ],
  "kills": [
    {
      "npcName": "Zulrah",
      "amount": 66,
      "boss": true
    },
    {
      "npcName": "King Black Dragon",
      "amount": 62,
      "boss": true
    },
    {
      "npcName": "Crazy lvl 2 Man",
      "amount": 31,
      "boss": true
    },
    {
      "npcName": "Rock Crab",
      "amount": 28,
      "boss": false
    },
    {
      "npcName": "Corporeal Beast",
      "amount": 5,
      "boss": true
    }
  ],
  "drops": [
    {
      "item": 12158,
      "amount": 106,
      "rareDrop": false
    },
    {
      "item": 12160,
      "amount": 89,
      "rareDrop": false
    },
    {
      "item": 995,
      "amount": 2642106,
      "rareDrop": false
    },
    {
      "item": 12163,
      "amount": 8,
      "rareDrop": false
    },
    {
      "item": 407,
      "amount": 2,
      "rareDrop": false
    },
    {
      "item": 45,
      "amount": 5,
      "rareDrop": false
    },
    {
      "item": 1454,
      "amount": 2,
      "rareDrop": false
    },
    {
      "item": 12159,
      "amount": 53,
      "rareDrop": false
    },
    {
      "item": 985,
      "amount": 2,
      "rareDrop": false
    },
    {
      "item": 805,
      "amount": 1,
      "rareDrop": false
    },
    {
      "item": 437,
      "amount": 9,
      "rareDrop": false
    },
    {
      "item": 454,
      "amount": 901,
      "rareDrop": false
    },
    {
      "item": 1625,
      "amount": 2,
      "rareDrop": false
    },
    {
      "item": 15188,
      "amount": 1,
      "rareDrop": false
    },
    {
      "item": 1619,
      "amount": 1,
      "rareDrop": false
    },
    {
      "item": 313,
      "amount": 9,
      "rareDrop": false
    },
    {
      "item": 405,
      "amount": 1,
      "rareDrop": false
    },
    {
      "item": 21051,
      "amount": 1,
      "rareDrop": true
    },
    {
      "item": 2366,
      "amount": 8,
      "rareDrop": false
    },
    {
      "item": 536,
      "amount": 62,
      "rareDrop": false
    },
    {
      "item": 1747,
      "amount": 62,
      "rareDrop": false
    },
    {
      "item": 2677,
      "amount": 9,
      "rareDrop": true
    },
    {
      "item": 7980,
      "amount": 3,
      "rareDrop": false
    },
    {
      "item": 1303,
      "amount": 2,
      "rareDrop": false
    },
    {
      "item": 2362,
      "amount": 495,
      "rareDrop": false
    },
    {
      "item": 884,
      "amount": 690,
      "rareDrop": false
    },
    {
      "item": 565,
      "amount": 300,
      "rareDrop": false
    },
    {
      "item": 403,
      "amount": 2,
      "rareDrop": false
    },
    {
      "item": 439,
      "amount": 3,
      "rareDrop": false
    },
    {
      "item": 561,
      "amount": 1,
      "rareDrop": false
    },
    {
      "item": 2368,
      "amount": 20,
      "rareDrop": false
    },
    {
      "item": 563,
      "amount": 890,
      "rareDrop": false
    },
    {
      "item": 554,
      "amount": 900,
      "rareDrop": false
    },
    {
      "item": 17926,
      "amount": 50,
      "rareDrop": false
    },
    {
      "item": 385,
      "amount": 24,
      "rareDrop": false
    },
    {
      "item": 18778,
      "amount": 1,
      "rareDrop": true
    },
    {
      "item": 1199,
      "amount": 1,
      "rareDrop": false
    },
    {
      "item": 5975,
      "amount": 20,
      "rareDrop": false
    },
    {
      "item": 7937,
      "amount": 13500,
      "rareDrop": false
    },
    {
      "item": 220,
      "amount": 20,
      "rareDrop": false
    },
    {
      "item": 452,
      "amount": 75,
      "rareDrop": false
    },
    {
      "item": 537,
      "amount": 60,
      "rareDrop": false
    },
    {
      "item": 1939,
      "amount": 6000,
      "rareDrop": false
    },
    {
      "item": 3050,
      "amount": 100,
      "rareDrop": false
    },
    {
      "item": 392,
      "amount": 385,
      "rareDrop": false
    },
    {
      "item": 989,
      "amount": 2,
      "rareDrop": false
    },
    {
      "item": 8836,
      "amount": 100,
      "rareDrop": false
    },
    {
      "item": 562,
      "amount": 500,
      "rareDrop": false
    },
    {
      "item": 1780,
      "amount": 1000,
      "rareDrop": false
    },
    {
      "item": 6290,
      "amount": 175,
      "rareDrop": false
    },
    {
      "item": 3052,
      "amount": 10,
      "rareDrop": false
    },
    {
      "item": 218,
      "amount": 30,
      "rareDrop": false
    },
    {
      "item": 560,
      "amount": 600,
      "rareDrop": false
    },
    {
      "item": 1516,
      "amount": 255,
      "rareDrop": false
    },
    {
      "item": 1149,
      "amount": 3,
      "rareDrop": false
    },
    {
      "item": 1392,
      "amount": 20,
      "rareDrop": false
    },
    {
      "item": 6571,
      "amount": 1,
      "rareDrop": true
    },
    {
      "item": 987,
      "amount": 3,
      "rareDrop": false
    },
    {
      "item": 1123,
      "amount": 1,
      "rareDrop": false
    },
    {
      "item": 9144,
      "amount": 7530,
      "rareDrop": false
    },
    {
      "item": 1201,
      "amount": 1,
      "rareDrop": false
    },
    {
      "item": 445,
      "amount": 100,
      "rareDrop": false
    },
    {
      "item": 1617,
      "amount": 3,
      "rareDrop": false
    },
    {
      "item": 1462,
      "amount": 5,
      "rareDrop": false
    },
    {
      "item": 1624,
      "amount": 300,
      "rareDrop": false
    },
    {
      "item": 566,
      "amount": 100,
      "rareDrop": false
    },
    {
      "item": 1249,
      "amount": 3,
      "rareDrop": false
    },
    {
      "item": 1247,
      "amount": 2,
      "rareDrop": false
    },
    {
      "item": 2449,
      "amount": 420,
      "rareDrop": false
    },
    {
      "item": 5105,
      "amount": 7320,
      "rareDrop": false
    },
    {
      "item": 450,
      "amount": 3965,
      "rareDrop": false
    },
    {
      "item": 890,
      "amount": 8250,
      "rareDrop": false
    },
    {
      "item": 4093,
      "amount": 1,
      "rareDrop": false
    },
    {
      "item": 2999,
      "amount": 200,
      "rareDrop": false
    },
    {
      "item": 1618,
      "amount": 80,
      "rareDrop": false
    },
    {
      "item": 7061,
      "amount": 330,
      "rareDrop": false
    },
    {
      "item": 2364,
      "amount": 165,
      "rareDrop": false
    },
    {
      "item": 2,
      "amount": 5000,
      "rareDrop": false
    },
    {
      "item": 9245,
      "amount": 1330,
      "rareDrop": false
    },
    {
      "item": 830,
      "amount": 55,
      "rareDrop": false
    },
    {
      "item": 1754,
      "amount": 100,
      "rareDrop": false
    },
    {
      "item": 3001,
      "amount": 110,
      "rareDrop": false
    },
    {
      "item": 1407,
      "amount": 1,
      "rareDrop": false
    },
    {
      "item": 13754,
      "amount": 1,
      "rareDrop": false
    },
    {
      "item": 11133,
      "amount": 2,
      "rareDrop": false
    },
    {
      "item": 8781,
      "amount": 2100,
      "rareDrop": false
    },
    {
      "item": 556,
      "amount": 300,
      "rareDrop": false
    },
    {
      "item": 1631,
      "amount": 2,
      "rareDrop": false
    },
    {
      "item": 533,
      "amount": 300,
      "rareDrop": false
    },
    {
      "item": 1215,
      "amount": 1,
      "rareDrop": false
    },
    {
      "item": 270,
      "amount": 27,
      "rareDrop": false
    },
    {
      "item": 1621,
      "amount": 2,
      "rareDrop": false
    }
  ],
  "achievements-completion": [
    false,
    false,
    false,
    false,
    false,
    false,
    false,
    true,
    false,
    false,
    false,
    false,
    false,
    false,
    false,
    false,
    false,
    true,
    false,
    false,
    false,
    true,
    true,
    false,
    true,
    true,
    false,
    true,
    false,
    false,
    false,
    false,
    false,
    false,
    false,
    false,
    false,
    false,
    false,
    false,
    false,
    false,
    false,
    false,
    false,
    false,
    false,
    false,
    false,
    false,
    false,
    true,
    false,
    true,
    false,
    false,
    false,
    false,
    false,
    false,
    false,
    false,
    false,
    false,
    false,
    false,
    false,
    false,
    false,
    false,
    false,
    false,
    false,
    false,
    false,
    false,
    false,
    false,
    false,
    false,
    false,
    false,
    false,
    false,
    false,
    false,
    false,
    false,
    true,
    false,
    false,
    false,
    false,
    false,
    false,
    false,
    false,
    false,
    false,
    false
  ],
  "achievements-progress": [
    986,
    802,
    0,
    0,
    0,
    0,
    0,
    0,
    0,
    0,
    0,
    0,
    0,
    0,
    0,
    0,
    0,
    0,
    0,
    0,
    0,
    4822,
    99399,
    0,
    0,
    0,
    0,
    0,
    0,
    0,
    0,
    0,
    0,
    0,
    0,
    0,
    0,
    0,
    0,
    0,
    0,
    0,
    0,
    4822,
    1332319,
    0,
    0,
    1,
    0,
    192,
    164,
    1,
    0
  ],
  "max-cape-colors": [
    65214,
    65200,
    65186,
    62995
  ],
  "player-title": ""
}