{
  "total-play-time-ms": 2430599,
  "username": "Rammstein",
  "password": "sven",
  "email": "null",
  "staff-rights": "PLAYER",
  "game-mode": "NORMAL",
  "boss-points": 1,
  "janus-points": 0,
  "loyalty-title": "NONE",
  "position": {
    "x": 2704,
    "y": 5349,
    "z": 0
  },
  "online-status": "ON",
  "given-starter": true,
  "money-pouch": 0,
  "donated": 0,
  "minutes-bonus-exp": -1,
  "total-gained-exp": 11226135,
  "prestige-points": 0,
  "achievement-points": 3,
  "dung-tokens": 0,
  "commendations": 0,
  "loyalty-points": 675,
  "total-loyalty-points": 675.0,
  "voting-points": 0,
  "slayer-points": 0,
  "pk-points": 0,
  "donation-points": 0,
  "trivia-points": 0,
  "cluescompleted": 0,
  "player-kills": 0,
  "player-killstreak": 0,
  "player-deaths": 0,
  "target-percentage": 0,
  "bh-rank": -1,
  "gender": "MALE",
  "spell-book": "NORMAL",
  "shop-updated": false,
  "shop-earnings": 0,
  "prayer-book": "NORMAL",
  "running": true,
  "run-energy": 100,
  "music": false,
  "sounds": false,
  "auto-retaliate": true,
  "xp-locked": false,
  "veng-cast": false,
  "last-veng": 1589834590893,
  "fight-type": "SCIMITAR_SLASH",
  "sol-effect": 0,
  "skull-timer": 0,
  "accept-aid": false,
  "poison-damage": 0,
  "poison-immunity": 0,
  "overload-timer": 0,
  "fire-immunity": 0,
  "fire-damage-mod": 0,
  "prayer-renewal-timer": 0,
  "teleblock-timer": 0,
  "special-amount": 100,
  "entered-gwd-room": false,
  "gwd-altar-delay": 0,
  "gwd-killcount": [
    0,
    0,
    0,
    0
  ],
  "effigy": 0,
  "summon-npc": -1,
  "summon-death": -1,
  "process-farming": false,
  "clanchat": "Help",
  "autocast": false,
  "autocast-spell": -1,
  "dfs-charges": 0,
  "coins-gambled": 0,
  "slayer-master": "VANNAKA",
  "slayer-task": "HOBGOBLIN",
  "prev-slayer-task": "NO_TASK",
  "task-amount": 41,
  "task-streak": 0,
  "duo-partner": "null",
  "double-slay-xp": false,
  "recoil-deg": 0,
  "brawler-deg": [
    0,
    0,
    0,
    0,
    0,
    0,
    0,
    0,
    0
  ],
  "killed-players": [],
  "killed-gods": [
    false,
    false,
    false,
    false,
    false
  ],
  "barrows-brother": [
    [
      2030,
      0
    ],
    [
      2029,
      0
    ],
    [
      2028,
      0
    ],
    [
      2027,
      0
    ],
    [
      2026,
      0
    ],
    [
      2025,
      0
    ]
  ],
  "random-coffin": 0,
  "barrows-killcount": 0,
  "nomad": [
    false,
    false
  ],
  "recipe-for-disaster": [
    false,
    false,
    false,
    false,
    false,
    false,
    false,
    false,
    false
  ],
  "recipe-for-disaster-wave": 0,
  "dung-items-bound": [
    0,
    0,
    0,
    0,
    0
  ],
  "rune-ess": 0,
  "pure-ess": 0,
  "has-bank-pin": false,
  "last-pin-attempt": 0,
  "invalid-pin-attempts": 0,
  "bank-pin": [
    0,
    0,
    0,
    0
  ],
  "appearance": [
    0,
    0,
    18,
    26,
    33,
    36,
    42,
    10,
    0,
    0,
    0,
    0,
    6
  ],
  "agility-obj": [
    false,
    false,
    false,
    false,
    false,
    false,
    false
  ],
  "skills": {
    "level": [
      60,
      70,
      89,
      860,
      1,
      720,
      1,
      1,
      1,
      1,
      1,
      1,
      1,
      1,
      1,
      1,
      1,
      32,
      47,
      1,
      1,
      1,
      1,
      1,
      1
    ],
    "maxLevel": [
      60,
      70,
      89,
      860,
      1,
      720,
      1,
      1,
      1,
      1,
      1,
      1,
      1,
      1,
      1,
      1,
      1,
      32,
      47,
      1,
      1,
      1,
      1,
      1,
      1
    ],
    "experience": [
      296588,
      761321,
      5140850,
      3949717,
      0,
      981050,
      0,
      0,
      0,
      0,
      0,
      0,
      0,
      0,
      0,
      0,
      0,
      17595,
      80198,
      0,
      0,
      0,
      0,
      0,
      0
    ]
  },
  "inventory": [
    {
      "id": -1,
      "amount": 0,
      "slot": 0
    },
    {
      "id": -1,
      "amount": 0,
      "slot": 0
    },
    {
      "id": 391,
      "amount": 1,
      "slot": 0
    },
    {
      "id": 391,
      "amount": 1,
      "slot": 0
    },
    {
      "id": 391,
      "amount": 1,
      "slot": 0
    },
    {
      "id": 391,
      "amount": 1,
      "slot": 0
    },
    {
      "id": 391,
      "amount": 1,
      "slot": 0
    },
    {
      "id": 391,
      "amount": 1,
      "slot": 0
    },
    {
      "id": 391,
      "amount": 1,
      "slot": 0
    },
    {
      "id": 391,
      "amount": 1,
      "slot": 0
    },
    {
      "id": 141,
      "amount": 1,
      "slot": 0
    },
    {
      "id": 2434,
      "amount": 1,
      "slot": 0
    },
    {
      "id": 145,
      "amount": 1,
      "slot": 0
    },
    {
      "id": 157,
      "amount": 1,
      "slot": 0
    },
    {
      "id": 2434,
      "amount": 1,
      "slot": 0
    },
    {
      "id": 2434,
      "amount": 1,
      "slot": 0
    },
    {
      "id": 2434,
      "amount": 1,
      "slot": 0
    },
    {
      "id": 2434,
      "amount": 1,
      "slot": 0
    },
    {
      "id": 391,
      "amount": 1,
      "slot": 0
    },
    {
      "id": 391,
      "amount": 1,
      "slot": 0
    },
    {
      "id": 391,
      "amount": 1,
      "slot": 0
    },
    {
      "id": 391,
      "amount": 1,
      "slot": 0
    },
    {
      "id": 391,
      "amount": 1,
      "slot": 0
    },
    {
      "id": 391,
      "amount": 1,
      "slot": 0
    },
    {
      "id": 391,
      "amount": 1,
      "slot": 0
    },
    {
      "id": 391,
      "amount": 1,
      "slot": 0
    },
    {
      "id": 391,
      "amount": 1,
      "slot": 0
    },
    {
      "id": 391,
      "amount": 1,
      "slot": 0
    }
  ],
  "equipment": [
    {
      "id": 1163,
      "amount": 1,
      "slot": 0
    },
    {
      "id": 6568,
      "amount": 1,
      "slot": 0
    },
    {
      "id": -1,
      "amount": 0,
      "slot": 0
    },
    {
      "id": 4587,
      "amount": 1,
      "slot": 0
    },
    {
      "id": 1127,
      "amount": 1,
      "slot": 0
    },
    {
      "id": 1540,
      "amount": 1,
      "slot": 0
    },
    {
      "id": -1,
      "amount": 0,
      "slot": 0
    },
    {
      "id": 4087,
      "amount": 1,
      "slot": 0
    },
    {
      "id": -1,
      "amount": 0,
      "slot": 0
    },
    {
      "id": 7462,
      "amount": 1,
      "slot": 0
    },
    {
      "id": -1,
      "amount": 0,
      "slot": 0
    },
    {
      "id": -1,
      "amount": 0,
      "slot": 0
    },
    {
      "id": -1,
      "amount": 0,
      "slot": 0
    },
    {
      "id": -1,
      "amount": 0,
      "slot": 0
    }
  ],
  "bank-0": [
    {
      "id": 2440,
      "amount": 49,
      "slot": 0
    },
    {
      "id": 2436,
      "amount": 49,
      "slot": 0
    },
    {
      "id": 2442,
      "amount": 50,
      "slot": 0
    },
    {
      "id": 3024,
      "amount": 50,
      "slot": 0
    },
    {
      "id": 2434,
      "amount": 22,
      "slot": 0
    },
    {
      "id": 391,
      "amount": 253,
      "slot": 0
    },
    {
      "id": 841,
      "amount": 1,
      "slot": 0
    },
    {
      "id": 861,
      "amount": 1,
      "slot": 0
    },
    {
      "id": 882,
      "amount": 500,
      "slot": 0
    },
    {
      "id": 892,
      "amount": 500,
      "slot": 0
    },
    {
      "id": 11235,
      "amount": 1,
      "slot": 0
    },
    {
      "id": 1381,
      "amount": 1,
      "slot": 0
    },
    {
      "id": 558,
      "amount": 1000,
      "slot": 0
    },
    {
      "id": 557,
      "amount": 1000,
      "slot": 0
    },
    {
      "id": 555,
      "amount": 1000,
      "slot": 0
    },
    {
      "id": 554,
      "amount": 2250,
      "slot": 0
    },
    {
      "id": 1333,
      "amount": 1,
      "slot": 0
    },
    {
      "id": 1079,
      "amount": 1,
      "slot": 0
    },
    {
      "id": 1201,
      "amount": 1,
      "slot": 0
    },
    {
      "id": 995,
      "amount": 6021160,
      "slot": 0
    },
    {
      "id": 229,
      "amount": 1,
      "slot": 0
    },
    {
      "id": 143,
      "amount": 1,
      "slot": 0
    },
    {
      "id": 536,
      "amount": 2,
      "slot": 0
    },
    {
      "id": 565,
      "amount": 5,
      "slot": 0
    }
  ],
  "bank-1": [],
  "bank-2": [],
  "bank-3": [],
  "bank-4": [],
  "bank-5": [],
  "bank-6": [],
  "bank-7": [],
  "bank-8": [],
  "ge-slots": [
    {
      "state": "EMPTY"
    },
    {
      "state": "EMPTY"
    },
    {
      "state": "EMPTY"
    },
    {
      "state": "EMPTY"
    },
    {
      "state": "EMPTY"
    },
    {
      "state": "EMPTY"
    }
  ],
  "charm-imp": [
    0,
    0,
    0,
    0
  ],
  "friends": [
    439620224
  ],
  "ignores": [],
  "loyalty-titles": [
    false,
    false,
    false,
    false,
    false,
    false,
    false,
    false,
    false,
    false,
    false,
    false
  ],
  "kills": [
    {
      "npcName": "Rock Crab",
      "amount": 3,
      "boss": false
    },
    {
      "npcName": "Hobgoblin",
      "amount": 14,
      "boss": false
    },
    {
      "npcName": "Monkey Guard",
      "amount": 1,
      "boss": false
    },
    {
      "npcName": "Iron dragon",
      "amount": 2,
      "boss": false
    },
    {
      "npcName": "Phoenix",
      "amount": 1,
      "boss": true
    }
  ],
  "drops": [
    {
      "item": 12159,
      "amount": 2,
      "rareDrop": false
    },
    {
      "item": 995,
      "amount": 320234,
      "rareDrop": false
    },
    {
      "item": 12158,
      "amount": 2,
      "rareDrop": false
    },
    {
      "item": 536,
      "amount": 2,
      "rareDrop": false
    },
    {
      "item": 2352,
      "amount": 10,
      "rareDrop": false
    },
    {
      "item": 1073,
      "amount": 1,
      "rareDrop": false
    },
    {
      "item": 565,
      "amount": 5,
      "rareDrop": false
    },
    {
      "item": 1087,
      "amount": 1,
      "rareDrop": false
    },
    {
      "item": 592,
      "amount": 1,
      "rareDrop": false
    },
    {
      "item": 554,
      "amount": 1250,
      "rareDrop": false
    }
  ],
  "achievements-completion": [
    false,
    false,
    false,
    false,
    false,
    false,
    false,
    false,
    false,
    false,
    false,
    false,
    false,
    false,
    false,
    false,
    false,
    false,
    false,
    false,
    false,
    true,
    false,
    false,
    true,
    false,
    false,
    true,
    false,
    false,
    false,
    false,
    false,
    false,
    false,
    false,
    false,
    false,
    false,
    false,
    false,
    false,
    false,
    false,
    false,
    false,
    false,
    false,
    false,
    false,
    false,
    false,
    false,
    false,
    false,
    false,
    false,
    false,
    false,
    false,
    false,
    false,
    false,
    false,
    false,
    false,
    false,
    false,
    false,
    false,
    false,
    false,
    false,
    false,
    false,
    false,
    false,
    false,
    false,
    false,
    false,
    false,
    false,
    false,
    false,
    false,
    false,
    false,
    false,
    false,
    false,
    false,
    false,
    false,
    false,
    false,
    false,
    false,
    false,
    false
  ],
  "achievements-progress": [
    945,
    0,
    0,
    0,
    0,
    0,
    0,
    0,
    0,
    0,
    0,
    0,
    0,
    0,
    0,
    0,
    0,
    0,
    0,
    0,
    0,
    21642,
    0,
    0,
    0,
    0,
    0,
    0,
    0,
    0,
    0,
    0,
    0,
    0,
    0,
    0,
    0,
    0,
    0,
    0,
    0,
    0,
    0,
    21642,
    0,
    0,
    0,
    0,
    0,
    21,
    1,
    0,
    0
  ],
  "max-cape-colors": [
    65214,
    65200,
    65186,
    62995
  ],
  "player-title": ""
}