{
  "total-play-time-ms": 11260200,
  "username": "Skill",
  "password": "55555",
  "email": "null",
  "staff-rights": "PLAYER",
  "game-mode": "NORMAL",
  "boss-points": 0,
  "janus-points": 0,
  "loyalty-title": "NONE",
  "position": {
    "x": 2867,
    "y": 9834,
    "z": 0
  },
  "online-status": "ON",
  "given-starter": true,
  "money-pouch": 5335506,
  "donated": 0,
  "minutes-bonus-exp": -1,
  "total-gained-exp": 6923814,
  "prestige-points": 0,
  "achievement-points": 11,
  "dung-tokens": 0,
  "commendations": 0,
  "loyalty-points": 2275,
  "total-loyalty-points": 2275.0,
  "voting-points": 3,
  "slayer-points": 42,
  "pk-points": 0,
  "donation-points": 0,
  "trivia-points": 90,
  "cluescompleted": 1,
  "player-kills": 0,
  "player-killstreak": 0,
  "player-deaths": 0,
  "target-percentage": 0,
  "bh-rank": -1,
  "gender": "MALE",
  "spell-book": "NORMAL",
  "shop-updated": false,
  "shop-earnings": 0,
  "prayer-book": "NORMAL",
  "running": true,
  "run-energy": 100,
  "music": false,
  "sounds": false,
  "auto-retaliate": true,
  "xp-locked": false,
  "veng-cast": false,
  "last-veng": 1589995955896,
  "fight-type": "STAFF_POUND",
  "sol-effect": 0,
  "skull-timer": 0,
  "accept-aid": false,
  "poison-damage": 0,
  "poison-immunity": 0,
  "overload-timer": 0,
  "fire-immunity": 0,
  "fire-damage-mod": 0,
  "prayer-renewal-timer": 0,
  "teleblock-timer": 0,
  "special-amount": 100,
  "entered-gwd-room": false,
  "gwd-altar-delay": 0,
  "gwd-killcount": [
    0,
    0,
    0,
    0
  ],
  "effigy": 0,
  "summon-npc": -1,
  "summon-death": -1,
  "process-farming": false,
  "clanchat": "Help",
  "autocast": true,
  "autocast-spell": 1183,
  "dfs-charges": 0,
  "coins-gambled": 0,
  "slayer-master": "DURADEL",
  "slayer-task": "HELLHOUND",
  "prev-slayer-task": "FIRE_GIANT",
  "task-amount": 5,
  "task-streak": 3,
  "duo-partner": "null",
  "double-slay-xp": false,
  "recoil-deg": 80,
  "brawler-deg": [
    0,
    0,
    0,
    0,
    0,
    0,
    0,
    0,
    0
  ],
  "killed-players": [],
  "killed-gods": [
    false,
    false,
    false,
    false,
    false
  ],
  "barrows-brother": [
    [
      2030,
      0
    ],
    [
      2029,
      0
    ],
    [
      2028,
      0
    ],
    [
      2027,
      0
    ],
    [
      2026,
      0
    ],
    [
      2025,
      0
    ]
  ],
  "random-coffin": 0,
  "barrows-killcount": 0,
  "nomad": [
    false,
    false
  ],
  "recipe-for-disaster": [
    false,
    false,
    false,
    false,
    false,
    false,
    false,
    false,
    false
  ],
  "recipe-for-disaster-wave": 0,
  "dung-items-bound": [
    0,
    0,
    0,
    0,
    0
  ],
  "rune-ess": 0,
  "pure-ess": 0,
  "has-bank-pin": false,
  "last-pin-attempt": 0,
  "invalid-pin-attempts": 0,
  "bank-pin": [
    0,
    0,
    0,
    0
  ],
  "appearance": [
    0,
    0,
    18,
    26,
    33,
    36,
    42,
    10,
    0,
    0,
    0,
    0,
    0
  ],
  "agility-obj": [
    false,
    false,
    false,
    false,
    false,
    false,
    false
  ],
  "skills": {
    "level": [
      85,
      85,
      85,
      990,
      99,
      271,
      96,
      1,
      36,
      1,
      1,
      1,
      1,
      1,
      1,
      1,
      1,
      48,
      73,
      1,
      1,
      1,
      1,
      1,
      1
    ],
    "maxLevel": [
      85,
      85,
      85,
      990,
      99,
      550,
      96,
      1,
      36,
      1,
      1,
      1,
      1,
      1,
      1,
      1,
      1,
      48,
      73,
      1,
      1,
      1,
      1,
      1,
      1
    ],
    "experience": [
      3432533,
      3432533,
      3432533,
      19056911,
      13110318,
      176570,
      10320749,
      0,
      25062,
      0,
      0,
      0,
      0,
      0,
      0,
      81,
      0,
      88860,
      1083527,
      0,
      0,
      0,
      0,
      0,
      0
    ]
  },
  "inventory": [
    {
      "id": 560,
      "amount": 5000,
      "slot": 0
    },
    {
      "id": 565,
      "amount": 5704,
      "slot": 0
    },
    {
      "id": 566,
      "amount": 1000,
      "slot": 0
    },
    {
      "id": 9144,
      "amount": 678,
      "slot": 0
    },
    {
      "id": 18831,
      "amount": 6,
      "slot": 0
    },
    {
      "id": 7956,
      "amount": 1,
      "slot": 0
    },
    {
      "id": 391,
      "amount": 1,
      "slot": 0
    },
    {
      "id": 391,
      "amount": 1,
      "slot": 0
    },
    {
      "id": 391,
      "amount": 1,
      "slot": 0
    },
    {
      "id": 391,
      "amount": 1,
      "slot": 0
    },
    {
      "id": 391,
      "amount": 1,
      "slot": 0
    },
    {
      "id": 391,
      "amount": 1,
      "slot": 0
    },
    {
      "id": 391,
      "amount": 1,
      "slot": 0
    },
    {
      "id": 391,
      "amount": 1,
      "slot": 0
    },
    {
      "id": 391,
      "amount": 1,
      "slot": 0
    },
    {
      "id": 391,
      "amount": 1,
      "slot": 0
    },
    {
      "id": 391,
      "amount": 1,
      "slot": 0
    },
    {
      "id": 391,
      "amount": 1,
      "slot": 0
    },
    {
      "id": 391,
      "amount": 1,
      "slot": 0
    },
    {
      "id": 391,
      "amount": 1,
      "slot": 0
    },
    {
      "id": 2434,
      "amount": 1,
      "slot": 0
    },
    {
      "id": 2434,
      "amount": 1,
      "slot": 0
    },
    {
      "id": 2454,
      "amount": 1,
      "slot": 0
    },
    {
      "id": 2446,
      "amount": 1,
      "slot": 0
    },
    {
      "id": 12158,
      "amount": 34,
      "slot": 0
    },
    {
      "id": 12160,
      "amount": 7,
      "slot": 0
    },
    {
      "id": 12159,
      "amount": 16,
      "slot": 0
    },
    {
      "id": 12163,
      "amount": 5,
      "slot": 0
    }
  ],
  "equipment": [
    {
      "id": 4089,
      "amount": 1,
      "slot": 0
    },
    {
      "id": 6568,
      "amount": 1,
      "slot": 0
    },
    {
      "id": 6585,
      "amount": 1,
      "slot": 0
    },
    {
      "id": 1381,
      "amount": 1,
      "slot": 0
    },
    {
      "id": 4091,
      "amount": 1,
      "slot": 0
    },
    {
      "id": -1,
      "amount": 0,
      "slot": 0
    },
    {
      "id": -1,
      "amount": 0,
      "slot": 0
    },
    {
      "id": 4093,
      "amount": 1,
      "slot": 0
    },
    {
      "id": -1,
      "amount": 0,
      "slot": 0
    },
    {
      "id": 4095,
      "amount": 1,
      "slot": 0
    },
    {
      "id": 4097,
      "amount": 1,
      "slot": 0
    },
    {
      "id": -1,
      "amount": 0,
      "slot": 0
    },
    {
      "id": 2550,
      "amount": 1,
      "slot": 0
    },
    {
      "id": 9244,
      "amount": 250,
      "slot": 0
    }
  ],
  "bank-0": [
    {
      "id": 3024,
      "amount": 50,
      "slot": 0
    },
    {
      "id": 2434,
      "amount": 26,
      "slot": 0
    },
    {
      "id": 391,
      "amount": 257,
      "slot": 0
    },
    {
      "id": 861,
      "amount": 1,
      "slot": 0
    },
    {
      "id": 892,
      "amount": 500,
      "slot": 0
    },
    {
      "id": 952,
      "amount": 1,
      "slot": 0
    },
    {
      "id": 7936,
      "amount": 6,
      "slot": 0
    },
    {
      "id": 6529,
      "amount": 3360,
      "slot": 0
    },
    {
      "id": 2497,
      "amount": 1,
      "slot": 0
    },
    {
      "id": 2503,
      "amount": 1,
      "slot": 0
    },
    {
      "id": 9185,
      "amount": 1,
      "slot": 0
    },
    {
      "id": 3749,
      "amount": 1,
      "slot": 0
    },
    {
      "id": 10499,
      "amount": 1,
      "slot": 0
    },
    {
      "id": 1540,
      "amount": 1,
      "slot": 0
    },
    {
      "id": 2363,
      "amount": 1,
      "slot": 0
    },
    {
      "id": 13280,
      "amount": 10,
      "slot": 0
    },
    {
      "id": 18778,
      "amount": 1,
      "slot": 0
    },
    {
      "id": 1127,
      "amount": 1,
      "slot": 0
    },
    {
      "id": 2491,
      "amount": 1,
      "slot": 0
    },
    {
      "id": 1201,
      "amount": 1,
      "slot": 0
    },
    {
      "id": 1079,
      "amount": 1,
      "slot": 0
    },
    {
      "id": 6328,
      "amount": 1,
      "slot": 0
    },
    {
      "id": 1163,
      "amount": 1,
      "slot": 0
    },
    {
      "id": 4151,
      "amount": 1,
      "slot": 0
    },
    {
      "id": 440,
      "amount": 3,
      "slot": 0
    }
  ],
  "bank-1": [],
  "bank-2": [],
  "bank-3": [],
  "bank-4": [],
  "bank-5": [],
  "bank-6": [],
  "bank-7": [],
  "bank-8": [],
  "ge-slots": [
    {
      "state": "EMPTY"
    },
    {
      "state": "EMPTY"
    },
    {
      "state": "EMPTY"
    },
    {
      "state": "EMPTY"
    },
    {
      "state": "EMPTY"
    },
    {
      "state": "EMPTY"
    }
  ],
  "charm-imp": [
    0,
    0,
    0,
    0
  ],
  "friends": [],
  "ignores": [],
  "loyalty-titles": [
    false,
    false,
    false,
    false,
    false,
    false,
    false,
    false,
    false,
    false,
    false,
    false
  ],
  "kills": [
    {
      "npcName": "Giant spider",
      "amount": 6,
      "boss": false
    },
    {
      "npcName": "Zombie",
      "amount": 2,
      "boss": false
    },
    {
      "npcName": "Hill Giant",
      "amount": 1,
      "boss": false
    },
    {
      "npcName": "Hobgoblin",
      "amount": 45,
      "boss": false
    },
    {
      "npcName": "TzHaar-Hur",
      "amount": 34,
      "boss": false
    },
    {
      "npcName": "TzHaar-Ket",
      "amount": 1,
      "boss": false
    },
    {
      "npcName": "Fire giant",
      "amount": 38,
      "boss": false
    },
    {
      "npcName": "Wild dog",
      "amount": 3,
      "boss": false
    },
    {
      "npcName": "Rock Crab",
      "amount": 8,
      "boss": false
    },
    {
      "npcName": "Hellhound",
      "amount": 27,
      "boss": false
    }
  ],
  "drops": [
    {
      "item": 1173,
      "amount": 2,
      "rareDrop": false
    },
    {
      "item": 995,
      "amount": 726,
      "rareDrop": false
    },
    {
      "item": 558,
      "amount": 5,
      "rareDrop": false
    },
    {
      "item": 12163,
      "amount": 6,
      "rareDrop": false
    },
    {
      "item": 561,
      "amount": 4,
      "rareDrop": false
    },
    {
      "item": 526,
      "amount": 32,
      "rareDrop": false
    },
    {
      "item": 532,
      "amount": 39,
      "rareDrop": false
    },
    {
      "item": 882,
      "amount": 8,
      "rareDrop": false
    },
    {
      "item": 557,
      "amount": 4,
      "rareDrop": false
    },
    {
      "item": 1349,
      "amount": 1,
      "rareDrop": false
    },
    {
      "item": 6529,
      "amount": 3360,
      "rareDrop": false
    },
    {
      "item": 1775,
      "amount": 3,
      "rareDrop": false
    },
    {
      "item": 149,
      "amount": 2,
      "rareDrop": false
    },
    {
      "item": 1742,
      "amount": 3,
      "rareDrop": false
    },
    {
      "item": 1738,
      "amount": 18,
      "rareDrop": false
    },
    {
      "item": 444,
      "amount": 2,
      "rareDrop": false
    },
    {
      "item": 2353,
      "amount": 3,
      "rareDrop": false
    },
    {
      "item": 1743,
      "amount": 2,
      "rareDrop": false
    },
    {
      "item": 1762,
      "amount": 6,
      "rareDrop": false
    },
    {
      "item": 161,
      "amount": 2,
      "rareDrop": false
    },
    {
      "item": 7937,
      "amount": 6,
      "rareDrop": false
    },
    {
      "item": 443,
      "amount": 2,
      "rareDrop": false
    },
    {
      "item": 379,
      "amount": 2,
      "rareDrop": false
    },
    {
      "item": 1353,
      "amount": 3,
      "rareDrop": false
    },
    {
      "item": 12159,
      "amount": 17,
      "rareDrop": false
    },
    {
      "item": 1185,
      "amount": 1,
      "rareDrop": false
    },
    {
      "item": 313,
      "amount": 218,
      "rareDrop": false
    },
    {
      "item": 563,
      "amount": 4,
      "rareDrop": false
    },
    {
      "item": 201,
      "amount": 3,
      "rareDrop": false
    },
    {
      "item": 13280,
      "amount": 10,
      "rareDrop": false
    },
    {
      "item": 12160,
      "amount": 7,
      "rareDrop": false
    },
    {
      "item": 209,
      "amount": 4,
      "rareDrop": false
    },
    {
      "item": 12158,
      "amount": 35,
      "rareDrop": false
    },
    {
      "item": 2363,
      "amount": 1,
      "rareDrop": false
    },
    {
      "item": 205,
      "amount": 1,
      "rareDrop": false
    },
    {
      "item": 1623,
      "amount": 1,
      "rareDrop": false
    },
    {
      "item": 562,
      "amount": 10,
      "rareDrop": false
    },
    {
      "item": 1617,
      "amount": 2,
      "rareDrop": false
    },
    {
      "item": 1393,
      "amount": 2,
      "rareDrop": false
    },
    {
      "item": 565,
      "amount": 16,
      "rareDrop": false
    },
    {
      "item": 886,
      "amount": 90,
      "rareDrop": false
    },
    {
      "item": 1442,
      "amount": 2,
      "rareDrop": false
    },
    {
      "item": 203,
      "amount": 1,
      "rareDrop": false
    },
    {
      "item": 207,
      "amount": 1,
      "rareDrop": false
    },
    {
      "item": 219,
      "amount": 1,
      "rareDrop": false
    },
    {
      "item": 560,
      "amount": 42,
      "rareDrop": false
    },
    {
      "item": 213,
      "amount": 1,
      "rareDrop": false
    },
    {
      "item": 1621,
      "amount": 2,
      "rareDrop": false
    },
    {
      "item": 1201,
      "amount": 1,
      "rareDrop": false
    },
    {
      "item": 199,
      "amount": 1,
      "rareDrop": false
    },
    {
      "item": 1452,
      "amount": 1,
      "rareDrop": false
    },
    {
      "item": 217,
      "amount": 1,
      "rareDrop": false
    },
    {
      "item": 18778,
      "amount": 1,
      "rareDrop": true
    },
    {
      "item": 437,
      "amount": 4,
      "rareDrop": false
    },
    {
      "item": 1625,
      "amount": 1,
      "rareDrop": false
    },
    {
      "item": 441,
      "amount": 3,
      "rareDrop": false
    },
    {
      "item": 25,
      "amount": 3,
      "rareDrop": false
    }
  ],
  "achievements-completion": [
    false,
    false,
    true,
    false,
    false,
    false,
    false,
    false,
    false,
    false,
    false,
    false,
    false,
    false,
    false,
    true,
    false,
    false,
    true,
    true,
    false,
    true,
    true,
    true,
    true,
    true,
    true,
    true,
    false,
    false,
    false,
    false,
    false,
    false,
    false,
    false,
    false,
    false,
    false,
    false,
    false,
    false,
    false,
    false,
    false,
    false,
    false,
    false,
    false,
    false,
    false,
    false,
    false,
    false,
    false,
    false,
    false,
    false,
    false,
    false,
    false,
    false,
    false,
    false,
    false,
    false,
    false,
    false,
    false,
    false,
    false,
    false,
    false,
    false,
    false,
    false,
    false,
    false,
    false,
    false,
    false,
    false,
    false,
    false,
    false,
    false,
    false,
    false,
    false,
    false,
    false,
    false,
    false,
    false,
    false,
    false,
    false,
    false,
    false,
    false
  ],
  "achievements-progress": [
    948,
    924,
    991,
    0,
    0,
    0,
    0,
    0,
    0,
    0,
    0,
    0,
    0,
    0,
    0,
    0,
    0,
    0,
    0,
    0,
    0,
    44699,
    56027,
    38331,
    0,
    0,
    0,
    0,
    0,
    0,
    0,
    0,
    0,
    0,
    0,
    0,
    0,
    0,
    0,
    0,
    0,
    0,
    0,
    44699,
    56027,
    38331,
    0,
    0,
    0,
    165,
    0,
    0,
    0
  ],
  "max-cape-colors": [
    65214,
    65200,
    65186,
    62995
  ],
  "player-title": ""
}