{
  "total-play-time-ms": 325044713,
  "username": "Skiller",
  "password": "xboxlol",
  "email": "null",
  "staff-rights": "PLAYER",
  "game-mode": "NORMAL",
  "boss-points": 0,
  "janus-points": 0,
  "loyalty-title": "NONE",
  "position": {
    "x": 2733,
    "y": 5332,
    "z": 0
  },
  "online-status": "ON",
  "given-starter": true,
  "money-pouch": 0,
  "donated": 0,
  "minutes-bonus-exp": -1,
  "total-gained-exp": 62476614,
  "prestige-points": 3,
  "achievement-points": 0,
  "dung-tokens": 0,
  "commendations": 0,
  "loyalty-points": 1241,
  "total-loyalty-points": 1241.0,
  "voting-points": 0,
  "slayer-points": 0,
  "pk-points": 0,
  "donation-points": 0,
  "afk-points": 0,
  "trivia-points": 0,
  "cluescompleted": 1,
  "player-kills": 0,
  "player-killstreak": 0,
  "player-deaths": 0,
  "target-percentage": 0,
  "bh-rank": -1,
  "gender": "MALE",
  "spell-book": "NORMAL",
  "shop-updated": false,
  "shop-earnings": 0,
  "prayer-book": "NORMAL",
  "running": true,
  "run-energy": 100,
  "music": false,
  "sounds": false,
  "auto-retaliate": false,
  "xp-locked": false,
  "veng-cast": false,
  "last-veng": 483975462,
  "fight-type": "UNARMED_PUNCH",
  "sol-effect": 0,
  "skull-timer": 0,
  "accept-aid": false,
  "poison-damage": 0,
  "poison-immunity": 0,
  "overload-timer": 0,
  "fire-immunity": 0,
  "fire-damage-mod": 0,
  "prayer-renewal-timer": 0,
  "teleblock-timer": 0,
  "special-amount": 100,
  "entered-gwd-room": false,
  "gwd-altar-delay": 0,
  "gwd-killcount": [
    0,
    0,
    0,
    0
  ],
  "effigy": 0,
  "summon-npc": -1,
  "summon-death": -1,
  "process-farming": false,
  "clanchat": "Help",
  "autocast": false,
  "autocast-spell": -1,
  "dfs-charges": 0,
  "coins-gambled": 0,
  "slayer-master": "VANNAKA",
  "slayer-task": "NO_TASK",
  "prev-slayer-task": "NO_TASK",
  "task-amount": 0,
  "task-streak": 0,
  "duo-partner": "null",
  "double-slay-xp": false,
  "recoil-deg": 0,
  "brawler-deg": [
    0,
    0,
    0,
    0,
    0,
    0,
    0,
    0,
    0
  ],
  "killed-players": [],
  "killed-gods": [
    false,
    false,
    false,
    false,
    false
  ],
  "barrows-brother": [
    [
      2030,
      0
    ],
    [
      2029,
      0
    ],
    [
      2028,
      0
    ],
    [
      2027,
      0
    ],
    [
      2026,
      0
    ],
    [
      2025,
      0
    ]
  ],
  "random-coffin": 0,
  "barrows-killcount": 0,
  "nomad": [
    false,
    false
  ],
  "recipe-for-disaster": [
    false,
    false,
    false,
    false,
    false,
    false,
    false,
    false,
    false
  ],
  "recipe-for-disaster-wave": 0,
  "dung-items-bound": [
    0,
    0,
    0,
    0,
    0
  ],
  "rune-ess": 0,
  "pure-ess": 0,
  "has-bank-pin": false,
  "last-pin-attempt": 0,
  "invalid-pin-attempts": 0,
  "bank-pin": [
    0,
    0,
    0,
    0
  ],
  "appearance": [
    0,
    3,
    18,
    26,
    34,
    38,
    42,
    14,
    2,
    14,
    5,
    4,
    0
  ],
  "agility-obj": [
    false,
    false,
    false,
    false,
    false,
    false,
    false
  ],
  "skills": {
    "level": [
      1,
      1,
      1,
      100,
      1,
      10,
      1,
      99,
      99,
      99,
      99,
      99,
      99,
      99,
      99,
      1,
      1,
      99,
      1,
      99,
      1,
      99,
      99,
      1,
      1
    ],
    "maxLevel": [
      1,
      1,
      1,
      100,
      1,
      10,
      1,
      99,
      99,
      99,
      99,
      99,
      99,
      99,
      99,
      1,
      1,
      99,
      1,
      99,
      1,
      99,
      99,
      1,
      1
    ],
    "experience": [
      0,
      0,
      0,
      1154,
      0,
      0,
      0,
      13034431,
      13034431,
      13034431,
      75511045,
      13034431,
      13034431,
      13034431,
      13034431,
      0,
      0,
      13034431,
      0,
      13034431,
      0,
      13034431,
      13034431,
      0,
      0
    ]
  },
  "inventory": [
    {
      "id": 995,
      "amount": 78270,
      "slot": 0
    },
    {
      "id": 6568,
      "amount": 1,
      "slot": 0
    },
    {
      "id": 12852,
      "amount": 153589,
      "slot": 0
    },
    {
      "id": -1,
      "amount": 0,
      "slot": 0
    },
    {
      "id": -1,
      "amount": 0,
      "slot": 0
    },
    {
      "id": -1,
      "amount": 0,
      "slot": 0
    },
    {
      "id": -1,
      "amount": 0,
      "slot": 0
    },
    {
      "id": 1323,
      "amount": 1,
      "slot": 0
    },
    {
      "id": -1,
      "amount": 0,
      "slot": 0
    },
    {
      "id": -1,
      "amount": 0,
      "slot": 0
    },
    {
      "id": -1,
      "amount": 0,
      "slot": 0
    },
    {
      "id": -1,
      "amount": 0,
      "slot": 0
    },
    {
      "id": 841,
      "amount": 1,
      "slot": 0
    },
    {
      "id": 861,
      "amount": 1,
      "slot": 0
    },
    {
      "id": 882,
      "amount": 500,
      "slot": 0
    },
    {
      "id": 892,
      "amount": 500,
      "slot": 0
    },
    {
      "id": -1,
      "amount": 0,
      "slot": 0
    },
    {
      "id": 1381,
      "amount": 1,
      "slot": 0
    },
    {
      "id": 558,
      "amount": 1000,
      "slot": 0
    },
    {
      "id": 557,
      "amount": 1000,
      "slot": 0
    },
    {
      "id": 555,
      "amount": 1000,
      "slot": 0
    },
    {
      "id": 554,
      "amount": 1000,
      "slot": 0
    },
    {
      "id": -1,
      "amount": 0,
      "slot": 0
    },
    {
      "id": -1,
      "amount": 0,
      "slot": 0
    },
    {
      "id": -1,
      "amount": 0,
      "slot": 0
    },
    {
      "id": -1,
      "amount": 0,
      "slot": 0
    },
    {
      "id": -1,
      "amount": 0,
      "slot": 0
    },
    {
      "id": -1,
      "amount": 0,
      "slot": 0
    }
  ],
  "equipment": [
    {
      "id": -1,
      "amount": 0,
      "slot": 0
    },
    {
      "id": 9798,
      "amount": 1,
      "slot": 0
    },
    {
      "id": 6585,
      "amount": 1,
      "slot": 0
    },
    {
      "id": -1,
      "amount": 0,
      "slot": 0
    },
    {
      "id": -1,
      "amount": 0,
      "slot": 0
    },
    {
      "id": -1,
      "amount": 0,
      "slot": 0
    },
    {
      "id": -1,
      "amount": 0,
      "slot": 0
    },
    {
      "id": -1,
      "amount": 0,
      "slot": 0
    },
    {
      "id": -1,
      "amount": 0,
      "slot": 0
    },
    {
      "id": -1,
      "amount": 0,
      "slot": 0
    },
    {
      "id": -1,
      "amount": 0,
      "slot": 0
    },
    {
      "id": -1,
      "amount": 0,
      "slot": 0
    },
    {
      "id": -1,
      "amount": 0,
      "slot": 0
    },
    {
      "id": -1,
      "amount": 0,
      "slot": 0
    }
  ],
  "bank-0": [],
  "bank-1": [],
  "bank-2": [],
  "bank-3": [],
  "bank-4": [],
  "bank-5": [],
  "bank-6": [],
  "bank-7": [],
  "bank-8": [],
  "ge-slots": [
    {
      "state": "EMPTY"
    },
    {
      "state": "EMPTY"
    },
    {
      "state": "EMPTY"
    },
    {
      "state": "EMPTY"
    },
    {
      "state": "EMPTY"
    },
    {
      "state": "EMPTY"
    }
  ],
  "charm-imp": [
    0,
    0,
    0,
    0
  ],
  "friends": [],
  "ignores": [],
  "loyalty-titles": [
    false,
    false,
    false,
    false,
    false,
    false,
    false,
    false,
    false,
    false,
    false,
    false
  ],
  "kills": [],
  "drops": [],
  "achievements-completion": [
    false,
    false,
    false,
    false,
    false,
    false,
    false,
    false,
    false,
    false,
    false,
    false,
    false,
    false,
    false,
    false,
    false,
    false,
    false,
    false,
    false,
    false,
    false,
    false,
    false,
    false,
    false,
    false,
    false,
    false,
    false,
    false,
    false,
    false,
    false,
    false,
    false,
    false,
    false,
    false,
    false,
    false,
    false,
    false,
    false,
    false,
    false,
    false,
    false,
    false,
    false,
    false,
    false,
    false,
    false,
    false,
    false,
    false,
    false,
    false,
    false,
    false,
    false,
    false,
    false,
    false,
    false,
    false,
    false,
    false,
    false,
    false,
    false,
    false,
    false,
    false,
    false,
    false,
    false,
    false,
    false,
    false,
    false,
    false,
    false,
    false,
    false,
    false,
    false,
    false,
    false,
    false,
    false,
    false,
    false,
    false,
    false,
    false,
    false,
    false
  ],
  "achievements-progress": [
    0,
    0,
    0,
    0,
    0,
    0,
    0,
    0,
    0,
    0,
    0,
    0,
    0,
    0,
    0,
    0,
    0,
    0,
    0,
    0,
    0,
    0,
    0,
    0,
    0,
    0,
    0,
    0,
    0,
    0,
    0,
    0,
    0,
    0,
    0,
    0,
    0,
    0,
    0,
    0,
    0,
    0,
    0,
    0,
    0,
    0,
    0,
    0,
    0,
    0,
    0,
    0,
    0
  ],
  "max-cape-colors": [
    65214,
    65200,
    65186,
    62995
  ],
  "player-title": ""
}