{
  "total-play-time-ms": 121780424,
  "username": "Soul Reaper",
  "password": "ayuvo",
  "email": "null",
  "staff-rights": "PLAYER",
  "game-mode": "NORMAL",
  "boss-points": 93,
  "janus-points": 0,
  "loyalty-title": "NONE",
  "position": {
    "x": 2273,
    "y": 4685,
    "z": 0
  },
  "online-status": "ON",
  "given-starter": true,
  "money-pouch": 113440866,
  "donated": 0,
  "minutes-bonus-exp": -1,
  "total-gained-exp": 1247114168,
  "prestige-points": 0,
  "achievement-points": 10,
  "dung-tokens": 0,
  "commendations": 0,
  "loyalty-points": 18288,
  "total-loyalty-points": 18288.0,
  "voting-points": 0,
  "slayer-points": 0,
  "pk-points": 0,
  "donation-points": 0,
  "afk-points": 0,
  "trivia-points": 10,
  "cluescompleted": 2,
  "player-kills": 0,
  "player-killstreak": 0,
  "player-deaths": 0,
  "target-percentage": 100,
  "bh-rank": 0,
  "gender": "MALE",
  "spell-book": "LUNAR",
  "shop-updated": false,
  "shop-earnings": 0,
  "prayer-book": "NORMAL",
  "running": true,
  "run-energy": 100,
  "music": false,
  "sounds": false,
  "auto-retaliate": true,
  "xp-locked": false,
  "veng-cast": false,
  "last-veng": 259792756,
  "fight-type": "CROSSBOW_RAPID",
  "sol-effect": 0,
  "skull-timer": 0,
  "accept-aid": false,
  "poison-damage": 0,
  "poison-immunity": 0,
  "overload-timer": 0,
  "fire-immunity": 0,
  "fire-damage-mod": 0,
  "prayer-renewal-timer": 0,
  "teleblock-timer": 0,
  "special-amount": 100,
  "entered-gwd-room": false,
  "gwd-altar-delay": 0,
  "gwd-killcount": [
    0,
    0,
    0,
    0
  ],
  "effigy": 5,
  "summon-npc": -1,
  "summon-death": -1,
  "process-farming": false,
  "clanchat": "Help",
  "autocast": false,
  "autocast-spell": -1,
  "dfs-charges": 0,
  "coins-gambled": 0,
  "slayer-master": "VANNAKA",
  "slayer-task": "NO_TASK",
  "prev-slayer-task": "NO_TASK",
  "task-amount": 0,
  "task-streak": 0,
  "duo-partner": "null",
  "double-slay-xp": false,
  "recoil-deg": 0,
  "brawler-deg": [
    0,
    0,
    0,
    0,
    0,
    0,
    0,
    0,
    0
  ],
  "killed-players": [],
  "killed-gods": [
    false,
    false,
    false,
    false,
    false
  ],
  "barrows-brother": [
    [
      2030,
      0
    ],
    [
      2029,
      0
    ],
    [
      2028,
      0
    ],
    [
      2027,
      0
    ],
    [
      2026,
      0
    ],
    [
      2025,
      0
    ]
  ],
  "random-coffin": 0,
  "barrows-killcount": 0,
  "nomad": [
    false,
    false
  ],
  "recipe-for-disaster": [
    false,
    false,
    false,
    false,
    false,
    false,
    false,
    false,
    false
  ],
  "recipe-for-disaster-wave": 0,
  "dung-items-bound": [
    0,
    0,
    0,
    0,
    0
  ],
  "rune-ess": 0,
  "pure-ess": 0,
  "has-bank-pin": false,
  "last-pin-attempt": 0,
  "invalid-pin-attempts": 0,
  "bank-pin": [
    0,
    0,
    0,
    0
  ],
  "appearance": [
    0,
    5,
    25,
    27,
    34,
    40,
    43,
    14,
    2,
    1,
    2,
    3,
    1
  ],
  "agility-obj": [
    false,
    false,
    false,
    false,
    false,
    false,
    false
  ],
  "skills": {
    "level": [
      61,
      48,
      1,
      705,
      99,
      0,
      72,
      1,
      18,
      1,
      1,
      1,
      1,
      44,
      75,
      1,
      1,
      1,
      1,
      1,
      1,
      1,
      1,
      1,
      1
    ],
    "maxLevel": [
      61,
      48,
      1,
      990,
      99,
      560,
      72,
      1,
      18,
      1,
      1,
      1,
      1,
      44,
      75,
      1,
      1,
      1,
      1,
      1,
      1,
      1,
      1,
      1,
      1
    ],
    "experience": [
      316575,
      84248,
      0,
      449330552,
      793151631,
      199500,
      900321,
      0,
      3655,
      0,
      0,
      0,
      0,
      57420,
      1318553,
      0,
      0,
      0,
      0,
      0,
      0,
      0,
      0,
      0,
      0
    ]
  },
  "inventory": [
    {
      "id": 561,
      "amount": 954,
      "slot": 0
    },
    {
      "id": 554,
      "amount": 6294,
      "slot": 0
    },
    {
      "id": 169,
      "amount": 1,
      "slot": 0
    },
    {
      "id": 169,
      "amount": 1,
      "slot": 0
    },
    {
      "id": -1,
      "amount": 0,
      "slot": 0
    },
    {
      "id": -1,
      "amount": 0,
      "slot": 0
    },
    {
      "id": 3024,
      "amount": 1,
      "slot": 0
    },
    {
      "id": 3024,
      "amount": 1,
      "slot": 0
    },
    {
      "id": 3024,
      "amount": 1,
      "slot": 0
    },
    {
      "id": 3024,
      "amount": 1,
      "slot": 0
    },
    {
      "id": 3028,
      "amount": 1,
      "slot": 0
    },
    {
      "id": -1,
      "amount": 0,
      "slot": 0
    },
    {
      "id": 171,
      "amount": 1,
      "slot": 0
    },
    {
      "id": 171,
      "amount": 1,
      "slot": 0
    },
    {
      "id": 169,
      "amount": 1,
      "slot": 0
    },
    {
      "id": -1,
      "amount": 0,
      "slot": 0
    },
    {
      "id": -1,
      "amount": 0,
      "slot": 0
    },
    {
      "id": -1,
      "amount": 0,
      "slot": 0
    },
    {
      "id": -1,
      "amount": 0,
      "slot": 0
    },
    {
      "id": -1,
      "amount": 0,
      "slot": 0
    },
    {
      "id": 391,
      "amount": 1,
      "slot": 0
    },
    {
      "id": 391,
      "amount": 1,
      "slot": 0
    },
    {
      "id": -1,
      "amount": 0,
      "slot": 0
    },
    {
      "id": -1,
      "amount": 0,
      "slot": 0
    },
    {
      "id": -1,
      "amount": 0,
      "slot": 0
    },
    {
      "id": -1,
      "amount": 0,
      "slot": 0
    },
    {
      "id": -1,
      "amount": 0,
      "slot": 0
    },
    {
      "id": -1,
      "amount": 0,
      "slot": 0
    }
  ],
  "equipment": [
    {
      "id": 3749,
      "amount": 1,
      "slot": 0
    },
    {
      "id": 10499,
      "amount": 1,
      "slot": 0
    },
    {
      "id": 1704,
      "amount": 1,
      "slot": 0
    },
    {
      "id": 9185,
      "amount": 1,
      "slot": 0
    },
    {
      "id": 2503,
      "amount": 1,
      "slot": 0
    },
    {
      "id": 1540,
      "amount": 1,
      "slot": 0
    },
    {
      "id": -1,
      "amount": 0,
      "slot": 0
    },
    {
      "id": 2497,
      "amount": 1,
      "slot": 0
    },
    {
      "id": -1,
      "amount": 0,
      "slot": 0
    },
    {
      "id": 2491,
      "amount": 1,
      "slot": 0
    },
    {
      "id": 6328,
      "amount": 1,
      "slot": 0
    },
    {
      "id": -1,
      "amount": 0,
      "slot": 0
    },
    {
      "id": 2572,
      "amount": 1,
      "slot": 0
    },
    {
      "id": 9245,
      "amount": 20,
      "slot": 0
    }
  ],
  "bank-0": [
    {
      "id": 2440,
      "amount": 50,
      "slot": 0
    },
    {
      "id": 2436,
      "amount": 50,
      "slot": 0
    },
    {
      "id": 2442,
      "amount": 50,
      "slot": 0
    },
    {
      "id": 3024,
      "amount": 16,
      "slot": 0
    },
    {
      "id": 2434,
      "amount": 30,
      "slot": 0
    },
    {
      "id": 391,
      "amount": 227,
      "slot": 0
    },
    {
      "id": 995,
      "amount": 16151845,
      "slot": 0
    },
    {
      "id": 1333,
      "amount": 1,
      "slot": 0
    },
    {
      "id": 11818,
      "amount": 1,
      "slot": 0
    },
    {
      "id": 11838,
      "amount": 1,
      "slot": 0
    },
    {
      "id": 6568,
      "amount": 1,
      "slot": 0
    },
    {
      "id": 861,
      "amount": 1,
      "slot": 0
    },
    {
      "id": 882,
      "amount": 500,
      "slot": 0
    },
    {
      "id": 892,
      "amount": 500,
      "slot": 0
    },
    {
      "id": 558,
      "amount": 1042,
      "slot": 0
    },
    {
      "id": 557,
      "amount": 1146,
      "slot": 0
    },
    {
      "id": 555,
      "amount": 1146,
      "slot": 0
    },
    {
      "id": 554,
      "amount": 1,
      "slot": 0
    },
    {
      "id": 6326,
      "amount": 1,
      "slot": 0
    },
    {
      "id": 3749,
      "amount": 1,
      "slot": 0
    },
    {
      "id": 841,
      "amount": 1,
      "slot": 0
    },
    {
      "id": 556,
      "amount": 5023,
      "slot": 0
    },
    {
      "id": 1381,
      "amount": 1,
      "slot": 0
    },
    {
      "id": 7462,
      "amount": 1,
      "slot": 0
    },
    {
      "id": 867,
      "amount": 1000,
      "slot": 0
    },
    {
      "id": 451,
      "amount": 75,
      "slot": 0
    },
    {
      "id": 1779,
      "amount": 1,
      "slot": 0
    },
    {
      "id": 383,
      "amount": 100,
      "slot": 0
    },
    {
      "id": 536,
      "amount": 505,
      "slot": 0
    },
    {
      "id": 1513,
      "amount": 300,
      "slot": 0
    },
    {
      "id": 219,
      "amount": 760,
      "slot": 0
    },
    {
      "id": 7936,
      "amount": 28500,
      "slot": 0
    },
    {
      "id": 217,
      "amount": 420,
      "slot": 0
    },
    {
      "id": 11230,
      "amount": 500,
      "slot": 0
    },
    {
      "id": 7392,
      "amount": 3,
      "slot": 0
    },
    {
      "id": 1511,
      "amount": 1,
      "slot": 0
    },
    {
      "id": 1089,
      "amount": 1,
      "slot": 0
    },
    {
      "id": 7364,
      "amount": 1,
      "slot": 0
    },
    {
      "id": 6571,
      "amount": 2,
      "slot": 0
    },
    {
      "id": 2587,
      "amount": 1,
      "slot": 0
    },
    {
      "id": 2653,
      "amount": 1,
      "slot": 0
    },
    {
      "id": 563,
      "amount": 210,
      "slot": 0
    },
    {
      "id": 3204,
      "amount": 4,
      "slot": 0
    },
    {
      "id": 1939,
      "amount": 2000,
      "slot": 0
    },
    {
      "id": 7388,
      "amount": 1,
      "slot": 0
    },
    {
      "id": 229,
      "amount": 9,
      "slot": 0
    },
    {
      "id": 561,
      "amount": 1,
      "slot": 0
    },
    {
      "id": 1361,
      "amount": 1,
      "slot": 0
    },
    {
      "id": 1349,
      "amount": 1,
      "slot": 0
    },
    {
      "id": 1359,
      "amount": 1,
      "slot": 0
    },
    {
      "id": 1265,
      "amount": 1,
      "slot": 0
    },
    {
      "id": 1275,
      "amount": 4,
      "slot": 0
    },
    {
      "id": 2862,
      "amount": 1,
      "slot": 0
    },
    {
      "id": 438,
      "amount": 7,
      "slot": 0
    },
    {
      "id": 1271,
      "amount": 1,
      "slot": 0
    },
    {
      "id": 1631,
      "amount": 8,
      "slot": 0
    },
    {
      "id": 1155,
      "amount": 5,
      "slot": 0
    },
    {
      "id": 1117,
      "amount": 1,
      "slot": 0
    },
    {
      "id": 1075,
      "amount": 4,
      "slot": 0
    },
    {
      "id": 1157,
      "amount": 3,
      "slot": 0
    },
    {
      "id": 2353,
      "amount": 19,
      "slot": 0
    },
    {
      "id": 2347,
      "amount": 1,
      "slot": 0
    },
    {
      "id": 2572,
      "amount": 2,
      "slot": 0
    },
    {
      "id": 564,
      "amount": 260,
      "slot": 0
    },
    {
      "id": 1149,
      "amount": 6,
      "slot": 0
    },
    {
      "id": 3049,
      "amount": 60,
      "slot": 0
    },
    {
      "id": 2684,
      "amount": 1,
      "slot": 0
    },
    {
      "id": 2679,
      "amount": 3,
      "slot": 0
    },
    {
      "id": 1249,
      "amount": 1,
      "slot": 0
    },
    {
      "id": 1515,
      "amount": 350,
      "slot": 0
    },
    {
      "id": 12163,
      "amount": 10,
      "slot": 0
    },
    {
      "id": 12160,
      "amount": 4,
      "slot": 0
    },
    {
      "id": 2,
      "amount": 400,
      "slot": 0
    },
    {
      "id": 1617,
      "amount": 24,
      "slot": 0
    },
    {
      "id": 12158,
      "amount": 7,
      "slot": 0
    },
    {
      "id": 3030,
      "amount": 2,
      "slot": 0
    },
    {
      "id": 7332,
      "amount": 1,
      "slot": 0
    },
    {
      "id": 7356,
      "amount": 1,
      "slot": 0
    },
    {
      "id": 559,
      "amount": 50,
      "slot": 0
    },
    {
      "id": 560,
      "amount": 10,
      "slot": 0
    },
    {
      "id": 562,
      "amount": 10,
      "slot": 0
    },
    {
      "id": 3485,
      "amount": 1,
      "slot": 0
    },
    {
      "id": 1185,
      "amount": 1,
      "slot": 0
    },
    {
      "id": 1195,
      "amount": 1,
      "slot": 0
    },
    {
      "id": 1167,
      "amount": 1,
      "slot": 0
    },
    {
      "id": 14889,
      "amount": 1,
      "slot": 0
    },
    {
      "id": 14890,
      "amount": 1,
      "slot": 0
    },
    {
      "id": 1129,
      "amount": 2,
      "slot": 0
    },
    {
      "id": 2637,
      "amount": 1,
      "slot": 0
    },
    {
      "id": 2361,
      "amount": 1,
      "slot": 0
    },
    {
      "id": 2661,
      "amount": 1,
      "slot": 0
    },
    {
      "id": 173,
      "amount": 1,
      "slot": 0
    },
    {
      "id": 3026,
      "amount": 1,
      "slot": 0
    },
    {
      "id": 1621,
      "amount": 2,
      "slot": 0
    },
    {
      "id": 1623,
      "amount": 1,
      "slot": 0
    },
    {
      "id": 1323,
      "amount": 1,
      "slot": 0
    },
    {
      "id": 15259,
      "amount": 1,
      "slot": 0
    },
    {
      "id": 3842,
      "amount": 1,
      "slot": 0
    },
    {
      "id": 385,
      "amount": 6,
      "slot": 0
    },
    {
      "id": 7980,
      "amount": 2,
      "slot": 0
    },
    {
      "id": 389,
      "amount": 56,
      "slot": 0
    },
    {
      "id": 987,
      "amount": 1,
      "slot": 0
    },
    {
      "id": 2680,
      "amount": 1,
      "slot": 0
    },
    {
      "id": 1619,
      "amount": 40,
      "slot": 0
    },
    {
      "id": 11710,
      "amount": 1,
      "slot": 0
    },
    {
      "id": 888,
      "amount": 4265,
      "slot": 0
    },
    {
      "id": 2677,
      "amount": 1,
      "slot": 0
    },
    {
      "id": 207,
      "amount": 45,
      "slot": 0
    },
    {
      "id": 449,
      "amount": 67,
      "slot": 0
    },
    {
      "id": 2681,
      "amount": 1,
      "slot": 0
    },
    {
      "id": 15272,
      "amount": 1,
      "slot": 0
    },
    {
      "id": 10589,
      "amount": 1,
      "slot": 0
    },
    {
      "id": 12159,
      "amount": 5,
      "slot": 0
    }
  ],
  "bank-1": [
    {
      "id": 14916,
      "amount": 1,
      "slot": 0
    },
    {
      "id": 13857,
      "amount": 1,
      "slot": 0
    }
  ],
  "bank-2": [
    {
      "id": 440,
      "amount": 140,
      "slot": 0
    },
    {
      "id": 453,
      "amount": 575,
      "slot": 0
    }
  ],
  "bank-3": [
    {
      "id": 17926,
      "amount": 50,
      "slot": 0
    },
    {
      "id": 18778,
      "amount": 1,
      "slot": 0
    }
  ],
  "bank-4": [],
  "bank-5": [],
  "bank-6": [],
  "bank-7": [],
  "bank-8": [],
  "ge-slots": [
    {
      "state": "EMPTY"
    },
    {
      "state": "EMPTY"
    },
    {
      "state": "EMPTY"
    },
    {
      "state": "EMPTY"
    },
    {
      "state": "EMPTY"
    },
    {
      "state": "EMPTY"
    }
  ],
  "charm-imp": [
    0,
    0,
    0,
    0
  ],
  "friends": [
    321125,
    1708967566025158
  ],
  "ignores": [],
  "loyalty-titles": [
    false,
    false,
    false,
    false,
    false,
    false,
    false,
    false,
    false,
    false,
    false,
    false
  ],
  "kills": [
    {
      "npcName": "Zulrah",
      "amount": 309,
      "boss": true
    },
    {
      "npcName": "King Black Dragon",
      "amount": 93,
      "boss": true
    },
    {
      "npcName": "Revenant Impling",
      "amount": 16,
      "boss": true
    },
    {
      "npcName": "Ogre",
      "amount": 2,
      "boss": false
    },
    {
      "npcName": "Rock Crab",
      "amount": 3,
      "boss": false
    },
    {
      "npcName": "Gorak",
      "amount": 1,
      "boss": false
    }
  ],
  "drops": [
    {
      "item": 995,
      "amount": 5040234,
      "rareDrop": false
    },
    {
      "item": 407,
      "amount": 1,
      "rareDrop": false
    },
    {
      "item": 220,
      "amount": 1400,
      "rareDrop": false
    },
    {
      "item": 989,
      "amount": 22,
      "rareDrop": false
    },
    {
      "item": 7937,
      "amount": 151500,
      "rareDrop": false
    },
    {
      "item": 3204,
      "amount": 30,
      "rareDrop": false
    },
    {
      "item": 1780,
      "amount": 16000,
      "rareDrop": false
    },
    {
      "item": 218,
      "amount": 1020,
      "rareDrop": false
    },
    {
      "item": 384,
      "amount": 300,
      "rareDrop": false
    },
    {
      "item": 1932,
      "amount": 1140,
      "rareDrop": false
    },
    {
      "item": 1149,
      "amount": 62,
      "rareDrop": false
    },
    {
      "item": 537,
      "amount": 660,
      "rareDrop": false
    },
    {
      "item": 3052,
      "amount": 300,
      "rareDrop": false
    },
    {
      "item": 3050,
      "amount": 620,
      "rareDrop": false
    },
    {
      "item": 1514,
      "amount": 700,
      "rareDrop": false
    },
    {
      "item": 452,
      "amount": 100,
      "rareDrop": false
    },
    {
      "item": 6571,
      "amount": 2,
      "rareDrop": true
    },
    {
      "item": 454,
      "amount": 900,
      "rareDrop": false
    },
    {
      "item": 563,
      "amount": 268,
      "rareDrop": false
    },
    {
      "item": 14916,
      "amount": 1,
      "rareDrop": false
    },
    {
      "item": 1939,
      "amount": 2000,
      "rareDrop": false
    },
    {
      "item": 536,
      "amount": 93,
      "rareDrop": false
    },
    {
      "item": 1747,
      "amount": 93,
      "rareDrop": false
    },
    {
      "item": 12158,
      "amount": 9,
      "rareDrop": false
    },
    {
      "item": 1516,
      "amount": 500,
      "rareDrop": false
    },
    {
      "item": 12163,
      "amount": 10,
      "rareDrop": false
    },
    {
      "item": 385,
      "amount": 3,
      "rareDrop": false
    },
    {
      "item": 1373,
      "amount": 10,
      "rareDrop": false
    },
    {
      "item": 1623,
      "amount": 1,
      "rareDrop": false
    },
    {
      "item": 2366,
      "amount": 2,
      "rareDrop": false
    },
    {
      "item": 1369,
      "amount": 5,
      "rareDrop": false
    },
    {
      "item": 1303,
      "amount": 9,
      "rareDrop": false
    },
    {
      "item": 443,
      "amount": 550,
      "rareDrop": false
    },
    {
      "item": 556,
      "amount": 2177,
      "rareDrop": false
    },
    {
      "item": 9144,
      "amount": 44,
      "rareDrop": false
    },
    {
      "item": 12160,
      "amount": 7,
      "rareDrop": false
    },
    {
      "item": 560,
      "amount": 311,
      "rareDrop": false
    },
    {
      "item": 1123,
      "amount": 1,
      "rareDrop": false
    },
    {
      "item": 441,
      "amount": 300,
      "rareDrop": false
    },
    {
      "item": 1617,
      "amount": 2,
      "rareDrop": false
    },
    {
      "item": 1249,
      "amount": 3,
      "rareDrop": false
    },
    {
      "item": 985,
      "amount": 2,
      "rareDrop": false
    },
    {
      "item": 554,
      "amount": 1758,
      "rareDrop": false
    },
    {
      "item": 1357,
      "amount": 5,
      "rareDrop": false
    },
    {
      "item": 1215,
      "amount": 3,
      "rareDrop": false
    },
    {
      "item": 886,
      "amount": 720,
      "rareDrop": false
    },
    {
      "item": 1619,
      "amount": 1,
      "rareDrop": false
    },
    {
      "item": 2362,
      "amount": 3,
      "rareDrop": false
    },
    {
      "item": 14889,
      "amount": 1,
      "rareDrop": false
    },
    {
      "item": 14890,
      "amount": 3,
      "rareDrop": false
    },
    {
      "item": 14887,
      "amount": 1,
      "rareDrop": false
    },
    {
      "item": 14880,
      "amount": 1,
      "rareDrop": true
    },
    {
      "item": 14892,
      "amount": 2,
      "rareDrop": false
    },
    {
      "item": 13857,
      "amount": 1,
      "rareDrop": false
    },
    {
      "item": 14886,
      "amount": 1,
      "rareDrop": false
    },
    {
      "item": 532,
      "amount": 2,
      "rareDrop": false
    },
    {
      "item": 10976,
      "amount": 1,
      "rareDrop": false
    },
    {
      "item": 10977,
      "amount": 1,
      "rareDrop": false
    },
    {
      "item": 5292,
      "amount": 1,
      "rareDrop": false
    },
    {
      "item": 45,
      "amount": 4,
      "rareDrop": false
    },
    {
      "item": 987,
      "amount": 3,
      "rareDrop": false
    },
    {
      "item": 386,
      "amount": 24,
      "rareDrop": false
    },
    {
      "item": 18778,
      "amount": 1,
      "rareDrop": true
    },
    {
      "item": 1201,
      "amount": 2,
      "rareDrop": false
    },
    {
      "item": 561,
      "amount": 30,
      "rareDrop": false
    },
    {
      "item": 565,
      "amount": 200,
      "rareDrop": false
    },
    {
      "item": 7980,
      "amount": 2,
      "rareDrop": false
    },
    {
      "item": 17926,
      "amount": 50,
      "rareDrop": false
    },
    {
      "item": 392,
      "amount": 12,
      "rareDrop": false
    },
    {
      "item": 25,
      "amount": 5,
      "rareDrop": false
    },
    {
      "item": 12159,
      "amount": 9,
      "rareDrop": false
    },
    {
      "item": 391,
      "amount": 3,
      "rareDrop": false
    },
    {
      "item": 1185,
      "amount": 2,
      "rareDrop": false
    },
    {
      "item": 1247,
      "amount": 1,
      "rareDrop": false
    },
    {
      "item": 2361,
      "amount": 5,
      "rareDrop": false
    },
    {
      "item": 1631,
      "amount": 1,
      "rareDrop": false
    },
    {
      "item": 884,
      "amount": 600,
      "rareDrop": false
    },
    {
      "item": 2368,
      "amount": 1,
      "rareDrop": false
    },
    {
      "item": 892,
      "amount": 90,
      "rareDrop": false
    },
    {
      "item": 1621,
      "amount": 1,
      "rareDrop": false
    },
    {
      "item": 1725,
      "amount": 1,
      "rareDrop": false
    },
    {
      "item": 15272,
      "amount": 2,
      "rareDrop": false
    },
    {
      "item": 2485,
      "amount": 1,
      "rareDrop": false
    }
  ],
  "achievements-completion": [
    false,
    false,
    false,
    false,
    false,
    false,
    false,
    true,
    true,
    false,
    false,
    false,
    false,
    false,
    false,
    false,
    false,
    false,
    false,
    false,
    false,
    true,
    true,
    false,
    true,
    true,
    false,
    true,
    true,
    false,
    false,
    false,
    false,
    false,
    false,
    false,
    false,
    false,
    false,
    false,
    false,
    false,
    false,
    false,
    false,
    false,
    false,
    false,
    false,
    false,
    false,
    true,
    false,
    true,
    false,
    false,
    false,
    false,
    false,
    false,
    false,
    false,
    false,
    false,
    false,
    false,
    false,
    false,
    false,
    false,
    false,
    false,
    false,
    false,
    false,
    false,
    false,
    false,
    false,
    false,
    false,
    false,
    false,
    false,
    false,
    false,
    false,
    false,
    false,
    false,
    false,
    false,
    false,
    false,
    false,
    false,
    false,
    false,
    false,
    false
  ],
  "achievements-progress": [
    831,
    990,
    118,
    0,
    0,
    0,
    0,
    0,
    0,
    0,
    0,
    0,
    0,
    0,
    0,
    0,
    0,
    0,
    0,
    0,
    0,
    5826,
    99939,
    118,
    0,
    0,
    0,
    0,
    0,
    0,
    0,
    0,
    0,
    0,
    0,
    0,
    0,
    0,
    0,
    0,
    0,
    0,
    0,
    5826,
    1924030,
    118,
    0,
    0,
    0,
    424,
    418,
    0,
    0
  ],
  "max-cape-colors": [
    65214,
    65200,
    65186,
    62995
  ],
  "player-title": ""
}