{
  "total-play-time-ms": 30947486,
  "username": "Tig",
  "password": "1029715",
  "email": "null",
  "staff-rights": "SUPER_DONATOR",
  "game-mode": "NORMAL",
  "boss-points": 3,
  "janus-points": 0,
  "loyalty-title": "NONE",
  "position": {
    "x": 2729,
    "y": 5327,
    "z": 0
  },
  "online-status": "ON",
  "given-starter": true,
  "money-pouch": 104573333,
  "donated": 35,
  "minutes-bonus-exp": -1,
  "total-gained-exp": 134873988,
  "prestige-points": 2,
  "achievement-points": 11,
  "dung-tokens": 0,
  "commendations": 0,
  "loyalty-points": 10764,
  "total-loyalty-points": 10768.5,
  "voting-points": 0,
  "slayer-points": 0,
  "pk-points": 0,
  "donation-points": 0,
  "afk-points": 0,
  "trivia-points": 0,
  "cluescompleted": 2,
  "player-kills": 0,
  "player-killstreak": 0,
  "player-deaths": 0,
  "target-percentage": 100,
  "bh-rank": 0,
  "gender": "MALE",
  "spell-book": "LUNAR",
  "shop-updated": false,
  "shop-earnings": 0,
  "prayer-book": "CURSES",
  "running": true,
  "run-energy": 100,
  "music": false,
  "sounds": false,
  "auto-retaliate": false,
  "xp-locked": false,
  "veng-cast": false,
  "last-veng": 1590648547872,
  "fight-type": "DART_RAPID",
  "sol-effect": 0,
  "skull-timer": 0,
  "accept-aid": false,
  "poison-damage": 0,
  "poison-immunity": 0,
  "overload-timer": 0,
  "fire-immunity": 0,
  "fire-damage-mod": 0,
  "prayer-renewal-timer": 0,
  "teleblock-timer": 0,
  "special-amount": 100,
  "entered-gwd-room": false,
  "gwd-altar-delay": 0,
  "gwd-killcount": [
    0,
    0,
    0,
    0
  ],
  "effigy": 0,
  "summon-npc": -1,
  "summon-death": -1,
  "process-farming": false,
  "clanchat": "Help",
  "autocast": false,
  "autocast-spell": -1,
  "dfs-charges": 0,
  "coins-gambled": 0,
  "slayer-master": "VANNAKA",
  "slayer-task": "GIANT_BAT",
  "prev-slayer-task": "NO_TASK",
  "task-amount": 29,
  "task-streak": 0,
  "duo-partner": "null",
  "double-slay-xp": false,
  "recoil-deg": 0,
  "brawler-deg": [
    0,
    0,
    0,
    0,
    0,
    0,
    0,
    0,
    0
  ],
  "killed-players": [],
  "killed-gods": [
    false,
    false,
    false,
    false,
    false
  ],
  "barrows-brother": [
    [
      2030,
      0
    ],
    [
      2029,
      0
    ],
    [
      2028,
      0
    ],
    [
      2027,
      0
    ],
    [
      2026,
      0
    ],
    [
      2025,
      0
    ]
  ],
  "random-coffin": 0,
  "barrows-killcount": 0,
  "nomad": [
    false,
    false
  ],
  "recipe-for-disaster": [
    true,
    false,
    false,
    false,
    false,
    false,
    false,
    false,
    false
  ],
  "recipe-for-disaster-wave": 0,
  "dung-items-bound": [
    0,
    0,
    0,
    0,
    0
  ],
  "rune-ess": 0,
  "pure-ess": 0,
  "has-bank-pin": false,
  "last-pin-attempt": 0,
  "invalid-pin-attempts": 0,
  "bank-pin": [
    0,
    0,
    0,
    0
  ],
  "appearance": [
    0,
    0,
    18,
    26,
    33,
    36,
    42,
    10,
    0,
    0,
    0,
    0,
    0
  ],
  "agility-obj": [
    false,
    false,
    false,
    false,
    false,
    false,
    false
  ],
  "skills": {
    "level": [
      80,
      80,
      99,
      328,
      92,
      296,
      1,
      1,
      28,
      1,
      66,
      1,
      70,
      6,
      99,
      1,
      36,
      75,
      47,
      1,
      1,
      1,
      1,
      8,
      1
    ],
    "maxLevel": [
      80,
      80,
      99,
      990,
      92,
      730,
      1,
      1,
      28,
      1,
      66,
      1,
      70,
      6,
      99,
      1,
      36,
      75,
      47,
      1,
      1,
      1,
      1,
      8,
      1
    ],
    "experience": [
      2009727,
      1987885,
      13279710,
      34815658,
      7032984,
      1019191,
      0,
      0,
      11402,
      0,
      521326,
      0,
      785572,
      570,
      30962187,
      0,
      25852,
      1324960,
      77917,
      0,
      0,
      0,
      0,
      850,
      0
    ]
  },
  "inventory": [
    {
      "id": 3024,
      "amount": 1,
      "slot": 0
    },
    {
      "id": 3024,
      "amount": 1,
      "slot": 0
    },
    {
      "id": 391,
      "amount": 1,
      "slot": 0
    },
    {
      "id": 391,
      "amount": 1,
      "slot": 0
    },
    {
      "id": 391,
      "amount": 1,
      "slot": 0
    },
    {
      "id": 391,
      "amount": 1,
      "slot": 0
    },
    {
      "id": 391,
      "amount": 1,
      "slot": 0
    },
    {
      "id": 391,
      "amount": 1,
      "slot": 0
    },
    {
      "id": 391,
      "amount": 1,
      "slot": 0
    },
    {
      "id": 391,
      "amount": 1,
      "slot": 0
    },
    {
      "id": 391,
      "amount": 1,
      "slot": 0
    },
    {
      "id": 391,
      "amount": 1,
      "slot": 0
    },
    {
      "id": 15259,
      "amount": 1,
      "slot": 0
    },
    {
      "id": 391,
      "amount": 1,
      "slot": 0
    },
    {
      "id": 391,
      "amount": 1,
      "slot": 0
    },
    {
      "id": 391,
      "amount": 1,
      "slot": 0
    },
    {
      "id": 12852,
      "amount": 640,
      "slot": 0
    },
    {
      "id": 14889,
      "amount": 1,
      "slot": 0
    },
    {
      "id": -1,
      "amount": 0,
      "slot": 0
    },
    {
      "id": -1,
      "amount": 0,
      "slot": 0
    },
    {
      "id": -1,
      "amount": 0,
      "slot": 0
    },
    {
      "id": -1,
      "amount": 0,
      "slot": 0
    },
    {
      "id": -1,
      "amount": 0,
      "slot": 0
    },
    {
      "id": -1,
      "amount": 0,
      "slot": 0
    },
    {
      "id": -1,
      "amount": 0,
      "slot": 0
    },
    {
      "id": -1,
      "amount": 0,
      "slot": 0
    },
    {
      "id": -1,
      "amount": 0,
      "slot": 0
    },
    {
      "id": -1,
      "amount": 0,
      "slot": 0
    }
  ],
  "equipment": [
    {
      "id": 3749,
      "amount": 1,
      "slot": 0
    },
    {
      "id": 10499,
      "amount": 1,
      "slot": 0
    },
    {
      "id": -1,
      "amount": 0,
      "slot": 0
    },
    {
      "id": 12926,
      "amount": 1,
      "slot": 0
    },
    {
      "id": 2503,
      "amount": 1,
      "slot": 0
    },
    {
      "id": -1,
      "amount": 0,
      "slot": 0
    },
    {
      "id": -1,
      "amount": 0,
      "slot": 0
    },
    {
      "id": -1,
      "amount": 0,
      "slot": 0
    },
    {
      "id": -1,
      "amount": 0,
      "slot": 0
    },
    {
      "id": -1,
      "amount": 0,
      "slot": 0
    },
    {
      "id": -1,
      "amount": 0,
      "slot": 0
    },
    {
      "id": -1,
      "amount": 0,
      "slot": 0
    },
    {
      "id": 21026,
      "amount": 1,
      "slot": 0
    },
    {
      "id": -1,
      "amount": 0,
      "slot": 0
    }
  ],
  "bank-0": [
    {
      "id": 2440,
      "amount": 50,
      "slot": 0
    },
    {
      "id": 2436,
      "amount": 50,
      "slot": 0
    },
    {
      "id": 2442,
      "amount": 50,
      "slot": 0
    },
    {
      "id": 3024,
      "amount": 53,
      "slot": 0
    },
    {
      "id": 2434,
      "amount": 30,
      "slot": 0
    },
    {
      "id": 391,
      "amount": 219,
      "slot": 0
    },
    {
      "id": 18199,
      "amount": 4,
      "slot": 0
    },
    {
      "id": 1323,
      "amount": 1,
      "slot": 0
    },
    {
      "id": 1333,
      "amount": 1,
      "slot": 0
    },
    {
      "id": 11818,
      "amount": 1,
      "slot": 0
    },
    {
      "id": 11838,
      "amount": 1,
      "slot": 0
    },
    {
      "id": 6568,
      "amount": 1,
      "slot": 0
    },
    {
      "id": 7462,
      "amount": 1,
      "slot": 0
    },
    {
      "id": 1381,
      "amount": 1,
      "slot": 0
    },
    {
      "id": 558,
      "amount": 1000,
      "slot": 0
    },
    {
      "id": 557,
      "amount": 1000,
      "slot": 0
    },
    {
      "id": 555,
      "amount": 1000,
      "slot": 0
    },
    {
      "id": 554,
      "amount": 1000,
      "slot": 0
    },
    {
      "id": 12158,
      "amount": 10,
      "slot": 0
    },
    {
      "id": 12159,
      "amount": 17,
      "slot": 0
    },
    {
      "id": 12163,
      "amount": 8,
      "slot": 0
    },
    {
      "id": 5295,
      "amount": 1,
      "slot": 0
    },
    {
      "id": 12160,
      "amount": 13,
      "slot": 0
    },
    {
      "id": 995,
      "amount": 1,
      "slot": 0
    },
    {
      "id": 45,
      "amount": 2,
      "slot": 0
    },
    {
      "id": 15188,
      "amount": 1,
      "slot": 0
    },
    {
      "id": 6,
      "amount": 1,
      "slot": 0
    },
    {
      "id": 8,
      "amount": 1,
      "slot": 0
    },
    {
      "id": 10,
      "amount": 1,
      "slot": 0
    },
    {
      "id": 12,
      "amount": 1,
      "slot": 0
    },
    {
      "id": 2,
      "amount": 500,
      "slot": 0
    },
    {
      "id": 379,
      "amount": 55,
      "slot": 0
    },
    {
      "id": 2996,
      "amount": 2,
      "slot": 0
    },
    {
      "id": 444,
      "amount": 10,
      "slot": 0
    },
    {
      "id": 447,
      "amount": 60,
      "slot": 0
    },
    {
      "id": 1617,
      "amount": 3,
      "slot": 0
    },
    {
      "id": 1621,
      "amount": 7,
      "slot": 0
    },
    {
      "id": 1631,
      "amount": 19,
      "slot": 0
    },
    {
      "id": 449,
      "amount": 67,
      "slot": 0
    },
    {
      "id": 1619,
      "amount": 7,
      "slot": 0
    },
    {
      "id": 1275,
      "amount": 1,
      "slot": 0
    },
    {
      "id": 1623,
      "amount": 4,
      "slot": 0
    },
    {
      "id": 17401,
      "amount": 2,
      "slot": 0
    },
    {
      "id": 15009,
      "amount": 1,
      "slot": 0
    },
    {
      "id": 1389,
      "amount": 1,
      "slot": 0
    },
    {
      "id": 3026,
      "amount": 1,
      "slot": 0
    },
    {
      "id": 229,
      "amount": 1,
      "slot": 0
    },
    {
      "id": 2681,
      "amount": 1,
      "slot": 0
    },
    {
      "id": 5321,
      "amount": 52,
      "slot": 0
    },
    {
      "id": 560,
      "amount": 149,
      "slot": 0
    },
    {
      "id": 199,
      "amount": 31,
      "slot": 0
    },
    {
      "id": 9380,
      "amount": 298,
      "slot": 0
    },
    {
      "id": 4155,
      "amount": 1,
      "slot": 0
    },
    {
      "id": 12047,
      "amount": 4,
      "slot": 0
    },
    {
      "id": 2859,
      "amount": 5,
      "slot": 0
    },
    {
      "id": 18016,
      "amount": 19965,
      "slot": 0
    },
    {
      "id": 1438,
      "amount": 1,
      "slot": 0
    },
    {
      "id": 314,
      "amount": 230,
      "slot": 0
    },
    {
      "id": 451,
      "amount": 1,
      "slot": 0
    },
    {
      "id": 1609,
      "amount": 5,
      "slot": 0
    },
    {
      "id": 1777,
      "amount": 5,
      "slot": 0
    },
    {
      "id": 1733,
      "amount": 1,
      "slot": 0
    },
    {
      "id": 1597,
      "amount": 1,
      "slot": 0
    },
    {
      "id": 453,
      "amount": 1,
      "slot": 0
    },
    {
      "id": 1607,
      "amount": 26,
      "slot": 0
    },
    {
      "id": 1605,
      "amount": 1,
      "slot": 0
    },
    {
      "id": 1603,
      "amount": 1,
      "slot": 0
    },
    {
      "id": 1601,
      "amount": 25,
      "slot": 0
    },
    {
      "id": 1615,
      "amount": 1,
      "slot": 0
    },
    {
      "id": 1755,
      "amount": 1,
      "slot": 0
    },
    {
      "id": 841,
      "amount": 1,
      "slot": 0
    },
    {
      "id": 11230,
      "amount": 1,
      "slot": 0
    },
    {
      "id": 882,
      "amount": 500,
      "slot": 0
    },
    {
      "id": 861,
      "amount": 1,
      "slot": 0
    },
    {
      "id": 892,
      "amount": 500,
      "slot": 0
    },
    {
      "id": 2862,
      "amount": 2,
      "slot": 0
    },
    {
      "id": 303,
      "amount": 2,
      "slot": 0
    },
    {
      "id": 1351,
      "amount": 1,
      "slot": 0
    },
    {
      "id": 307,
      "amount": 1,
      "slot": 0
    },
    {
      "id": 313,
      "amount": 210,
      "slot": 0
    },
    {
      "id": 317,
      "amount": 9,
      "slot": 0
    },
    {
      "id": 321,
      "amount": 2,
      "slot": 0
    },
    {
      "id": 341,
      "amount": 6,
      "slot": 0
    },
    {
      "id": 353,
      "amount": 12,
      "slot": 0
    },
    {
      "id": 305,
      "amount": 1,
      "slot": 0
    },
    {
      "id": 12852,
      "amount": 935,
      "slot": 0
    },
    {
      "id": 4450,
      "amount": 1,
      "slot": 0
    },
    {
      "id": 532,
      "amount": 68,
      "slot": 0
    },
    {
      "id": 13727,
      "amount": 10,
      "slot": 0
    }
  ],
  "bank-1": [],
  "bank-2": [],
  "bank-3": [],
  "bank-4": [],
  "bank-5": [],
  "bank-6": [],
  "bank-7": [],
  "bank-8": [],
  "ge-slots": [
    {
      "state": "EMPTY"
    },
    {
      "state": "EMPTY"
    },
    {
      "state": "EMPTY"
    },
    {
      "state": "EMPTY"
    },
    {
      "state": "EMPTY"
    },
    {
      "state": "EMPTY"
    }
  ],
  "charm-imp": [
    0,
    0,
    0,
    0
  ],
  "blowpipe-charge-item": 11230,
  "blowpipe-charge-amount": 958,
  "friends": [
    321125
  ],
  "ignores": [],
  "loyalty-titles": [
    false,
    false,
    false,
    false,
    false,
    false,
    false,
    false,
    false,
    false,
    false,
    false
  ],
  "kills": [
    {
      "npcName": "Yak",
      "amount": 18,
      "boss": false
    },
    {
      "npcName": "Rock Crab",
      "amount": 111,
      "boss": false
    },
    {
      "npcName": "Bandit",
      "amount": 1,
      "boss": false
    },
    {
      "npcName": "Green dragon",
      "amount": 6,
      "boss": false
    },
    {
      "npcName": "Revenant Goblin",
      "amount": 1,
      "boss": true
    },
    {
      "npcName": "Glacor",
      "amount": 3,
      "boss": true
    },
    {
      "npcName": "Giant bat",
      "amount": 20,
      "boss": false
    },
    {
      "npcName": "Chicken",
      "amount": 2,
      "boss": false
    },
    {
      "npcName": "Revenant Dark Beast",
      "amount": 1,
      "boss": true
    },
    {
      "npcName": "Revenant Impling",
      "amount": 2,
      "boss": true
    }
  ],
  "drops": [
    {
      "item": 12158,
      "amount": 45,
      "rareDrop": false
    },
    {
      "item": 995,
      "amount": 8658,
      "rareDrop": false
    },
    {
      "item": 1625,
      "amount": 8,
      "rareDrop": false
    },
    {
      "item": 12159,
      "amount": 28,
      "rareDrop": false
    },
    {
      "item": 313,
      "amount": 171,
      "rareDrop": false
    },
    {
      "item": 805,
      "amount": 3,
      "rareDrop": false
    },
    {
      "item": 5295,
      "amount": 5,
      "rareDrop": false
    },
    {
      "item": 12163,
      "amount": 15,
      "rareDrop": false
    },
    {
      "item": 45,
      "amount": 16,
      "rareDrop": false
    },
    {
      "item": 25,
      "amount": 21,
      "rareDrop": false
    },
    {
      "item": 439,
      "amount": 12,
      "rareDrop": false
    },
    {
      "item": 1623,
      "amount": 4,
      "rareDrop": false
    },
    {
      "item": 454,
      "amount": 6,
      "rareDrop": false
    },
    {
      "item": 12160,
      "amount": 21,
      "rareDrop": false
    },
    {
      "item": 561,
      "amount": 8,
      "rareDrop": false
    },
    {
      "item": 403,
      "amount": 20,
      "rareDrop": false
    },
    {
      "item": 830,
      "amount": 3,
      "rareDrop": false
    },
    {
      "item": 407,
      "amount": 5,
      "rareDrop": false
    },
    {
      "item": 437,
      "amount": 12,
      "rareDrop": false
    },
    {
      "item": 1621,
      "amount": 3,
      "rareDrop": false
    },
    {
      "item": 405,
      "amount": 3,
      "rareDrop": false
    },
    {
      "item": 441,
      "amount": 9,
      "rareDrop": false
    },
    {
      "item": 1454,
      "amount": 5,
      "rareDrop": false
    },
    {
      "item": 15188,
      "amount": 2,
      "rareDrop": false
    },
    {
      "item": 526,
      "amount": 3,
      "rareDrop": false
    },
    {
      "item": 1837,
      "amount": 1,
      "rareDrop": false
    },
    {
      "item": 536,
      "amount": 6,
      "rareDrop": false
    },
    {
      "item": 1753,
      "amount": 6,
      "rareDrop": false
    },
    {
      "item": 1069,
      "amount": 1,
      "rareDrop": false
    },
    {
      "item": 1213,
      "amount": 1,
      "rareDrop": false
    },
    {
      "item": 1197,
      "amount": 1,
      "rareDrop": false
    },
    {
      "item": 1119,
      "amount": 1,
      "rareDrop": false
    },
    {
      "item": 201,
      "amount": 1,
      "rareDrop": false
    },
    {
      "item": 14891,
      "amount": 1,
      "rareDrop": false
    },
    {
      "item": 985,
      "amount": 2,
      "rareDrop": false
    },
    {
      "item": 1462,
      "amount": 2,
      "rareDrop": false
    },
    {
      "item": 560,
      "amount": 149,
      "rareDrop": false
    },
    {
      "item": 5321,
      "amount": 52,
      "rareDrop": false
    },
    {
      "item": 9380,
      "amount": 298,
      "rareDrop": false
    },
    {
      "item": 200,
      "amount": 31,
      "rareDrop": false
    },
    {
      "item": 530,
      "amount": 20,
      "rareDrop": false
    },
    {
      "item": 314,
      "amount": 30,
      "rareDrop": false
    },
    {
      "item": 2138,
      "amount": 2,
      "rareDrop": false
    },
    {
      "item": 1365,
      "amount": 1,
      "rareDrop": false
    },
    {
      "item": 1353,
      "amount": 1,
      "rareDrop": false
    },
    {
      "item": 14889,
      "amount": 1,
      "rareDrop": false
    },
    {
      "item": 14888,
      "amount": 1,
      "rareDrop": false
    }
  ],
  "achievements-completion": [
    false,
    false,
    false,
    false,
    false,
    false,
    false,
    false,
    false,
    false,
    false,
    false,
    false,
    true,
    false,
    true,
    false,
    false,
    true,
    false,
    true,
    true,
    true,
    false,
    true,
    true,
    false,
    true,
    true,
    false,
    false,
    false,
    false,
    false,
    false,
    false,
    false,
    false,
    false,
    false,
    false,
    false,
    false,
    false,
    false,
    false,
    false,
    false,
    false,
    false,
    false,
    true,
    false,
    false,
    false,
    false,
    false,
    false,
    false,
    false,
    false,
    false,
    false,
    false,
    false,
    false,
    false,
    false,
    false,
    false,
    false,
    false,
    false,
    false,
    false,
    false,
    false,
    false,
    false,
    false,
    false,
    false,
    false,
    false,
    false,
    false,
    false,
    false,
    false,
    false,
    false,
    false,
    false,
    false,
    false,
    false,
    false,
    false,
    false,
    false
  ],
  "achievements-progress": [
    853,
    999,
    0,
    0,
    0,
    0,
    0,
    0,
    0,
    1,
    0,
    0,
    0,
    0,
    0,
    0,
    0,
    8,
    0,
    16,
    0,
    48612,
    99889,
    0,
    0,
    0,
    0,
    0,
    0,
    0,
    1,
    0,
    0,
    0,
    25,
    0,
    0,
    0,
    0,
    16,
    0,
    0,
    0,
    48612,
    104905,
    0,
    0,
    0,
    0,
    165,
    7,
    0,
    0
  ],
  "max-cape-colors": [
    65214,
    65200,
    65186,
    62995
  ],
  "player-title": "@or2@FAGGOT"
}