{
  "total-play-time-ms": 11636995,
  "username": "Trippywitchs",
  "password": "Jellybean8",
  "email": "null",
  "staff-rights": "PLAYER",
  "game-mode": "NORMAL",
  "boss-points": 0,
  "janus-points": 0,
  "loyalty-title": "NONE",
  "position": {
    "x": 2702,
    "y": 5353,
    "z": 0
  },
  "online-status": "ON",
  "given-starter": true,
  "money-pouch": 10132450,
  "donated": 0,
  "minutes-bonus-exp": -1,
  "total-gained-exp": 9573430,
  "prestige-points": 0,
  "achievement-points": 4,
  "dung-tokens": 0,
  "commendations": 0,
  "loyalty-points": 2347,
  "total-loyalty-points": 2347.0,
  "voting-points": 0,
  "slayer-points": 0,
  "pk-points": 0,
  "donation-points": 0,
  "afk-points": 0,
  "trivia-points": 0,
  "cluescompleted": 2,
  "player-kills": 0,
  "player-killstreak": 0,
  "player-deaths": 0,
  "target-percentage": 0,
  "bh-rank": -1,
  "gender": "MALE",
  "spell-book": "NORMAL",
  "shop-updated": false,
  "shop-earnings": 0,
  "prayer-book": "NORMAL",
  "running": true,
  "run-energy": 100,
  "music": false,
  "sounds": false,
  "auto-retaliate": true,
  "xp-locked": true,
  "veng-cast": false,
  "last-veng": 1591050596419,
  "fight-type": "SCIMITAR_SLASH",
  "sol-effect": 0,
  "skull-timer": 0,
  "accept-aid": false,
  "poison-damage": 0,
  "poison-immunity": 0,
  "overload-timer": 0,
  "fire-immunity": 0,
  "fire-damage-mod": 0,
  "prayer-renewal-timer": 0,
  "teleblock-timer": 0,
  "special-amount": 100,
  "entered-gwd-room": false,
  "gwd-altar-delay": 0,
  "gwd-killcount": [
    0,
    0,
    0,
    0
  ],
  "effigy": 0,
  "summon-npc": -1,
  "summon-death": -1,
  "process-farming": false,
  "clanchat": "Help",
  "autocast": false,
  "autocast-spell": -1,
  "dfs-charges": 0,
  "coins-gambled": 0,
  "slayer-master": "VANNAKA",
  "slayer-task": "NO_TASK",
  "prev-slayer-task": "NO_TASK",
  "task-amount": 0,
  "task-streak": 0,
  "duo-partner": "null",
  "double-slay-xp": false,
  "recoil-deg": 0,
  "brawler-deg": [
    0,
    0,
    0,
    0,
    0,
    0,
    0,
    0,
    0
  ],
  "killed-players": [],
  "killed-gods": [
    false,
    false,
    false,
    false,
    false
  ],
  "barrows-brother": [
    [
      2030,
      0
    ],
    [
      2029,
      0
    ],
    [
      2028,
      0
    ],
    [
      2027,
      0
    ],
    [
      2026,
      0
    ],
    [
      2025,
      0
    ]
  ],
  "random-coffin": 0,
  "barrows-killcount": 0,
  "nomad": [
    false,
    false
  ],
  "recipe-for-disaster": [
    false,
    false,
    false,
    false,
    false,
    false,
    false,
    false,
    false
  ],
  "recipe-for-disaster-wave": 0,
  "dung-items-bound": [
    0,
    0,
    0,
    0,
    0
  ],
  "rune-ess": 0,
  "pure-ess": 0,
  "has-bank-pin": true,
  "last-pin-attempt": 0,
  "invalid-pin-attempts": 0,
  "bank-pin": [
    0,
    5,
    0,
    6
  ],
  "appearance": [
    1,
    50,
    57,
    61,
    67,
    77,
    79,
    -1,
    7,
    6,
    9,
    0,
    0
  ],
  "agility-obj": [
    false,
    false,
    false,
    false,
    false,
    false,
    false
  ],
  "skills": {
    "level": [
      58,
      86,
      60,
      66,
      78,
      10,
      1,
      1,
      1,
      1,
      1,
      1,
      1,
      1,
      1,
      1,
      1,
      1,
      1,
      1,
      1,
      1,
      1,
      1,
      1
    ],
    "maxLevel": [
      58,
      86,
      60,
      860,
      78,
      10,
      1,
      1,
      1,
      1,
      1,
      1,
      1,
      1,
      1,
      1,
      1,
      1,
      1,
      1,
      1,
      1,
      1,
      1,
      1
    ],
    "experience": [
      230050,
      3652884,
      281167,
      3619350,
      1791163,
      0,
      0,
      0,
      0,
      0,
      0,
      0,
      0,
      0,
      0,
      0,
      0,
      0,
      0,
      0,
      0,
      0,
      0,
      0,
      0
    ]
  },
  "inventory": [
    {
      "id": 1381,
      "amount": 1,
      "slot": 0
    },
    {
      "id": 3026,
      "amount": 1,
      "slot": 0
    },
    {
      "id": 805,
      "amount": 1,
      "slot": 0
    },
    {
      "id": 882,
      "amount": 500,
      "slot": 0
    },
    {
      "id": 12160,
      "amount": 2,
      "slot": 0
    },
    {
      "id": 12159,
      "amount": 3,
      "slot": 0
    },
    {
      "id": 18199,
      "amount": 1,
      "slot": 0
    },
    {
      "id": 1323,
      "amount": 1,
      "slot": 0
    },
    {
      "id": 12158,
      "amount": 2,
      "slot": 0
    },
    {
      "id": 841,
      "amount": 1,
      "slot": 0
    },
    {
      "id": 409,
      "amount": 1,
      "slot": 0
    },
    {
      "id": 526,
      "amount": 1,
      "slot": 0
    },
    {
      "id": 861,
      "amount": 1,
      "slot": 0
    },
    {
      "id": 18199,
      "amount": 1,
      "slot": 0
    },
    {
      "id": 18199,
      "amount": 1,
      "slot": 0
    },
    {
      "id": 557,
      "amount": 1,
      "slot": 0
    },
    {
      "id": 18199,
      "amount": 1,
      "slot": 0
    },
    {
      "id": 18199,
      "amount": 1,
      "slot": 0
    },
    {
      "id": -1,
      "amount": 0,
      "slot": 0
    },
    {
      "id": -1,
      "amount": 0,
      "slot": 0
    },
    {
      "id": -1,
      "amount": 0,
      "slot": 0
    },
    {
      "id": -1,
      "amount": 0,
      "slot": 0
    },
    {
      "id": -1,
      "amount": 0,
      "slot": 0
    },
    {
      "id": -1,
      "amount": 0,
      "slot": 0
    },
    {
      "id": -1,
      "amount": 0,
      "slot": 0
    },
    {
      "id": -1,
      "amount": 0,
      "slot": 0
    },
    {
      "id": -1,
      "amount": 0,
      "slot": 0
    },
    {
      "id": -1,
      "amount": 0,
      "slot": 0
    }
  ],
  "equipment": [
    {
      "id": 1149,
      "amount": 1,
      "slot": 0
    },
    {
      "id": 6568,
      "amount": 1,
      "slot": 0
    },
    {
      "id": -1,
      "amount": 0,
      "slot": 0
    },
    {
      "id": 1333,
      "amount": 1,
      "slot": 0
    },
    {
      "id": 3140,
      "amount": 1,
      "slot": 0
    },
    {
      "id": 1187,
      "amount": 1,
      "slot": 0
    },
    {
      "id": -1,
      "amount": 0,
      "slot": 0
    },
    {
      "id": 4087,
      "amount": 1,
      "slot": 0
    },
    {
      "id": -1,
      "amount": 0,
      "slot": 0
    },
    {
      "id": -1,
      "amount": 0,
      "slot": 0
    },
    {
      "id": -1,
      "amount": 0,
      "slot": 0
    },
    {
      "id": -1,
      "amount": 0,
      "slot": 0
    },
    {
      "id": -1,
      "amount": 0,
      "slot": 0
    },
    {
      "id": 892,
      "amount": 500,
      "slot": 0
    }
  ],
  "bank-0": [
    {
      "id": 391,
      "amount": 300,
      "slot": 0
    },
    {
      "id": 2436,
      "amount": 50,
      "slot": 0
    },
    {
      "id": 2440,
      "amount": 50,
      "slot": 0
    },
    {
      "id": 2442,
      "amount": 50,
      "slot": 0
    },
    {
      "id": 3024,
      "amount": 49,
      "slot": 0
    },
    {
      "id": 2434,
      "amount": 30,
      "slot": 0
    },
    {
      "id": 557,
      "amount": 999,
      "slot": 0
    },
    {
      "id": 558,
      "amount": 1000,
      "slot": 0
    },
    {
      "id": 555,
      "amount": 1000,
      "slot": 0
    },
    {
      "id": 554,
      "amount": 1000,
      "slot": 0
    },
    {
      "id": 15358,
      "amount": 1,
      "slot": 0
    },
    {
      "id": 4084,
      "amount": 1,
      "slot": 0
    },
    {
      "id": 1046,
      "amount": 1,
      "slot": 0
    }
  ],
  "bank-1": [],
  "bank-2": [],
  "bank-3": [],
  "bank-4": [],
  "bank-5": [],
  "bank-6": [],
  "bank-7": [],
  "bank-8": [],
  "ge-slots": [
    {
      "state": "EMPTY"
    },
    {
      "state": "EMPTY"
    },
    {
      "state": "EMPTY"
    },
    {
      "state": "EMPTY"
    },
    {
      "state": "EMPTY"
    },
    {
      "state": "EMPTY"
    }
  ],
  "charm-imp": [
    0,
    0,
    0,
    0
  ],
  "friends": [],
  "ignores": [],
  "loyalty-titles": [
    false,
    false,
    false,
    false,
    false,
    false,
    false,
    false,
    false,
    false,
    false,
    false
  ],
  "kills": [
    {
      "npcName": "Rock Crab",
      "amount": 13,
      "boss": false
    },
    {
      "npcName": "Experiment",
      "amount": 1,
      "boss": false
    },
    {
      "npcName": "Yak",
      "amount": 1,
      "boss": false
    },
    {
      "npcName": "Bandit",
      "amount": 2,
      "boss": false
    },
    {
      "npcName": "Armoured Zombie",
      "amount": 3,
      "boss": false
    },
    {
      "npcName": "Skeleton",
      "amount": 3,
      "boss": false
    }
  ],
  "drops": [
    {
      "item": 12158,
      "amount": 4,
      "rareDrop": false
    },
    {
      "item": 12160,
      "amount": 2,
      "rareDrop": false
    },
    {
      "item": 995,
      "amount": 1497,
      "rareDrop": false
    },
    {
      "item": 12159,
      "amount": 4,
      "rareDrop": false
    },
    {
      "item": 805,
      "amount": 1,
      "rareDrop": false
    },
    {
      "item": 407,
      "amount": 1,
      "rareDrop": false
    },
    {
      "item": 437,
      "amount": 1,
      "rareDrop": false
    },
    {
      "item": 405,
      "amount": 1,
      "rareDrop": false
    },
    {
      "item": 526,
      "amount": 3,
      "rareDrop": false
    },
    {
      "item": 1325,
      "amount": 1,
      "rareDrop": false
    },
    {
      "item": 560,
      "amount": 2,
      "rareDrop": false
    }
  ],
  "achievements-completion": [
    false,
    false,
    false,
    false,
    false,
    false,
    false,
    false,
    false,
    false,
    false,
    false,
    false,
    false,
    false,
    false,
    false,
    false,
    false,
    false,
    false,
    true,
    true,
    false,
    true,
    true,
    false,
    false,
    false,
    false,
    false,
    false,
    false,
    false,
    false,
    false,
    false,
    false,
    false,
    false,
    false,
    false,
    false,
    false,
    false,
    false,
    false,
    false,
    false,
    false,
    false,
    false,
    false,
    false,
    false,
    false,
    false,
    false,
    false,
    false,
    false,
    false,
    false,
    false,
    false,
    false,
    false,
    false,
    false,
    false,
    false,
    false,
    false,
    false,
    false,
    false,
    false,
    false,
    false,
    false,
    false,
    false,
    false,
    false,
    false,
    false,
    false,
    false,
    false,
    false,
    false,
    false,
    false,
    false,
    false,
    false,
    false,
    false,
    false,
    false
  ],
  "achievements-progress": [
    992,
    950,
    0,
    0,
    0,
    0,
    0,
    0,
    0,
    0,
    0,
    0,
    0,
    0,
    0,
    0,
    0,
    0,
    0,
    0,
    0,
    20511,
    5264,
    0,
    0,
    0,
    0,
    0,
    0,
    0,
    0,
    0,
    0,
    0,
    0,
    0,
    0,
    0,
    0,
    0,
    0,
    0,
    0,
    20511,
    5264,
    0,
    0,
    0,
    0,
    23,
    0,
    0,
    0
  ],
  "max-cape-colors": [
    65214,
    65200,
    65186,
    62995
  ],
  "player-title": ""
}