{
  "total-play-time-ms": 21895215,
  "username": "Will",
  "password": "alysam",
  "email": "null",
  "staff-rights": "PLAYER",
  "game-mode": "NORMAL",
  "boss-points": 4,
  "janus-points": 0,
  "loyalty-title": "NONE",
  "position": {
    "x": 2704,
    "y": 5349,
    "z": 0
  },
  "online-status": "ON",
  "given-starter": true,
  "money-pouch": 0,
  "donated": 0,
  "minutes-bonus-exp": -1,
  "total-gained-exp": 162024856,
  "prestige-points": 0,
  "achievement-points": 14,
  "dung-tokens": 2719,
  "commendations": 0,
  "loyalty-points": 6020,
  "total-loyalty-points": 6020.0,
  "voting-points": 0,
  "slayer-points": 31,
  "pk-points": 0,
  "donation-points": 0,
  "trivia-points": 110,
  "cluescompleted": 1,
  "player-kills": 0,
  "player-killstreak": 0,
  "player-deaths": 0,
  "target-percentage": 100,
  "bh-rank": 0,
  "gender": "MALE",
  "spell-book": "ANCIENT",
  "shop-updated": false,
  "shop-earnings": 0,
  "prayer-book": "NORMAL",
  "running": true,
  "run-energy": 100,
  "music": false,
  "sounds": false,
  "auto-retaliate": true,
  "xp-locked": false,
  "veng-cast": false,
  "last-veng": 98773571,
  "fight-type": "SWORD_LUNGE",
  "sol-effect": 0,
  "skull-timer": 0,
  "accept-aid": false,
  "poison-damage": 0,
  "poison-immunity": 0,
  "overload-timer": 0,
  "fire-immunity": 0,
  "fire-damage-mod": 0,
  "prayer-renewal-timer": 0,
  "teleblock-timer": 0,
  "special-amount": 100,
  "entered-gwd-room": true,
  "gwd-altar-delay": 0,
  "gwd-killcount": [
    0,
    0,
    0,
    0
  ],
  "effigy": 5,
  "summon-npc": -1,
  "summon-death": -1,
  "process-farming": false,
  "clanchat": "Help",
  "autocast": false,
  "autocast-spell": -1,
  "dfs-charges": 0,
  "coins-gambled": 0,
  "slayer-master": "DURADEL",
  "slayer-task": "ABERRANT_SPECTRE",
  "prev-slayer-task": "JUNGLE_STRYKEWYRM",
  "task-amount": 27,
  "task-streak": 4,
  "duo-partner": "null",
  "double-slay-xp": false,
  "recoil-deg": 4,
  "brawler-deg": [
    0,
    0,
    0,
    0,
    0,
    0,
    0,
    0,
    0
  ],
  "killed-players": [],
  "killed-gods": [
    false,
    false,
    false,
    false,
    false
  ],
  "barrows-brother": [
    [
      2030,
      0
    ],
    [
      2029,
      0
    ],
    [
      2028,
      0
    ],
    [
      2027,
      0
    ],
    [
      2026,
      0
    ],
    [
      2025,
      0
    ]
  ],
  "random-coffin": 0,
  "barrows-killcount": 0,
  "nomad": [
    true,
    true
  ],
  "recipe-for-disaster": [
    false,
    false,
    false,
    false,
    false,
    false,
    false,
    false,
    false
  ],
  "recipe-for-disaster-wave": 0,
  "dung-items-bound": [
    16181,
    0,
    0,
    0,
    0
  ],
  "rune-ess": 0,
  "pure-ess": 0,
  "has-bank-pin": false,
  "last-pin-attempt": 0,
  "invalid-pin-attempts": 0,
  "bank-pin": [
    0,
    0,
    0,
    0
  ],
  "appearance": [
    0,
    2,
    18,
    26,
    33,
    38,
    42,
    10,
    0,
    0,
    0,
    0,
    0
  ],
  "agility-obj": [
    false,
    false,
    false,
    false,
    false,
    false,
    false
  ],
  "skills": {
    "level": [
      99,
      99,
      99,
      990,
      99,
      530,
      99,
      1,
      1,
      1,
      1,
      19,
      1,
      2,
      29,
      1,
      1,
      1,
      76,
      1,
      1,
      1,
      1,
      1,
      68
    ],
    "maxLevel": [
      99,
      99,
      99,
      990,
      99,
      530,
      99,
      1,
      1,
      1,
      1,
      19,
      1,
      2,
      29,
      1,
      1,
      1,
      76,
      1,
      1,
      1,
      1,
      1,
      68
    ],
    "experience": [
      13148640,
      14148864,
      43398171,
      58619794,
      15800850,
      137840,
      13322829,
      0,
      0,
      0,
      0,
      4125,
      0,
      150,
      13020,
      0,
      0,
      0,
      1383673,
      0,
      0,
      0,
      0,
      0,
      649578
    ]
  },
  "inventory": [
    {
      "id": 12158,
      "amount": 5,
      "slot": 0
    },
    {
      "id": 6,
      "amount": 1,
      "slot": 0
    },
    {
      "id": 561,
      "amount": 552,
      "slot": 0
    },
    {
      "id": 212,
      "amount": 41,
      "slot": 0
    },
    {
      "id": 2,
      "amount": 940,
      "slot": 0
    },
    {
      "id": 8,
      "amount": 1,
      "slot": 0
    },
    {
      "id": 391,
      "amount": 1,
      "slot": 0
    },
    {
      "id": 391,
      "amount": 1,
      "slot": 0
    },
    {
      "id": 560,
      "amount": 100,
      "slot": 0
    },
    {
      "id": 2679,
      "amount": 1,
      "slot": 0
    },
    {
      "id": 7937,
      "amount": 800,
      "slot": 0
    },
    {
      "id": 2685,
      "amount": 1,
      "slot": 0
    },
    {
      "id": 10,
      "amount": 1,
      "slot": 0
    },
    {
      "id": 12163,
      "amount": 2,
      "slot": 0
    },
    {
      "id": 2677,
      "amount": 1,
      "slot": 0
    },
    {
      "id": 12,
      "amount": 1,
      "slot": 0
    },
    {
      "id": 391,
      "amount": 1,
      "slot": 0
    },
    {
      "id": 391,
      "amount": 1,
      "slot": 0
    },
    {
      "id": 391,
      "amount": 1,
      "slot": 0
    },
    {
      "id": 391,
      "amount": 1,
      "slot": 0
    },
    {
      "id": 4151,
      "amount": 1,
      "slot": 0
    },
    {
      "id": -1,
      "amount": 0,
      "slot": 0
    },
    {
      "id": -1,
      "amount": 0,
      "slot": 0
    },
    {
      "id": -1,
      "amount": 0,
      "slot": 0
    },
    {
      "id": -1,
      "amount": 0,
      "slot": 0
    },
    {
      "id": -1,
      "amount": 0,
      "slot": 0
    },
    {
      "id": -1,
      "amount": 0,
      "slot": 0
    },
    {
      "id": -1,
      "amount": 0,
      "slot": 0
    }
  ],
  "equipment": [
    {
      "id": 10828,
      "amount": 1,
      "slot": 0
    },
    {
      "id": 2414,
      "amount": 1,
      "slot": 0
    },
    {
      "id": 6585,
      "amount": 1,
      "slot": 0
    },
    {
      "id": 18349,
      "amount": 1,
      "slot": 0
    },
    {
      "id": 4736,
      "amount": 1,
      "slot": 0
    },
    {
      "id": 6524,
      "amount": 1,
      "slot": 0
    },
    {
      "id": -1,
      "amount": 0,
      "slot": 0
    },
    {
      "id": 2655,
      "amount": 1,
      "slot": 0
    },
    {
      "id": -1,
      "amount": 0,
      "slot": 0
    },
    {
      "id": 7462,
      "amount": 1,
      "slot": 0
    },
    {
      "id": 11732,
      "amount": 1,
      "slot": 0
    },
    {
      "id": -1,
      "amount": 0,
      "slot": 0
    },
    {
      "id": -1,
      "amount": 0,
      "slot": 0
    },
    {
      "id": -1,
      "amount": 0,
      "slot": 0
    }
  ],
  "bank-0": [
    {
      "id": 2440,
      "amount": 99,
      "slot": 0
    },
    {
      "id": 2436,
      "amount": 99,
      "slot": 0
    },
    {
      "id": 2442,
      "amount": 100,
      "slot": 0
    },
    {
      "id": 3024,
      "amount": 396,
      "slot": 0
    },
    {
      "id": 2434,
      "amount": 230,
      "slot": 0
    },
    {
      "id": 391,
      "amount": 2268,
      "slot": 0
    },
    {
      "id": 1381,
      "amount": 6,
      "slot": 0
    },
    {
      "id": 557,
      "amount": 2000,
      "slot": 0
    },
    {
      "id": 10499,
      "amount": 1,
      "slot": 0
    },
    {
      "id": 1191,
      "amount": 1,
      "slot": 0
    },
    {
      "id": 1753,
      "amount": 7,
      "slot": 0
    },
    {
      "id": 561,
      "amount": 598,
      "slot": 0
    },
    {
      "id": 209,
      "amount": 1,
      "slot": 0
    },
    {
      "id": 12158,
      "amount": 30,
      "slot": 0
    },
    {
      "id": 1067,
      "amount": 1,
      "slot": 0
    },
    {
      "id": 1115,
      "amount": 1,
      "slot": 0
    },
    {
      "id": 1153,
      "amount": 1,
      "slot": 0
    },
    {
      "id": 1323,
      "amount": 1,
      "slot": 0
    },
    {
      "id": 12159,
      "amount": 14,
      "slot": 0
    },
    {
      "id": 12160,
      "amount": 6,
      "slot": 0
    },
    {
      "id": 147,
      "amount": 1,
      "slot": 0
    },
    {
      "id": 159,
      "amount": 1,
      "slot": 0
    },
    {
      "id": 6568,
      "amount": 2,
      "slot": 0
    },
    {
      "id": 11818,
      "amount": 1,
      "slot": 0
    },
    {
      "id": 12163,
      "amount": 4,
      "slot": 0
    },
    {
      "id": 564,
      "amount": 1406,
      "slot": 0
    },
    {
      "id": 861,
      "amount": 1,
      "slot": 0
    },
    {
      "id": 882,
      "amount": 498,
      "slot": 0
    },
    {
      "id": 892,
      "amount": 940,
      "slot": 0
    },
    {
      "id": 3026,
      "amount": 1,
      "slot": 0
    },
    {
      "id": 1540,
      "amount": 1,
      "slot": 0
    },
    {
      "id": 4587,
      "amount": 1,
      "slot": 0
    },
    {
      "id": 2361,
      "amount": 1,
      "slot": 0
    },
    {
      "id": 4621,
      "amount": 1,
      "slot": 0
    },
    {
      "id": 2454,
      "amount": 1,
      "slot": 0
    },
    {
      "id": 229,
      "amount": 8,
      "slot": 0
    },
    {
      "id": 1265,
      "amount": 1,
      "slot": 0
    },
    {
      "id": 1448,
      "amount": 1,
      "slot": 0
    },
    {
      "id": 987,
      "amount": 1,
      "slot": 0
    },
    {
      "id": 14667,
      "amount": 43,
      "slot": 0
    },
    {
      "id": 18778,
      "amount": 1,
      "slot": 0
    },
    {
      "id": 143,
      "amount": 1,
      "slot": 0
    },
    {
      "id": 1631,
      "amount": 1,
      "slot": 0
    },
    {
      "id": 1267,
      "amount": 1,
      "slot": 0
    },
    {
      "id": 1275,
      "amount": 1,
      "slot": 0
    },
    {
      "id": 2349,
      "amount": 3,
      "slot": 0
    },
    {
      "id": 1710,
      "amount": 1,
      "slot": 0
    },
    {
      "id": 2653,
      "amount": 1,
      "slot": 0
    },
    {
      "id": 4107,
      "amount": 1,
      "slot": 0
    },
    {
      "id": 4105,
      "amount": 1,
      "slot": 0
    },
    {
      "id": 14497,
      "amount": 1,
      "slot": 0
    },
    {
      "id": 4738,
      "amount": 1,
      "slot": 0
    },
    {
      "id": 4734,
      "amount": 1,
      "slot": 0
    },
    {
      "id": 4732,
      "amount": 1,
      "slot": 0
    },
    {
      "id": 14501,
      "amount": 1,
      "slot": 0
    },
    {
      "id": 14499,
      "amount": 1,
      "slot": 0
    },
    {
      "id": 556,
      "amount": 4864,
      "slot": 0
    },
    {
      "id": 3030,
      "amount": 1,
      "slot": 0
    },
    {
      "id": 566,
      "amount": 4948,
      "slot": 0
    },
    {
      "id": 4153,
      "amount": 1,
      "slot": 0
    },
    {
      "id": 558,
      "amount": 1998,
      "slot": 0
    },
    {
      "id": 555,
      "amount": 964,
      "slot": 0
    },
    {
      "id": 554,
      "amount": 1978,
      "slot": 0
    },
    {
      "id": 560,
      "amount": 4090,
      "slot": 0
    },
    {
      "id": 565,
      "amount": 4457,
      "slot": 0
    },
    {
      "id": 562,
      "amount": 4372,
      "slot": 0
    },
    {
      "id": 995,
      "amount": 77578609,
      "slot": 0
    },
    {
      "id": 2347,
      "amount": 1,
      "slot": 0
    }
  ],
  "bank-1": [],
  "bank-2": [],
  "bank-3": [],
  "bank-4": [],
  "bank-5": [],
  "bank-6": [],
  "bank-7": [],
  "bank-8": [],
  "ge-slots": [
    {
      "state": "EMPTY"
    },
    {
      "state": "EMPTY"
    },
    {
      "state": "EMPTY"
    },
    {
      "state": "EMPTY"
    },
    {
      "state": "EMPTY"
    },
    {
      "state": "EMPTY"
    }
  ],
  "charm-imp": [
    0,
    0,
    0,
    0
  ],
  "friends": [
    321125
  ],
  "ignores": [],
  "loyalty-titles": [
    false,
    false,
    false,
    false,
    false,
    false,
    false,
    false,
    false,
    false,
    false,
    false
  ],
  "kills": [
    {
      "npcName": "Chicken",
      "amount": 2,
      "boss": false
    },
    {
      "npcName": "Green dragon",
      "amount": 8,
      "boss": false
    },
    {
      "npcName": "Experiment",
      "amount": 49,
      "boss": false
    },
    {
      "npcName": "Zombie pirate",
      "amount": 96,
      "boss": false
    },
    {
      "npcName": "Skeleton",
      "amount": 29,
      "boss": false
    },
    {
      "npcName": "Dust devil",
      "amount": 13,
      "boss": false
    },
    {
      "npcName": "Dark wizard",
      "amount": 13,
      "boss": false
    },
    {
      "npcName": "Tower Archer",
      "amount": 42,
      "boss": false
    },
    {
      "npcName": "Wizard",
      "amount": 12,
      "boss": false
    },
    {
      "npcName": "Ghost",
      "amount": 12,
      "boss": false
    },
    {
      "npcName": "Slash Bash",
      "amount": 13,
      "boss": true
    },
    {
      "npcName": "Armoured Zombie",
      "amount": 23,
      "boss": false
    },
    {
      "npcName": "Bandit",
      "amount": 1,
      "boss": false
    },
    {
      "npcName": "Spinolyp",
      "amount": 1,
      "boss": false
    },
    {
      "npcName": "Fire giant",
      "amount": 1,
      "boss": false
    },
    {
      "npcName": "Frost dragon",
      "amount": 2,
      "boss": true
    },
    {
      "npcName": "Man",
      "amount": 3,
      "boss": true
    },
    {
      "npcName": "Phoenix",
      "amount": 1,
      "boss": true
    },
    {
      "npcName": "Nomad",
      "amount": 1,
      "boss": true
    },
    {
      "npcName": "Zombie",
      "amount": 192,
      "boss": false
    },
    {
      "npcName": "Earth warrior",
      "amount": 48,
      "boss": false
    },
    {
      "npcName": "Yak",
      "amount": 35,
      "boss": false
    },
    {
      "npcName": "Rock Crab",
      "amount": 6,
      "boss": false
    },
    {
      "npcName": "Jungle strykewyrm",
      "amount": 30,
      "boss": false
    },
    {
      "npcName": "Crawling Hand",
      "amount": 1,
      "boss": false
    },
    {
      "npcName": "Aberrant spectre",
      "amount": 1,
      "boss": false
    }
  ],
  "drops": [
    {
      "item": 536,
      "amount": 8,
      "rareDrop": false
    },
    {
      "item": 2361,
      "amount": 1,
      "rareDrop": false
    },
    {
      "item": 2485,
      "amount": 2,
      "rareDrop": false
    },
    {
      "item": 526,
      "amount": 55,
      "rareDrop": false
    },
    {
      "item": 18830,
      "amount": 2,
      "rareDrop": false
    },
    {
      "item": 2366,
      "amount": 1,
      "rareDrop": false
    },
    {
      "item": 985,
      "amount": 1,
      "rareDrop": false
    },
    {
      "item": 25,
      "amount": 1,
      "rareDrop": false
    },
    {
      "item": 209,
      "amount": 2,
      "rareDrop": false
    },
    {
      "item": 561,
      "amount": 701,
      "rareDrop": false
    },
    {
      "item": 201,
      "amount": 4,
      "rareDrop": false
    },
    {
      "item": 1753,
      "amount": 8,
      "rareDrop": false
    },
    {
      "item": 215,
      "amount": 4,
      "rareDrop": false
    },
    {
      "item": 1621,
      "amount": 1,
      "rareDrop": false
    },
    {
      "item": 2138,
      "amount": 2,
      "rareDrop": false
    },
    {
      "item": 1353,
      "amount": 1,
      "rareDrop": false
    },
    {
      "item": 1365,
      "amount": 1,
      "rareDrop": false
    },
    {
      "item": 313,
      "amount": 4,
      "rareDrop": false
    },
    {
      "item": 995,
      "amount": 288165,
      "rareDrop": false
    },
    {
      "item": 12163,
      "amount": 6,
      "rareDrop": false
    },
    {
      "item": 12160,
      "amount": 6,
      "rareDrop": false
    },
    {
      "item": 12159,
      "amount": 20,
      "rareDrop": false
    },
    {
      "item": 12158,
      "amount": 46,
      "rareDrop": false
    },
    {
      "item": 592,
      "amount": 1,
      "rareDrop": false
    },
    {
      "item": 4621,
      "amount": 1,
      "rareDrop": false
    },
    {
      "item": 2454,
      "amount": 1,
      "rareDrop": false
    },
    {
      "item": 217,
      "amount": 1,
      "rareDrop": false
    },
    {
      "item": 205,
      "amount": 3,
      "rareDrop": false
    },
    {
      "item": 1440,
      "amount": 2,
      "rareDrop": false
    },
    {
      "item": 213,
      "amount": 1,
      "rareDrop": false
    },
    {
      "item": 1241,
      "amount": 4,
      "rareDrop": false
    },
    {
      "item": 18778,
      "amount": 1,
      "rareDrop": true
    },
    {
      "item": 987,
      "amount": 3,
      "rareDrop": false
    },
    {
      "item": 211,
      "amount": 1,
      "rareDrop": false
    },
    {
      "item": 562,
      "amount": 9,
      "rareDrop": false
    },
    {
      "item": 557,
      "amount": 51,
      "rareDrop": false
    },
    {
      "item": 199,
      "amount": 5,
      "rareDrop": false
    },
    {
      "item": 207,
      "amount": 1,
      "rareDrop": false
    },
    {
      "item": 1385,
      "amount": 2,
      "rareDrop": false
    },
    {
      "item": 3051,
      "amount": 1,
      "rareDrop": false
    },
    {
      "item": 1452,
      "amount": 1,
      "rareDrop": false
    },
    {
      "item": 219,
      "amount": 1,
      "rareDrop": false
    },
    {
      "item": 1149,
      "amount": 2,
      "rareDrop": false
    },
    {
      "item": 1625,
      "amount": 2,
      "rareDrop": false
    },
    {
      "item": 437,
      "amount": 2,
      "rareDrop": false
    },
    {
      "item": 403,
      "amount": 3,
      "rareDrop": false
    },
    {
      "item": 805,
      "amount": 1,
      "rareDrop": false
    },
    {
      "item": 5972,
      "amount": 8,
      "rareDrop": false
    },
    {
      "item": 379,
      "amount": 3,
      "rareDrop": false
    },
    {
      "item": 1369,
      "amount": 3,
      "rareDrop": false
    },
    {
      "item": 212,
      "amount": 41,
      "rareDrop": false
    },
    {
      "item": 5296,
      "amount": 2,
      "rareDrop": false
    },
    {
      "item": 560,
      "amount": 200,
      "rareDrop": false
    },
    {
      "item": 1448,
      "amount": 4,
      "rareDrop": false
    },
    {
      "item": 5280,
      "amount": 2,
      "rareDrop": false
    },
    {
      "item": 5297,
      "amount": 1,
      "rareDrop": false
    },
    {
      "item": 7937,
      "amount": 800,
      "rareDrop": false
    },
    {
      "item": 1442,
      "amount": 1,
      "rareDrop": false
    },
    {
      "item": 5298,
      "amount": 1,
      "rareDrop": false
    },
    {
      "item": 167,
      "amount": 2,
      "rareDrop": false
    },
    {
      "item": 5302,
      "amount": 1,
      "rareDrop": false
    },
    {
      "item": 563,
      "amount": 100,
      "rareDrop": false
    },
    {
      "item": 5300,
      "amount": 1,
      "rareDrop": false
    },
    {
      "item": 1438,
      "amount": 1,
      "rareDrop": false
    },
    {
      "item": 1357,
      "amount": 2,
      "rareDrop": false
    },
    {
      "item": 1446,
      "amount": 1,
      "rareDrop": false
    },
    {
      "item": 5303,
      "amount": 1,
      "rareDrop": false
    },
    {
      "item": 2360,
      "amount": 50,
      "rareDrop": false
    },
    {
      "item": 5281,
      "amount": 1,
      "rareDrop": false
    },
    {
      "item": 1163,
      "amount": 1,
      "rareDrop": false
    }
  ],
  "achievements-completion": [
    false,
    false,
    false,
    false,
    false,
    false,
    false,
    false,
    false,
    false,
    false,
    false,
    false,
    false,
    false,
    false,
    false,
    false,
    false,
    true,
    true,
    true,
    true,
    true,
    true,
    true,
    true,
    true,
    true,
    false,
    false,
    false,
    false,
    false,
    false,
    false,
    false,
    false,
    false,
    false,
    false,
    false,
    false,
    false,
    false,
    false,
    false,
    false,
    false,
    true,
    true,
    true,
    false,
    false,
    false,
    false,
    false,
    true,
    false,
    false,
    false,
    false,
    false,
    false,
    false,
    false,
    false,
    false,
    false,
    false,
    false,
    false,
    false,
    false,
    false,
    false,
    false,
    false,
    false,
    false,
    false,
    false,
    false,
    false,
    false,
    false,
    false,
    false,
    false,
    false,
    false,
    false,
    false,
    false,
    false,
    false,
    false,
    false,
    false,
    false
  ],
  "achievements-progress": [
    935,
    978,
    995,
    0,
    0,
    0,
    0,
    0,
    0,
    0,
    0,
    0,
    0,
    0,
    0,
    0,
    0,
    0,
    0,
    2,
    499,
    99946,
    99971,
    48947,
    0,
    0,
    0,
    0,
    0,
    0,
    0,
    0,
    0,
    0,
    0,
    0,
    0,
    0,
    0,
    2,
    1138,
    0,
    0,
    319660,
    119654,
    48947,
    0,
    0,
    0,
    635,
    20,
    0,
    0
  ],
  "max-cape-colors": [
    65214,
    65200,
    65186,
    62995
  ],
  "player-title": ""
}