[
  {
    "id": 0,
    "name": "Runes Store",
    "items": [
      {
        "id": 556,
        "amount": 1000
      },
      {
        "id": 558,
        "amount": 1000
      },
      {
        "id": 555,
        "amount": 1000
      },
      {
        "id": 554,
        "amount": 1000
      },
      {
        "id": 557,
        "amount": 1000
      },
      {
        "id": 559,
        "amount": 1000
      },
      {
        "id": 564,
        "amount": 1000
      },
      {
        "id": 562,
        "amount": 1000
      },
      {
        "id": 566,
        "amount": 1000
      },
      {
        "id": 9075,
        "amount": 1000
      },
      {
        "id": 563,
        "amount": 1000
      },
      {
        "id": 565,
        "amount": 1000
      },
      {
        "id": 560,
        "amount": 1000
      },
      {
        "id": 565,
        "amount": 1000
      }
    ],
    "currency": 995
  },
  {
    "id": 92,
    "name": "Boss Point store",
    "items": [
      {
        "id": 14008,
        //torva full helm
        "amount": 1000
      },
      {
        "id": 14009,
        //torva platebody
        "amount": 1000
      },
      {
        "id": 14010,
        //torva platelegs
        "amount": 1000
      },
      {
        "id": 14014,
        //virtus mask
        "amount": 1000
      },
      {
        "id": 14015,
        //virtus top
        "amount": 1000
      },
      {
        "id": 14016,
        //virtus robe legs
        "amount": 1000
      },
      {
        "id": 14011,
        //pernix cowl
        "amount": 1000
      },
      {
        "id": 14012,
        //pernix body
        "amount": 1000
      },
      {
        "id": 14013,
        //pernix chaps
        "amount": 1000
      },
      {
        "id": 12601,
        //ring of the gods
        "amount": 1000
      },
      {
        "id": 18782,
        //dragonkin lamp
        "amount": 1000
      },
      {
        "id": 15272,
        //rocktail
        "amount": 1000
      },
      {
        "id": 989,
        //crystal key
        "amount": 1000
      },
      {
        "id": 11718,
        //armadyl helmet
        "amount": 1000
      },
      {
        "id": 11720,
        //armadyl platebody
        "amount": 1000
      },
      {
        "id": 11722,
        //armadyl platelegs
        "amount": 1000
      },
      {
        "id": 11724,
        //bandos chestplate
        "amount": 1000
      },
      {
        "id": 11726,
        //bandos tassets
        "amount": 1000
      },
      {
        "id": 13905,
        //vesta spear
        "amount": 1000
      },
      {
        "id": 13899,
        //vesta longsword
        "amount": 1000
      },
      {
        "id": 13887,
        //vesta chainbody
        "amount": 1000
      },
      {
        "id": 13893,
        //vesta plateskirt
        "amount": 1000
      },
      {
        "id": 13896,
        //statius full helm
        "amount": 1000
      },
      {
        "id": 13884,
        //statius platebody
        "amount": 1000
      },
      {
        "id": 13890,
        //statius plateskirt
        "amount": 1000
      },
      {
        "id": 13932,
        // zuriel robe top
        "amount": 1000
      },
      {
        "id": 13935,
        //zuriel robe bottom
        "amount": 1000
      },
      {
        "id": 13938,
        //zuriel hood
        "amount": 1000
      },
      {
        "id": 20012,
        //trickster helm
        "amount": 1000
      },
      {
        "id": 20010,
        //trickster robe
        "amount": 1000
      },
      {
        "id": 20011,
        //trickster robe legs
        "amount": 1000
      },
      {
        "id": 20020,
        //trickster gloves
        "amount": 1000
      },
      {
        "id": 20019,
        //trickster boots
        "amount": 1000
      },
      {
        "id": 13239,
        //primordial boots
        "amount": 1000
      },
      {
        "id": 12708,
        //pegasian boots
        "amount": 1000
      },
      {
        "id": 13235,
        //eternal boots
        "amount": 1000
      },
      {
        "id": 18902,
        //trident of the swamp
        "amount": 1000
      },
      {
        "id": 20998,
        //twisted bow
        "amount": 1000
      },
      {
        "id": 18899,
        //scythe of vitur
        "amount": 1000
      }
    ],
    "currency": -1
  },
  {
    "id": 1,
    "name": "Magic Equipment Store",
    "items": [
      {
        "id": 1381,
        "amount": 1000
      },
      {
        "id": 1383,
        "amount": 1000
      },
      {
        "id": 1385,
        "amount": 1000
      },
      {
        "id": 1387,
        "amount": 1000
      },
      {
        "id": 4675,
        "amount": 1000
      },
      {
        "id": 4089,
        "amount": 1000
      },
      {
        "id": 4091,
        "amount": 1000
      },
      {
        "id": 4093,
        "amount": 1000
      },
      {
        "id": 4095,
        "amount": 1000
      },
      {
        "id": 4097,
        "amount": 1000
      },
      {
        "id": 4099,
        "amount": 1000
      },
      {
        "id": 4101,
        "amount": 1000
      },
      {
        "id": 4103,
        "amount": 1000
      },
      {
        "id": 4105,
        "amount": 1000
      },
      {
        "id": 4107,
        "amount": 1000
      },
      {
        "id": 4109,
        "amount": 1000
      },
      {
        "id": 4111,
        "amount": 1000
      },
      {
        "id": 4113,
        "amount": 1000
      },
      {
        "id": 4115,
        "amount": 1000
      },
      {
        "id": 4117,
        "amount": 1000
      },
      {
        "id": 14499,
        "amount": 1000
      },
      {
        "id": 14497,
        "amount": 1000
      },
      {
        "id": 14501,
        "amount": 1000
      },
      {
        "id": 2412,
        "amount": 1000
      },
      {
        "id": 2413,
        "amount": 1000
      },
      {
        "id": 2414,
        "amount": 1000
      },
      {
        "id": 9075,
        "amount": 100000000
      },
      {
        "id": 560,
        "amount": 100000000
      },
      {
        "id": 557,
        "amount": 100000000
      },
      {
        "id": 565,
        "amount": 100000000
      },
      {
        "id": 555,
        "amount": 100000000
      },
      {
        "id": 554,
        "amount": 100000000
      },
      {
        "id": 556,
        "amount": 100000000
      },
      {
        "id": 558,
        "amount": 100000000
      },
      {
        "id": 559,
        "amount": 100000000
      },
      {
        "id": 561,
        "amount": 100000000
      },
      {
        "id": 562,
        "amount": 100000000
      },
      {
        "id": 563,
        "amount": 100000000
      },
      {
        "id": 566,
        "amount": 100000000
      },
      {
        "id": 564,
        "amount": 100000000
      }
    ],
    "currency": 995
  },
  {
    "id": 2,
    "name": "Ammunition Store",
    "items": [
      {
        "id": 882,
        "amount": 200000
      },
      {
        "id": 884,
        "amount": 200000
      },
      {
        "id": 886,
        "amount": 200000
      },
      {
        "id": 888,
        "amount": 200000
      },
      {
        "id": 890,
        "amount": 200000
      },
      {
        "id": 892,
        "amount": 200000
      },
      {
        "id": 11212,
        "amount": 200000
      },
      {
        "id": 810,
        "amount": 200000
      },
      {
        "id": 811,
        "amount": 200000
      },
      {
        "id": 11230,
        "amount": 200000
      },
      {
        "id": 877,
        "amount": 200000
      },
      {
        "id": 9140,
        "amount": 200000
      },
      {
        "id": 9141,
        "amount": 200000
      },
      {
        "id": 9142,
        "amount": 200000
      },
      {
        "id": 9143,
        "amount": 200000
      },
      {
        "id": 9144,
        "amount": 200000
      },
      {
        "id": 9240,
        "amount": 200000
      },
      {
        "id": 9241,
        "amount": 200000
      },
      {
        "id": 9242,
        "amount": 200000
      },
      {
        "id": 9243,
        "amount": 200000
      },
      {
        "id": 9341,
        "amount": 200000
      },
      {
        "id": 9244,
        "amount": 200000
      },
      {
        "id": 9245,
        "amount": 200000
      },
      {
        "id": 864,
        "amount": 200000
      },
      {
        "id": 863,
        "amount": 200000
      },
      {
        "id": 865,
        "amount": 200000
      },
      {
        "id": 866,
        "amount": 200000
      },
      {
        "id": 867,
        "amount": 200000
      },
      {
        "id": 868,
        "amount": 200000
      },
      {
        "id": 2,
        "amount": 200000
      },
      {
        "id": 4740,
        "amount": 200000
      },
      {
        "id": 15243,
        "amount": 200000
      }
    ],
    "currency": 995
  },
  {
    "id": 3,
    "name": "Range shop",
    "items": [
      {
        "id": 882,
        "amount": 100000000
      },
      {
        "id": 884,
        "amount": 100000000
      },
      {
        "id": 886,
        "amount": 100000000
      },
      {
        "id": 888,
        "amount": 100000000
      },
      {
        "id": 890,
        "amount": 100000000
      },
      {
        "id": 892,
        "amount": 100000000
      },
      {
        "id": 11212,
        "amount": 100000000
      },
      {
        "id": 9142,
        "amount": 100000000
      },
      {
        "id": 9143,
        "amount": 100000000
      },
      {
        "id": 9144,
        "amount": 100000000
      },
      {
        "id": 9242,
        "amount": 100000000
      },
      {
        "id": 9244,
        "amount": 100000000
      },
      {
        "id": 9245,
        "amount": 100000000
      },
      {
        "id": 867,
        "amount": 100000000
      },
      {
        "id": 868,
        "amount": 100000000
      },
      {
        "id": 810,
        "amount": 100000000
      },
      {
        "id": 811,
        "amount": 100000000
      },
      {
        "id": 11230,
        "amount": 100000000
      },
      {
        "id": 15243,
        "amount": 100000000
      },
      {
        "id": 10499,
        "amount": 1000
      },
      {
        "id": 841,
        "amount": 1000
      },
      {
        "id": 853,
        "amount": 1000
      },
      {
        "id": 861,
        "amount": 1000
      },
      {
        "id": 9185,
        "amount": 1000
      },
      {
        "id": 1129,
        "amount": 1000
      },
      {
        "id": 6326,
        "amount": 1000
      },
      {
        "id": 6322,
        "amount": 1000
      },
      {
        "id": 6324,
        "amount": 1000
      },
      {
        "id": 6328,
        "amount": 1000
      },
      {
        "id": 3749,
        "amount": 1000
      },
      {
        "id": 2499,
        "amount": 1000
      },
      {
        "id": 2493,
        "amount": 1000
      },
      {
        "id": 2487,
        "amount": 1000
      },
      {
        "id": 2501,
        "amount": 1000
      },
      {
        "id": 2495,
        "amount": 1000
      },
      {
        "id": 2489,
        "amount": 1000
      },
      {
        "id": 2503,
        "amount": 1000
      },
      {
        "id": 2497,
        "amount": 1000
      },
      {
        "id": 2491,
        "amount": 1000
      }
    ],
    "currency": 995
  },
  {
    "id": 4,
    "name": "Melee Equipment Store",
    "items": [
      {
        "id": 1153,
        "amount": 1000
      },
      {
        "id": 1157,
        "amount": 1000
      },
      {
        "id": 1165,
        "amount": 1000
      },
      {
        "id": 1159,
        "amount": 1000
      },
      {
        "id": 1161,
        "amount": 1000
      },
      {
        "id": 1163,
        "amount": 1000
      },
      {
        "id": 5574,
        "amount": 1000
      },
      {
        "id": 5575,
        "amount": 1000
      },
      {
        "id": 5576,
        "amount": 1000
      },
      {
        "id": 10828,
        "amount": 1000
      },
      {
        "id": 1115,
        "amount": 1000
      },
      {
        "id": 1119,
        "amount": 1000
      },
      {
        "id": 1125,
        "amount": 1000
      },
      {
        "id": 1121,
        "amount": 1000
      },
      {
        "id": 1123,
        "amount": 1000
      },
      {
        "id": 1127,
        "amount": 1000
      },
      {
        "id": 14494,
        "amount": 1000
      },
      {
        "id": 14492,
        "amount": 1000
      },
      {
        "id": 14490,
        "amount": 1000
      },
      {
        "id": 3751,
        "amount": 1000
      },
      {
        "id": 1067,
        "amount": 1000
      },
      {
        "id": 1069,
        "amount": 1000
      },
      {
        "id": 1077,
        "amount": 1000
      },
      {
        "id": 1071,
        "amount": 1000
      },
      {
        "id": 1073,
        "amount": 1000
      },
      {
        "id": 1079,
        "amount": 1000
      },
      {
        "id": 6128,
        "amount": 1000
      },
      {
        "id": 6129,
        "amount": 1000
      },
      {
        "id": 6130,
        "amount": 1000
      },
      {
        "id": 3753,
        "amount": 1000
      },
      {
        "id": 1191,
        "amount": 1000
      },
      {
        "id": 1193,
        "amount": 1000
      },
      {
        "id": 1195,
        "amount": 1000
      },
      {
        "id": 1197,
        "amount": 1000
      },
      {
        "id": 1199,
        "amount": 1000
      },
      {
        "id": 1201,
        "amount": 1000
      },
      {
        "id": 10589,
        "amount": 1000
      },
      {
        "id": 10564,
        "amount": 1000
      },
      {
        "id": 6809,
        "amount": 1000
      }
    ],
    "currency": 995
  },
  {
    "id": 5,
    "name": "Melee shop",
    "items": [
      {
        "id": 1323,
        "amount": 1000
      },
      {
        "id": 1333,
        "amount": 1000
      },
      {
        "id": 4587,
        "amount": 1000
      },
      {
        "id": 3204,
        "amount": 1000
      },
      {
        "id": 1305,
        "amount": 1000
      },
      {
        "id": 5698,
        "amount": 1000
      },
      {
        "id": 1377,
        "amount": 1000
      },
      {
        "id": 6528,
        "amount": 1000
      },
      {
        "id": 4153,
        "amount": 1000
      },
      {
        "id": 13734,
        "amount": 1000
      },
      {
        "id": 11818,
        "amount": 1000
      },
      {
        "id": 1163,
        "amount": 1000
      },
      {
        "id": 1127,
        "amount": 1000
      },
      {
        "id": 1079,
        "amount": 1000
      },
      {
        "id": 1201,
        "amount": 1000
      },
      {
        "id": 11838,
        "amount": 1000
      },
      {
        "id": 6524,
        "amount": 1000
      },
      {
        "id": 4131,
        "amount": 1000
      },
      {
        "id": 1540,
        "amount": 1000
      },
      {
        "id": 1725,
        "amount": 1000
      },
      {
        "id": 1712,
        "amount": 1000
      },
      {
        "id": 11126,
        "amount": 1000
      },
      {
        "id": 10828,
        "amount": 1000
      },
      {
        "id": 3751,
        "amount": 1000
      },
      {
        "id": 7462,
        "amount": 1000
      },
      {
        "id": 4151,
        "amount": 1000
      },
      {
        "id": 15441,
        "amount": 1000
      },
      {
        "id": 15442,
        "amount": 1000
      },
      {
        "id": 15443,
        "amount": 1000
      },
      {
        "id": 15444,
        "amount": 1000
      }
    ],
    "currency": 995
  },
  {
    "id": 6,
    "name": "Consumables Store",
    "items": [
      {
        "id": 379,
        "amount": 100000000
      },
      {
        "id": 373,
        "amount": 100000000
      },
      {
        "id": 7946,
        "amount": 100000000
      },
      {
        "id": 385,
        "amount": 100000000
      },
      {
        "id": 391,
        "amount": 100000000
      },
      {
        "id": 3144,
        "amount": 100000000
      },
      {
        "id": 15332,
        "amount": 100000000
      },
      {
        "id": 2442,
        "amount": 100000000
      },
      {
        "id": 2436,
        "amount": 100000000
      },
      {
        "id": 2440,
        "amount": 100000000
      },
      {
        "id": 2444,
        "amount": 100000000
      },
      {
        "id": 3040,
        "amount": 100000000
      },
      {
        "id": 6685,
        "amount": 100000000
      },
      {
        "id": 2452,
        "amount": 100000000
      },
      {
        "id": 3024,
        "amount": 100000000
      },
      {
        "id": 2434,
        "amount": 100000000
      },
      {
        "id": 2446,
        "amount": 100000000
      },
      {
        "id": 380,
        "amount": 100000000
      },
      {
        "id": 374,
        "amount": 100000000
      },
      {
        "id": 7947,
        "amount": 100000000
      },
      {
        "id": 386,
        "amount": 100000000
      },
      {
        "id": 392,
        "amount": 100000000
      },
      {
        "id": 3145,
        "amount": 100000000
      },
      {
        "id": 2443,
        "amount": 100000000
      },
      {
        "id": 2437,
        "amount": 100000000
      },
      {
        "id": 2441,
        "amount": 100000000
      },
      {
        "id": 2445,
        "amount": 100000000
      },
      {
        "id": 3041,
        "amount": 100000000
      },
      {
        "id": 6686,
        "amount": 100000000
      },
      {
        "id": 2453,
        "amount": 100000000
      },
      {
        "id": 3025,
        "amount": 100000000
      },
      {
        "id": 2435,
        "amount": 100000000
      },
      {
        "id": 2447,
        "amount": 100000000
      }
    ],
    "currency": 995
  },
  {
    "id": 7,
    "name": "Jewelries Store",
    "items": [
      {
        "id": 1009,
        "amount": 1000
      },
      {
        "id": 1796,
        "amount": 1000
      },
      {
        "id": 1654,
        "amount": 1000
      },
      {
        "id": 1656,
        "amount": 1000
      },
      {
        "id": 1658,
        "amount": 1000
      },
      {
        "id": 1712,
        "amount": 1000
      },
      {
        "id": 1710,
        "amount": 1000
      },
      {
        "id": 1708,
        "amount": 1000
      },
      {
        "id": 1706,
        "amount": 1000
      },
      {
        "id": 1731,
        "amount": 1000
      },
      {
        "id": 1725,
        "amount": 1000
      },
      {
        "id": 1729,
        "amount": 1000
      },
      {
        "id": 1727,
        "amount": 1000
      },
      {
        "id": 1478,
        "amount": 1000
      },
      {
        "id": 15126,
        "amount": 1000
      },
      {
        "id": 1635,
        "amount": 1000
      },
      {
        "id": 1637,
        "amount": 1000
      },
      {
        "id": 1639,
        "amount": 1000
      },
      {
        "id": 1641,
        "amount": 1000
      },
      {
        "id": 1643,
        "amount": 1000
      },
      {
        "id": 2550,
        "amount": 1000
      },
      {
        "id": 2570,
        "amount": 1000
      },
      {
        "id": 11118,
        "amount": 1000
      },
      {
        "id": 11133,
        "amount": 1000
      },
      {
        "id": 6585,
        "amount": 1000
      }
    ],
    "currency": 995
  },
  {
    "id": 8,
    "name": "Skillcape Hood Store",
    "items": [
      {
        "id": 9749,
        "amount": 1000
      },
      {
        "id": 9755,
        "amount": 1000
      },
      {
        "id": 9752,
        "amount": 1000
      },
      {
        "id": 9770,
        "amount": 1000
      },
      {
        "id": 9758,
        "amount": 1000
      },
      {
        "id": 9761,
        "amount": 1000
      },
      {
        "id": 9764,
        "amount": 1000
      },
      {
        "id": 9803,
        "amount": 1000
      },
      {
        "id": 9809,
        "amount": 1000
      },
      {
        "id": 9785,
        "amount": 1000
      },
      {
        "id": 9800,
        "amount": 1000
      },
      {
        "id": 9806,
        "amount": 1000
      },
      {
        "id": 9782,
        "amount": 1000
      },
      {
        "id": 9797,
        "amount": 1000
      },
      {
        "id": 9794,
        "amount": 1000
      },
      {
        "id": 9776,
        "amount": 1000
      },
      {
        "id": 9773,
        "amount": 1000
      },
      {
        "id": 9779,
        "amount": 1000
      },
      {
        "id": 9788,
        "amount": 1000
      },
      {
        "id": 9812,
        "amount": 1000
      },
      {
        "id": 9767,
        "amount": 1000
      },
      {
        "id": 9791,
        "amount": 1000
      },
      {
        "id": 9950,
        "amount": 1000
      },
      {
        "id": 12171,
        "amount": 1000
      },
      {
        "id": 18510,
        "amount": 1000
      }
    ],
    "currency": 995
  },
  {
    "id": 9,
    "name": "Skillcape Store",
    "items": [
      {
        "id": 9747,
        "amount": 1000
      },
      {
        "id": 9753,
        "amount": 1000
      },
      {
        "id": 9750,
        "amount": 1000
      },
      {
        "id": 9768,
        "amount": 1000
      },
      {
        "id": 9756,
        "amount": 1000
      },
      {
        "id": 9759,
        "amount": 1000
      },
      {
        "id": 9762,
        "amount": 1000
      },
      {
        "id": 9801,
        "amount": 1000
      },
      {
        "id": 9807,
        "amount": 1000
      },
      {
        "id": 9783,
        "amount": 1000
      },
      {
        "id": 9798,
        "amount": 1000
      },
      {
        "id": 9804,
        "amount": 1000
      },
      {
        "id": 9780,
        "amount": 1000
      },
      {
        "id": 9795,
        "amount": 1000
      },
      {
        "id": 9792,
        "amount": 1000
      },
      {
        "id": 9774,
        "amount": 1000
      },
      {
        "id": 9771,
        "amount": 1000
      },
      {
        "id": 9777,
        "amount": 1000
      },
      {
        "id": 9786,
        "amount": 1000
      },
      {
        "id": 9810,
        "amount": 1000
      },
      {
        "id": 9765,
        "amount": 1000
      },
      {
        "id": 9789,
        "amount": 1000
      },
      {
        "id": 9948,
        "amount": 1000
      },
      {
        "id": 12169,
        "amount": 1000
      },
      {
        "id": 18508,
        "amount": 1000
      }
    ],
    "currency": 995
  },
  {
    "id": 10,
    "name": "Skillcape (t) Store",
    "items": [
      {
        "id": 9748,
        "amount": 1000
      },
      {
        "id": 9754,
        "amount": 1000
      },
      {
        "id": 9751,
        "amount": 1000
      },
      {
        "id": 9769,
        "amount": 1000
      },
      {
        "id": 9757,
        "amount": 1000
      },
      {
        "id": 9760,
        "amount": 1000
      },
      {
        "id": 9763,
        "amount": 1000
      },
      {
        "id": 9802,
        "amount": 1000
      },
      {
        "id": 9808,
        "amount": 1000
      },
      {
        "id": 9784,
        "amount": 1000
      },
      {
        "id": 9799,
        "amount": 1000
      },
      {
        "id": 9805,
        "amount": 1000
      },
      {
        "id": 9781,
        "amount": 1000
      },
      {
        "id": 9796,
        "amount": 1000
      },
      {
        "id": 9793,
        "amount": 1000
      },
      {
        "id": 9775,
        "amount": 1000
      },
      {
        "id": 9772,
        "amount": 1000
      },
      {
        "id": 9778,
        "amount": 1000
      },
      {
        "id": 9787,
        "amount": 1000
      },
      {
        "id": 9811,
        "amount": 1000
      },
      {
        "id": 9766,
        "amount": 1000
      },
      {
        "id": 9790,
        "amount": 1000
      },
      {
        "id": 9949,
        "amount": 1000
      },
      {
        "id": 12170,
        "amount": 1000
      },
      {
        "id": 18509,
        "amount": 1000
      }
    ],
    "currency": 995
  },
  {
    "id": 11,
    "name": "Merchant's Store",
    "items": [
      {
        "id": 18199,
        "amount": 1000
      },
      {
        "id": 15009,
        "amount": 1000
      },
      {
        "id": 17401,
        "amount": 1000
      },
      {
        "id": 1389,
        "amount": 1000
      },
      {
        "id": 11998,
        "amount": 1000
      }
    ],
    "currency": 995
  },
  {
    "id": 12,
    "name": "General store",
    "items": [],
    "currency": 995
  },
  {
    "id": 13,
    "name": "Mining Instructors Store",
    "items": [
      {
        "id": 1597,
        "amount": 1000
      },
      {
        "id": 1759,
        "amount": 1000
      },
      {
        "id": 1265,
        "amount": 1000
      },
      {
        "id": 1267,
        "amount": 1000
      },
      {
        "id": 1269,
        "amount": 1000
      },
      {
        "id": 1273,
        "amount": 1000
      },
      {
        "id": 1271,
        "amount": 1000
      },
      {
        "id": 1275,
        "amount": 1000
      },
      {
        "id": 15259,
        "amount": 1000
      },
      {
        "id": 2347,
        "amount": 1000
      }
    ],
    "currency": 995
  },
  {
    "id": 14,
    "name": "Wilfred's Items",
    "items": [
      {
        "id": 1349,
        //iron axe
        "amount": 1000
      },
      {
        "id": 1353,
        //steel axe
        "amount": 1000
      },
      {
        "id": 1355,
        //mithril axe
        "amount": 1000
      },
      {
        "id": 1357,
        //adamant axe
        "amount": 1000
      },
      {
        "id": 1359,
        //rune axe
        "amount": 1000
      },
      {
        "id": 6739,
        //dragon axe
        "amount": 1000
      },
      {
        "id": 590,
        //tinderbox
        "amount": 1000
      },
      {
        "id": 946,
        //knife
        "amount": 1000
      },
      {
        "id": 52,
        //arrow shaft
        "amount": 100000
      },
      {
        "id": 314,
        //feather
        "amount": 100000
      }
    ],
    "currency": 995
  },
  {
    "id": 15,
    "name": "Ignatius Vulcan's Items",
    "items": [
      {
        "id": 590,
        "amount": 1000
      }
    ],
    "currency": 995
  },
  {
    "id": 16,
    "name": "Cook's Items",
    "items": [
      {
        "id": 317,
        "amount": 1000
      },
      {
        "id": 335,
        "amount": 1000
      },
      {
        "id": 377,
        "amount": 1000
      },
      {
        "id": 7944,
        "amount": 1000
      },
      {
        "id": 383,
        "amount": 1000
      },
      {
        "id": 395,
        "amount": 1000
      },
      {
        "id": 389,
        "amount": 1000
      },
      {
        "id": 15270,
        "amount": 1000
      }
    ],
    "currency": 995
  },
  {
    "id": 17,
    "name": "Brother Jered's Items",
    "items": [
      {
        "id": 544,
        "amount": 1000
      },
      {
        "id": 542,
        "amount": 1000
      },
      {
        "id": 526,
        "amount": 1000
      }
    ],
    "currency": 995
  },
  {
    "id": 18,
    "name": "Master Fisher's Items",
    "items": [
      {
        "id": 303,
        "amount": 1000
      },
      {
        "id": 305,
        "amount": 1000
      },
      {
        "id": 307,
        "amount": 1000
      },
      {
        "id": 309,
        "amount": 1000
      },
      {
        "id": 301,
        "amount": 1000
      },
      {
        "id": 311,
        "amount": 1000
      },
      {
        "id": 313,
        "amount": 100000000
      },
      {
        "id": 314,
        "amount": 100000000
      },
      {
        "id": 25,
        "amount": 100000000
      },
      {
        "id": 15263,
        "amount": 100000000
      }
    ],
    "currency": 995
  },
  {
    "id": 19,
    "name": "PvP Pure Store",
    "items": [
      {
        "id": 6528,
        "amount": 1000
      },
      {
        "id": 4587,
        "amount": 1000
      },
      {
        "id": 1215,
        "amount": 1000
      },
      {
        "id": 868,
        "amount": 1000
      },
      {
        "id": 9185,
        "amount": 1000
      },
      {
        "id": 861,
        "amount": 1000
      },
      {
        "id": 892,
        "amount": 100000000
      },
      {
        "id": 1383,
        "amount": 1000
      },
      {
        "id": 4675,
        "amount": 1000
      },
      {
        "id": 1540,
        "amount": 1000
      },
      {
        "id": 542,
        "amount": 1000
      },
      {
        "id": 544,
        "amount": 1000
      },
      {
        "id": 1153,
        "amount": 1000
      },
      {
        "id": 1115,
        "amount": 1000
      },
      {
        "id": 1067,
        "amount": 1000
      },
      {
        "id": 1081,
        "amount": 1000
      },
      {
        "id": 1169,
        "amount": 1000
      },
      {
        "id": 1129,
        "amount": 1000
      },
      {
        "id": 2497,
        "amount": 1000
      },
      {
        "id": 10499,
        "amount": 1000
      },
      {
        "id": 6109,
        "amount": 1000
      },
      {
        "id": 6107,
        "amount": 1000
      },
      {
        "id": 6108,
        "amount": 1000
      },
      {
        "id": 6111,
        "amount": 1000
      },
      {
        "id": 6110,
        "amount": 1000
      },
      {
        "id": 6106,
        "amount": 1000
      },
      {
        "id": 11090,
        "amount": 1000
      },
      {
        "id": 9672,
        "amount": 1000
      },
      {
        "id": 9674,
        "amount": 1000
      },
      {
        "id": 9676,
        "amount": 1000
      },
      {
        "id": 3840,
        "amount": 1000
      },
      {
        "id": 3844,
        "amount": 1000
      },
      {
        "id": 3842,
        "amount": 1000
      },
      {
        "id": 3105,
        "amount": 1000
      },
      {
        "id": 2550,
        "amount": 1000
      },
      {
        "id": 1704,
        "amount": 1000
      },
      {
        "id": 1725,
        "amount": 1000
      },
      {
        "id": 11118,
        "amount": 1000
      },
      {
        "id": 6568,
        "amount": 1000
      }
    ],
    "currency": 995
  },
  {
    "id": 20,
    "name": "Fancy Clothing Store",
    "items": [
      {
        "id": 1949,
        "amount": 1000
      },
      {
        "id": 660,
        "amount": 1000
      },
      {
        "id": 664,
        "amount": 1000
      },
      {
        "id": 662,
        "amount": 1000
      },
      {
        "id": 658,
        "amount": 1000
      },
      {
        "id": 656,
        "amount": 1000
      },
      {
        "id": 3057,
        "amount": 1000
      },
      {
        "id": 3058,
        "amount": 1000
      },
      {
        "id": 3059,
        "amount": 1000
      },
      {
        "id": 3060,
        "amount": 1000
      },
      {
        "id": 3061,
        "amount": 1000
      },
      {
        "id": 640,
        "amount": 1000
      },
      {
        "id": 644,
        "amount": 1000
      },
      {
        "id": 642,
        "amount": 1000
      },
      {
        "id": 638,
        "amount": 1000
      },
      {
        "id": 636,
        "amount": 1000
      },
      {
        "id": 6656,
        "amount": 1000
      },
      {
        "id": 6654,
        "amount": 1000
      },
      {
        "id": 6655,
        "amount": 1000
      },
      {
        "id": 1059,
        "amount": 1000
      },
      {
        "id": 1061,
        "amount": 1000
      },
      {
        "id": 650,
        "amount": 1000
      },
      {
        "id": 654,
        "amount": 1000
      },
      {
        "id": 652,
        "amount": 1000
      },
      {
        "id": 648,
        "amount": 1000
      },
      {
        "id": 646,
        "amount": 1000
      },
      {
        "id": 1007,
        "amount": 1000
      },
      {
        "id": 1027,
        "amount": 1000
      },
      {
        "id": 1021,
        "amount": 1000
      },
      {
        "id": 1029,
        "amount": 1000
      },
      {
        "id": 1023,
        "amount": 1000
      }
    ],
    "currency": 995
  },
  {
    "id": 21,
    "name": "Master Farmer's Items",
    "items": [
      {
        "id": 952,
        "amount": 1000
      },
      {
        "id": 5341,
        "amount": 1000
      },
      {
        "id": 5343,
        "amount": 1000
      },
      {
        "id": 5329,
        "amount": 1000
      },
      {
        "id": 5340,
        "amount": 100000
      },
      {
        "id": 5291,
        "amount": 100000
      },
      {
        "id": 5292,
        "amount": 100000
      },
      {
        "id": 5293,
        "amount": 100000
      },
      {
        "id": 5294,
        "amount": 100000
      },
      {
        "id": 5295,
        "amount": 100000
      },
      {
        "id": 5296,
        "amount": 100000
      },
      {
        "id": 5297,
        "amount": 100000
      },
      {
        "id": 5298,
        "amount": 100000
      },
      {
        "id": 5299,
        "amount": 100000
      },
      {
        "id": 5300,
        "amount": 100000
      },
      {
        "id": 5301,
        "amount": 100000
      },
      {
        "id": 5302,
        "amount": 100000
      },
      {
        "id": 5303,
        "amount": 100000
      },
      {
        "id": 5304,
        "amount": 100000
      },
      {
        "id": 5318,
        "amount": 100000
      },
      {
        "id": 5096,
        "amount": 100000
      },
      {
        "id": 5319,
        "amount": 100000
      },
      {
        "id": 5324,
        "amount": 100000
      },
      {
        "id": 5322,
        "amount": 100000
      },
      {
        "id": 5320,
        "amount": 100000
      },
      {
        "id": 5323,
        "amount": 100000
      },
      {
        "id": 5097,
        "amount": 100000
      },
      {
        "id": 5098,
        "amount": 100000
      },
      {
        "id": 5099,
        "amount": 100000
      },
      {
        "id": 5100,
        "amount": 100000
      },
      {
        "id": 14589,
        "amount": 100000
      }
    ],
    "currency": 995
  },
  {
    "id": 22,
    "name": "Pikkupstix's Materials I",
    "items": [
      {
        "id": 12155,
        "amount": 200000
      },
      {
        "id": 18016,
        "amount": 20000000
      },
      {
        "id": 15262,
        "amount": 20000000
      },
      {
        "id": 2859,
        "amount": 200000
      },
      {
        "id": 6291,
        "amount": 200000
      },
      {
        "id": 3363,
        "amount": 200000
      },
      {
        "id": 6319,
        "amount": 200000
      },
      {
        "id": 1783,
        "amount": 200000
      },
      {
        "id": 3095,
        "amount": 200000
      },
      {
        "id": 12168,
        "amount": 200000
      },
      {
        "id": 2134,
        "amount": 200000
      },
      {
        "id": 3138,
        "amount": 200000
      },
      {
        "id": 6032,
        "amount": 200000
      },
      {
        "id": 9976,
        "amount": 200000
      },
      {
        "id": 3325,
        "amount": 200000
      },
      {
        "id": 12156,
        "amount": 200000
      },
      {
        "id": 12164,
        "amount": 200000
      },
      {
        "id": 12166,
        "amount": 200000
      },
      {
        "id": 12167,
        "amount": 200000
      },
      {
        "id": 12165,
        "amount": 200000
      },
      {
        "id": 6010,
        "amount": 200000
      },
      {
        "id": 12153,
        "amount": 200000
      },
      {
        "id": 8431,
        "amount": 200000
      },
      {
        "id": 2150,
        "amount": 200000
      },
      {
        "id": 7939,
        "amount": 200000
      }
    ],
    "currency": 995
  },
  {
    "id": 23,
    "name": "Pikkupstix's Materials II",
    "items": [
      {
        "id": 1963,
        "amount": 200000
      },
      {
        "id": 1933,
        "amount": 200000
      },
      {
        "id": 10117,
        "amount": 200000
      },
      {
        "id": 14616,
        "amount": 200000
      },
      {
        "id": 6979,
        "amount": 200000
      },
      {
        "id": 2460,
        "amount": 200000
      },
      {
        "id": 10020,
        "amount": 200000
      },
      {
        "id": 12162,
        "amount": 200000
      },
      {
        "id": 5933,
        "amount": 200000
      },
      {
        "id": 1442,
        "amount": 200000
      },
      {
        "id": 1440,
        "amount": 200000
      },
      {
        "id": 1438,
        "amount": 200000
      },
      {
        "id": 1444,
        "amount": 200000
      },
      {
        "id": 571,
        "amount": 200000
      },
      {
        "id": 6155,
        "amount": 200000
      },
      {
        "id": 10149,
        "amount": 200000
      },
      {
        "id": 237,
        "amount": 200000
      },
      {
        "id": 3226,
        "amount": 200000
      },
      {
        "id": 1115,
        "amount": 200000
      },
      {
        "id": 1119,
        "amount": 200000
      },
      {
        "id": 10818,
        "amount": 200000
      },
      {
        "id": 12111,
        "amount": 200000
      },
      {
        "id": 12113,
        "amount": 200000
      },
      {
        "id": 12115,
        "amount": 200000
      },
      {
        "id": 12117,
        "amount": 200000
      },
      {
        "id": 12119,
        "amount": 200000
      },
      {
        "id": 12121,
        "amount": 200000
      },
      {
        "id": 590,
        "amount": 200000
      },
      {
        "id": 1635,
        "amount": 200000
      },
      {
        "id": 2132,
        "amount": 200000
      },
      {
        "id": 9978,
        "amount": 200000
      },
      {
        "id": 1937,
        "amount": 200000
      }
    ],
    "currency": 995
  },
  {
    "id": 24,
    "name": "Member Store I",
    "items": [
      {
        "id": 18351,
        "amount": 1000
      },
      {
        "id": 18349,
        "amount": 1000
      },
      {
        "id": 18353,
        "amount": 1000
      },
      {
        "id": 18355,
        "amount": 1000
      },
      {
        "id": 18357,
        "amount": 1000
      },
      {
        "id": 18359,
        "amount": 1000
      },
      {
        "id": 18363,
        "amount": 1000
      },
      {
        "id": 18361,
        "amount": 1000
      },
      {
        "id": 18335,
        "amount": 1000
      },
      {
        "id": 18337,
        "amount": 1000
      },
      {
        "id": 11696,
        "amount": 1000
      },
      {
        "id": 11700,
        "amount": 1000
      },
      {
        "id": 11698,
        "amount": 1000
      },
      {
        "id": 11694,
        "amount": 1000
      },
      {
        "id": -1,
        "amount": 1000
      },
      {
        "id": 11718,
        "amount": 1000
      },
      {
        "id": 11718,
        "amount": 1000
      },
      {
        "id": 11720,
        "amount": 1000
      },
      {
        "id": 11722,
        "amount": 1000
      },
      {
        "id": 11724,
        "amount": 1000
      },
      {
        "id": 11726,
        "amount": 1000
      },
      {
        "id": 11728,
        "amount": 1000
      },
      {
        "id": 15486,
        "amount": 1000
      },
      {
        "id": 17273,
        "amount": 1000
      },
      {
        "id": 19111,
        "amount": 1000
      },
      {
        "id": 11730,
        "amount": 1000
      },
      {
        "id": 14484,
        "amount": 1000
      },
      {
        "id": 19780,
        "amount": 1000
      },
      {
        "id": 11858,
        "amount": 1000
      },
      {
        "id": 11860,
        "amount": 1000
      },
      {
        "id": 11862,
        "amount": 1000
      }
    ],
    "currency": -1
  },
  {
    "id": 25,
    "name": "Member Store II",
    "items": [
      {
        "id": 962,
        "amount": 1000
      },
      {
        "id": 1048,
        "amount": 1000
      },
      {
        "id": 1042,
        "amount": 1000
      },
      {
        "id": 1046,
        "amount": 1000
      },
      {
        "id": 1044,
        "amount": 1000
      },
      {
        "id": 1040,
        "amount": 1000
      },
      {
        "id": 1038,
        "amount": 1000
      },
      {
        "id": 1055,
        "amount": 1000
      },
      {
        "id": 1053,
        "amount": 1000
      },
      {
        "id": 1057,
        "amount": 1000
      },
      {
        "id": 1050,
        "amount": 1000
      },
      {
        "id": 13744,
        "amount": 1000
      },
      {
        "id": 13738,
        "amount": 1000
      },
      {
        "id": 13742,
        "amount": 1000
      },
      {
        "id": 13740,
        "amount": 1000
      },
      {
        "id": 15018,
        "amount": 1000
      },
      {
        "id": 15020,
        "amount": 1000
      },
      {
        "id": 15220,
        "amount": 1000
      },
      {
        "id": 6585,
        "amount": 1000
      },
      {
        "id": 15441,
        "amount": 1000
      },
      {
        "id": 15442,
        "amount": 1000
      },
      {
        "id": 15443,
        "amount": 1000
      },
      {
        "id": 15444,
        "amount": 1000
      },
      {
        "id": 20000,
        "amount": 1000
      },
      {
        "id": 20001,
        "amount": 1000
      },
      {
        "id": 20002,
        "amount": 1000
      },
      {
        "id": 11235,
        "amount": 1000
      }
    ],
    "currency": -1
  },
  {
    "id": 26,
    "name": "Pk Points Store",
    "items": [
      {
        "id": 6570,
        "amount": 1000
      },
      {
        "id": 20072,
        "amount": 1000
      },
      {
        "id": 15241,
        "amount": 1000
      },
      {
        "id": 14484,
        "amount": 1000
      },
      {
        "id": 19780,
        "amount": 1000
      },
      {
        "id": 20555,
        "amount": 1000
      },
      {
        "id": 13887,
        "amount": 1000
      },
      {
        "id": 13893,
        "amount": 1000
      },
      {
        "id": 13896,
        "amount": 1000
      },
      {
        "id": 13884,
        "amount": 1000
      },
      {
        "id": 13890,
        "amount": 1000
      },
      {
        "id": 10550,
        "amount": 1000
      },
      {
        "id": 10548,
        "amount": 1000
      },
      {
        "id": 10551,
        "amount": 1000
      },
      {
        "id": 11283,
        "amount": 1000
      },
      {
        "id": 20000,
        "amount": 1000
      },
      {
        "id": 20001,
        "amount": 1000
      },
      {
        "id": 20002,
        "amount": 1000
      },
      {
        "id": 11235,
        "amount": 1000
      },
      {
        "id": 12926,
        "amount": 1000
      },
      {
        "id": 4151,
        "amount": 1000
      },
      {
        "id": 2581,
        "amount": 1000
      },
      {
        "id": 2577,
        "amount": 1000
      },
      {
        "id": 15486,
        "amount": 1000
      },
      {
        "id": 11696,
        "amount": 1000
      },
      {
        "id": 11698,
        "amount": 1000
      },
      {
        "id": 11700,
        "amount": 1000
      },
      {
        "id": 11694,
        "amount": 1000
      },
      {
        "id": 11730,
        "amount": 1000
      },
      {
        "id": 15018,
        "amount": 1000
      },
      {
        "id": 15019,
        "amount": 1000
      },
      {
        "id": 15020,
        "amount": 1000
      },
      {
        "id": 15220,
        "amount": 1000
      }
    ],
    "currency": -1
  },
  {
    "id": 27,
    "name": "Voting Rewards Store",
    "items": [
      {
        "id": 6199,
        "amount": 10000
      },
      {
        "id": 14004,
        "amount": 10000
      },
      {
        "id": 14005,
        "amount": 10000
      },
      {
        "id": 14006,
        "amount": 10000
      },
      {
        "id": 14007,
        "amount": 10000
      },
      {
        "id": 11848,
        "amount": 10000
      },
      {
        "id": 11850,
        "amount": 10000
      },
      {
        "id": 11856,
        "amount": 10000
      },
      {
        "id": 11854,
        "amount": 10000
      },
      {
        "id": 11852,
        "amount": 10000
      },
      {
        "id": 11846,
        "amount": 10000
      },
      {
        "id": 15018,
        "amount": 10000
      },
      {
        "id": 15019,
        "amount": 10000
      },
      {
        "id": 15020,
        "amount": 10000
      },
      {
        "id": 15220,
        "amount": 10000
      },
      {
        "id": 6570,
        "amount": 10000
      },
      {
        "id": 14000,
        "amount": 10000
      },
      {
        "id": 14001,
        "amount": 10000
      },
      {
        "id": 14002,
        "amount": 10000
      },
      {
        "id": 14003,
        "amount": 10000
      },
      {
        "id": 2581,
        "amount": 10000
      },
      {
        "id": 2577,
        "amount": 10000
      },
      {
        "id": 19335,
        "amount": 10000
      },
      {
        "id": 15332,
        "amount": 10000
      },
      {
        "id": 6500,
        "amount": 10000
      },
      {
        "id": 21026,
        "amount": 10000
      },
      {
        "id": 19336,
        "amount": 10000
      },
      {
        "id": 19337,
        "amount": 10000
      },
      {
        "id": 19338,
        "amount": 10000
      },
      {
        "id": 19339,
        "amount": 10000
      },
      {
        "id": 19340,
        "amount": 10000
      },
      {
        "id": 20072,
        "amount": 10000
      },
      {
        "id": 20084,
        "amount": 10000
      },
      {
        "id": 9813,
        "amount": 10000
      },
      {
        "id": 13663,
        "amount": 10000
      },
      {
        "id": 10025,
        "amount": 10000
      },
      {
        "id": 15356,
        "amount": 10000
      }
    ],
    "currency": -1
  },
  {
    "id": 28,
    "name": "Explorer Jack's Items",
    "items": [
      {
        "id": 1540,
        "amount": 1000
      },
      {
        "id": 952,
        "amount": 1000
      },
      {
        "id": 2347,
        "amount": 1000
      },
      {
        "id": 9418,
        "amount": 1000
      },
      {
        "id": 6,
        "amount": 1000
      },
      {
        "id": 12,
        "amount": 1000
      },
      {
        "id": 10,
        "amount": 1000
      },
      {
        "id": 8,
        "amount": 1000
      },
      {
        "id": 2,
        "amount": 500000
      },
      {
        "id": 8007,
        "amount": 1000000
      },
      {
        "id": 8008,
        "amount": 1000000
      },
      {
        "id": 8009,
        "amount": 1000000
      },
      {
        "id": 8010,
        "amount": 1000000
      },
      {
        "id": 8011,
        "amount": 1000000
      },
      {
        "id": 8012,
        "amount": 1000000
      },
      {
        "id": 12140,
        "amount": 1000
      }
    ],
    "currency": 995
  },
  {
    "id": 30,
    "name": "Herblore Store",
    "items": [
      {
        "id": 292,
        "amount": 100000000
      },
      {
        "id": 199,
        "amount": 100000000
      },
      {
        "id": 223,
        "amount": 100000000
      },
      {
        "id": 228,
        "amount": 100000000
      },
      {
        "id": 221,
        "amount": 100000000
      },
      {
        "id": 948,
        "amount": 100000000
      },
      {
        "id": 235,
        "amount": 100000000
      },
      {
        "id": 1975,
        "amount": 100000000
      },
      {
        "id": 2152,
        "amount": 100000000
      },
      {
        "id": 9736,
        "amount": 100000000
      },
      {
        "id": 231,
        "amount": 100000000
      },
      {
        "id": 12109,
        "amount": 100000000
      },
      {
        "id": 5004,
        "amount": 100000000
      },
      {
        "id": 10111,
        "amount": 100000000
      },
      {
        "id": 11525,
        "amount": 100000000
      },
      {
        "id": 241,
        "amount": 100000000
      },
      {
        "id": 239,
        "amount": 100000000
      },
      {
        "id": 6049,
        "amount": 100000000
      },
      {
        "id": 245,
        "amount": 100000000
      },
      {
        "id": 3138,
        "amount": 100000000
      },
      {
        "id": 247,
        "amount": 100000000
      },
      {
        "id": 6693,
        "amount": 100000000
      },
      {
        "id": 5972,
        "amount": 100000000
      },
      {
        "id": 4621,
        "amount": 100000000
      },
      {
        "id": 9594,
        "amount": 100000000
      },
      {
        "id": 12539,
        "amount": 100000000
      }
    ],
    "currency": 995
  },
  {
    "id": 31,
    "name": "Druid's items",
    "items": [
      {
        "id": 15273,
        "amount": 100000000
      },
      {
        "id": 12790,
        "amount": 100000
      },
      {
        "id": 12093,
        "amount": 100000
      },
      {
        "id": 13663,
        "amount": 1000
      }
    ],
    "currency": 995
  },
  {
    "id": 49,
    "name": "Donation Cosmetic Store",
    "items": [
      {
        "id": 15449,
        "amount": 1000
      },
      {
        "id": 15454,
        "amount": 1000
      },
      {
        "id": 15459,
        "amount": 1000
      },
      {
        "id": 15464,
        "amount": 1000
      },
      {
        "id": 14044,
        "amount": 1000
      },
      {
        "id": 1038,
        "amount": 1000
      },
      {
        "id": 1040,
        "amount": 1000
      },
      {
        "id": 1042,
        "amount": 1000
      },
      {
        "id": 1044,
        "amount": 1000
      },
      {
        "id": 1046,
        "amount": 1000
      },
      {
        "id": 1048,
        "amount": 1000
      },
      {
        "id": 14050,
        "amount": 1000
      },
      {
        "id": 1050,
        "amount": 1000
      },
      {
        "id": 4084,
        "amount": 1000
      },
      {
        "id": 4565,
        "amount": 1000
      },
      {
        "id": 10735,
        "amount": 1000
      },
      {
        "id": 5607,
        "amount": 1000
      },
      {
        "id": 15352,
        "amount": 1000
      },
      {
        "id": 9925,
        "amount": 1000
      },
      {
        "id": 9924,
        "amount": 1000
      },
      {
        "id": 9923,
        "amount": 1000
      },
      {
        "id": 9922,
        "amount": 1000
      },
      {
        "id": 9921,
        "amount": 1000
      },
      {
        "id": 11858,
        "amount": 1000
      },
      {
        "id": 11862,
        "amount": 1000
      },
      {
        "id": 11860,
        "amount": 1000
      }
    ],
    "currency": -1
  },
  {
    "id": 55,
    "name": "Stardust Shop",
    "items": [
      {
        "id": 15259,
        "amount": 1000000
      },
      {
        "id": 13661,
        "amount": 1000000
      },
      {
        "id": 18831,
        "amount": 1000000
      },
      {
        "id": 6585,
        "amount": 1000000
      },
      {
        "id": 2581,
        "amount": 1000000
      },
      {
        "id": 2577,
        "amount": 1000000
      },
      {
        "id": 2417,
        "amount": 1000000
      },
      {
        "id": 2415,
        "amount": 1000000
      },
      {
        "id": 2416,
        "amount": 1000000
      },
      {
        "id": 11704,
        "amount": 1000000
      },
      {
        "id": 11706,
        "amount": 1000000
      },
      {
        "id": 11708,
        "amount": 1000000
      },
      {
        "id": 11710,
        "amount": 1000000
      },
      {
        "id": 11712,
        "amount": 1000000
      },
      {
        "id": 11714,
        "amount": 1000000
      },
      {
        "id": 6918,
        "amount": 1000000
      },
      {
        "id": 6916,
        "amount": 1000000
      },
      {
        "id": 6924,
        "amount": 1000000
      },
      {
        "id": 15608,
        "amount": 1000000
      },
      {
        "id": 15606,
        "amount": 1000000
      },
      {
        "id": 15610,
        "amount": 1000000
      },
      {
        "id": 15614,
        "amount": 1000000
      },
      {
        "id": 15612,
        "amount": 1000000
      },
      {
        "id": 15616,
        "amount": 1000000
      },
      {
        "id": 15620,
        "amount": 1000000
      },
      {
        "id": 15618,
        "amount": 1000000
      },
      {
        "id": 15622,
        "amount": 1000000
      }
    ],
    "currency": 13727
  },
  {
    "id": 56,
    "name": "Construction Store",
    "items": [
      {
        "id": 34,
        "amount": 100000000
      },
      {
        "id": 960,
        "amount": 100000000
      },
      {
        "id": 8778,
        "amount": 100000000
      },
      {
        "id": 8780,
        "amount": 100000000
      },
      {
        "id": 8782,
        "amount": 100000000
      },
      {
        "id": 8784,
        "amount": 100000000
      },
      {
        "id": 8786,
        "amount": 100000000
      },
      {
        "id": 8788,
        "amount": 100000000
      },
      {
        "id": 8790,
        "amount": 100000000
      },
      {
        "id": 8792,
        "amount": 100000000
      },
      {
        "id": 8794,
        "amount": 1000
      },
      {
        "id": 1775,
        "amount": 100000000
      },
      {
        "id": 1761,
        "amount": 100000000
      },
      {
        "id": 3420,
        "amount": 100000000
      },
      {
        "id": 3420,
        "amount": 100000000
      },
      {
        "id": 2353,
        "amount": 100000000
      },
      {
        "id": 2351,
        "amount": 100000000
      },
      {
        "id": 954,
        "amount": 1000
      },
      {
        "id": 5331,
        "amount": 1000
      },
      {
        "id": 8457,
        "amount": 100000000
      },
      {
        "id": 8459,
        "amount": 100000000
      },
      {
        "id": 8461,
        "amount": 100000000
      },
      {
        "id": 8451,
        "amount": 100000000
      },
      {
        "id": 8453,
        "amount": 100000000
      },
      {
        "id": 8455,
        "amount": 100000000
      },
      {
        "id": 8437,
        "amount": 100000000
      },
      {
        "id": 8439,
        "amount": 100000000
      },
      {
        "id": 8441,
        "amount": 100000000
      },
      {
        "id": 8443,
        "amount": 100000000
      },
      {
        "id": 8445,
        "amount": 100000000
      },
      {
        "id": 8447,
        "amount": 100000000
      },
      {
        "id": 8449,
        "amount": 100000000
      },
      {
        "id": 964,
        "amount": 100000000
      },
      {
        "id": 1929,
        "amount": 1000
      },
      {
        "id": 1763,
        "amount": 100000000
      },
      {
        "id": 1539,
        "amount": 100000000
      }
    ],
    "currency": 995
  },
  {
    "id": 48,
    "name": "Donation Equipment Store",
    "items": [
      {
        "id": 6183,
        "amount": 1000
      },
      {
        "id": 6829,
        "amount": 1000
      },
      {
        "id": 6830,
        "amount": 1000
      },
      {
        "id": 6831,
        "amount": 1000
      },
      {
        "id": 6832,
        "amount": 1000
      },
      {
        "id": 6833,
        "amount": 1000
      },
      {
        "id": 20998,
        "amount": 1000
      },
      {
        "id": 18899,
        "amount": 1000
      },
      {
        "id": 13047,
        "amount": 1000
      },
      {
        "id": 13045,
        "amount": 1000
      },
      {
        "id": 13051,
        "amount": 1000
      },
      {
        "id": 17291,
        "amount": 1000
      },
      {
        "id": 18896,
        "amount": 1000
      },
      {
        "id": 18898,
        "amount": 1000
      },
      {
        "id": 18895,
        "amount": 1000
      },
      {
        "id": 14018,
        "amount": 1000
      },
      {
        "id": 4450,
        "amount": 1000
      },
      {
        "id": 4453,
        "amount": 1000
      },
      {
        "id": 4454,
        "amount": 1000
      },
      {
        "id": 14484,
        "amount": 1000
      },
      {
        "id": 20555,
        "amount": 1000
      },
      {
        "id": 19780,
        "amount": 1000
      },
      {
        "id": 11694,
        "amount": 1000
      },
      {
        "id": 13051,
        "amount": 1000
      },
      {
        "id": 12926,
        "amount": 1000
      },
      {
        "id": 12284,
        "amount": 1000
      },
      {
        "id": 12601,
        "amount": 1000
      },
      {
        "id": 21026,
        "amount": 1000
      },
      {
        "id": 13239,
        "amount": 1000
      },
      {
        "id": 12708,
        "amount": 1000
      },
      {
        "id": 13235,
        "amount": 1000
      },
      {
        "id": 13740,
        "amount": 1000
      },
      {
        "id": 13742,
        "amount": 1000
      },
      {
        "id": 13738,
        "amount": 1000
      },
      {
        "id": 13744,
        "amount": 1000
      }
    ],
    "currency": -1
  },
  {
    "id": 50,
    "name": "Trivia Rewards Store",
    "items": [
      {
        "id": 1053,
        //green h'ween
        "amount": 100
      },
      {
        "id": 1055,
        //blue h'ween
        "amount": 100
      },
      {
        "id": 1057,
        //red h'ween
        "amount": 100
      },
      {
        "id": 15426,
        //candy cane
        "amount": 100
      },
      {
        "id": 1037,
        //bunny ears
        "amount": 100
      },
      {
        "id": 2639,
        //tan cavalier
        "amount": 100
      },
      {
        "id": 2641,
        //dark cavalier
        "amount": 100
      },
      {
        "id": 2643,
        //black cavalier
        "amount": 100
      },
      {
        "id": 7671,
        //red boxing gloves
        "amount": 100
      },
      {
        "id": 7673,
        //blue boxing gloves
        "amount": 100
      },
      {
        "id": 2633,
        //blue beret
        "amount": 100
      },
      {
        "id": 2635,
        //black beret
        "amount": 100
      },
      {
        "id": 2637,
        //white beret
        "amount": 100
      },
      {
        "id": 19706,
        //investigator's coat
        "amount": 100
      },
      {
        "id": 19707,
        //investigator's trousers
        "amount": 100
      },
      {
        "id": 19708,
        //investigator's hat
        "amount": 100
      },
      {
        "id": 2631,
        //highwayman mask
        "amount": 100
      },
      {
        "id": 9470,
        //gnome scarf
        "amount": 100
      },
      {
        "id": 10394,
        //flared trousers
        "amount": 100
      },
      {
        "id": 1837,
        //desert boots
        "amount": 100
      },
      {
        "id": 19323,
        //dragon staff
        "amount": 100
      },
      {
        "id": 19327,
        //bat staff
        "amount": 100
      },
      {
        "id": 19325,
        //penguin staff
        "amount": 100
      },
      {
        "id": 10836,
        //silly jester hat
        "amount": 100
      },
      {
        "id": 10837,
        //silly jester top
        "amount": 100
      },
      {
        "id": 10838,
        //silly jester tights
        "amount": 100
      },
      {
        "id": 10839,
        //silly jester boots
        "amount": 100
      },
      {
        "id": 10840,
        //jester stick
        "amount": 100
      },
      {
        "id": 13357,
        //pirate hat and eyepatch
        "amount": 100
      },
      {
        "id": 5016,
        //bone spear
        "amount": 100
      },
      {
        "id": 18744,
        //guthix halo
        "amount": 100
      },
      {
        "id": 18745,
        //saradomin halo
        "amount": 100
      },
      {
        "id": 18746,
        //zamorak halo
        "amount": 100
      },
      {
        "id": 2677,
        //clue scroll
        "amount": 100
      }
    ],
    "currency": -1
  },
  {
    "id": 32,
    "name": "Runecrafting Items",
    "items": [
      {
        "id": 1438,
        "amount": 1000
      },
      {
        "id": 1448,
        "amount": 1000
      },
      {
        "id": 1444,
        "amount": 1000
      },
      {
        "id": 1440,
        "amount": 1000
      },
      {
        "id": 1442,
        "amount": 1000
      },
      {
        "id": 1446,
        "amount": 1000
      },
      {
        "id": 1454,
        "amount": 1000
      },
      {
        "id": 1452,
        "amount": 1000
      },
      {
        "id": 1458,
        "amount": 1000
      },
      {
        "id": 1456,
        "amount": 1000
      },
      {
        "id": 1450,
        "amount": 1000
      }
    ],
    "currency": 995
  },
  {
    "id": 33,
    "name": "Energy Fragment's Store",
    "items": [
      {
        "id": 13632,
        "amount": 1000
      },
      {
        "id": 13633,
        "amount": 1000
      },
      {
        "id": 13634,
        "amount": 1000
      },
      {
        "id": 13635,
        "amount": 1000
      },
      {
        "id": 13636,
        "amount": 1000
      },
      {
        "id": 13637,
        "amount": 1000
      },
      {
        "id": 13638,
        "amount": 1000
      },
      {
        "id": 13639,
        "amount": 1000
      },
      {
        "id": 13640,
        "amount": 1000
      },
      {
        "id": 13641,
        "amount": 1000
      },
      {
        "id": 13642,
        "amount": 1000
      },
      {
        "id": 13625,
        "amount": 1000
      },
      {
        "id": 13626,
        "amount": 1000
      },
      {
        "id": 13615,
        "amount": 1000
      },
      {
        "id": 13616,
        "amount": 1000
      },
      {
        "id": 13620,
        "amount": 1000
      },
      {
        "id": 13621,
        "amount": 1000
      },
      {
        "id": 13624,
        "amount": 1000
      },
      {
        "id": 13614,
        "amount": 1000
      },
      {
        "id": 13619,
        "amount": 1000
      },
      {
        "id": 13627,
        "amount": 1000
      },
      {
        "id": 13617,
        "amount": 1000
      },
      {
        "id": 13622,
        "amount": 1000
      },
      {
        "id": 13628,
        "amount": 1000
      },
      {
        "id": 13618,
        "amount": 1000
      },
      {
        "id": 13623,
        "amount": 1000
      }
    ],
    "currency": 13653
  },
  {
    "id": 34,
    "name": "Crafting Items",
    "items": [
      {
        "id": 1779,
        "amount": 100000000
      },
      {
        "id": 1755,
        "amount": 1000
      },
      {
        "id": 1625,
        "amount": 100000000
      },
      {
        "id": 1627,
        "amount": 100000000
      },
      {
        "id": 1629,
        "amount": 100000000
      },
      {
        "id": 1623,
        "amount": 100000000
      },
      {
        "id": 1621,
        "amount": 100000000
      },
      {
        "id": 1619,
        "amount": 100000000
      },
      {
        "id": 1617,
        "amount": 100000000
      },
      {
        "id": 1631,
        "amount": 100000000
      },
      {
        "id": 1597,
        "amount": 100000000
      },
      {
        "id": 1592,
        "amount": 100000000
      },
      {
        "id": 1595,
        "amount": 100000000
      },
      {
        "id": 1759,
        "amount": 100000000
      },
      {
        "id": 1733,
        "amount": 100000000
      },
      {
        "id": 1734,
        "amount": 100000000
      },
      {
        "id": 1739,
        "amount": 100000000
      }
    ],
    "currency": 995
  },
  {
    "id": 35,
    "name": "Warrior's Armour Store",
    "items": [
      {
        "id": 1155,
        "amount": 1000
      },
      {
        "id": 1117,
        "amount": 1000
      },
      {
        "id": 1075,
        "amount": 1000
      },
      {
        "id": 1067,
        "amount": 1000
      },
      {
        "id": 1153,
        "amount": 1000
      },
      {
        "id": 1115,
        "amount": 1000
      },
      {
        "id": 1157,
        "amount": 1000
      },
      {
        "id": 1119,
        "amount": 1000
      },
      {
        "id": 1069,
        "amount": 1000
      },
      {
        "id": 1159,
        "amount": 1000
      },
      {
        "id": 1121,
        "amount": 1000
      },
      {
        "id": 1071,
        "amount": 1000
      },
      {
        "id": 1161,
        "amount": 1000
      },
      {
        "id": 1123,
        "amount": 1000
      },
      {
        "id": 1073,
        "amount": 1000
      },
      {
        "id": 1163,
        "amount": 1000
      },
      {
        "id": 1127,
        "amount": 1000
      },
      {
        "id": 1079,
        "amount": 1000
      }
    ],
    "currency": 995
  },
  {
    "id": 37,
    "name": "Nomad's Store",
    "items": [
      {
        "id": 14642,
        "amount": 1000
      },
      {
        "id": 14641,
        "amount": 1000
      },
      {
        "id": 14017,
        "amount": 1000
      }
    ],
    "currency": 995
  },
  {
    "id": 38,
    "name": "Hunting Store",
    "items": [
      {
        "id": 10010,
        "amount": 1000
      },
      {
        "id": 11260,
        "amount": 1000
      },
      {
        "id": 10008,
        "amount": 1000
      },
      {
        "id": 10006,
        "amount": 1000
      },
      {
        "id": 10045,
        "amount": 1000
      },
      {
        "id": 10043,
        "amount": 1000
      },
      {
        "id": 10041,
        "amount": 1000
      }
    ],
    "currency": 995
  },
  {
    "id": 39,
    "name": "Agility Ticket Exchange",
    "items": [
      {
        "id": 14936,
        "amount": 1000
      },
      {
        "id": 14938,
        "amount": 1000
      }
    ],
    "currency": 2996
  },
  {
    "id": 40,
    "name": "Slayer Items",
    "items": [
      {
        "id": 4155,
        "amount": 1000
      }
    ],
    "currency": 995
  },
  {
    "id": 41,
    "name": "Gambler's Items",
    "items": [
      {
        "id": 15084,
        "amount": 1000
      },
      {
        "id": 299,
        "amount": 100000
      }
    ],
    "currency": 995
  },
  {
    "id": 42,
    "name": "Guardian's Items",
    "items": [
      {
        "id": 18337,
        "amount": 1000
      },
      {
        "id": 10551,
        "amount": 1000
      },
      {
        "id": 10548,
        "amount": 1000
      },
      {
        "id": 10549,
        "amount": 1000
      },
      {
        "id": 10550,
        "amount": 1000
      },
      {
        "id": 7592,
        "amount": 1000
      },
      {
        "id": 7593,
        "amount": 1000
      },
      {
        "id": 7594,
        "amount": 1000
      },
      {
        "id": 7595,
        "amount": 1000
      },
      {
        "id": 7596,
        "amount": 1000
      },
      {
        "id": 11846,
        "amount": 1000
      },
      {
        "id": 11848,
        "amount": 1000
      },
      {
        "id": 11850,
        "amount": 1000
      },
      {
        "id": 11852,
        "amount": 1000
      },
      {
        "id": 11854,
        "amount": 1000
      },
      {
        "id": 11856,
        "amount": 1000
      },
      {
        "id": 15243,
        "amount": 1000
      },
      {
        "id": 15241,
        "amount": 1000
      }
    ],
    "currency": 14667
  },
  {
    "id": 43,
    "name": "Tzhaar Hur Lek's Store",
    "items": [
      {
        "id": 11978,
        "amount": 1000
      },
      {
        "id": 438,
        "amount": 1000
      },
      {
        "id": 436,
        "amount": 1000
      },
      {
        "id": 440,
        "amount": 1000
      },
      {
        "id": 453,
        "amount": 1000
      },
      {
        "id": 442,
        "amount": 1000
      },
      {
        "id": 444,
        "amount": 1000
      },
      {
        "id": 447,
        "amount": 1000
      },
      {
        "id": 449,
        "amount": 1000
      },
      {
        "id": 451,
        "amount": 1000
      },
      {
        "id": 1623,
        "amount": 1000
      },
      {
        "id": 1621,
        "amount": 1000
      },
      {
        "id": 1619,
        "amount": 1000
      },
      {
        "id": 1617,
        "amount": 1000
      },
      {
        "id": 1631,
        "amount": 1000
      },
      {
        "id": 6571,
        "amount": 1000
      },
      {
        "id": 11128,
        "amount": 1000
      },
      {
        "id": 6524,
        "amount": 1000
      },
      {
        "id": 6523,
        "amount": 1000
      },
      {
        "id": 6526,
        "amount": 1000
      },
      {
        "id": 6522,
        "amount": 1000
      },
      {
        "id": 6528,
        "amount": 1000
      },
      {
        "id": 6568,
        "amount": 1000
      }
    ],
    "currency": 6529
  },
  {
    "id": 44,
    "name": "Dungeoneering Store",
    "items": [
      {
        "id": 18348,
        //dungeoneering experience token
        "amount": 1000
      },
      {
        "id": 18337,
        //bonecrusher
        "amount": 1000
      },
      {
        "id": 18338,
        //gem bag
        "amount": 1000
      },
      {
        "id": 19675,
        //herbicide
        "amount": 1000
      },
      {
        "id": 6500,
        //charming imp
        "amount": 1000
      },
      {
        "id": 19669,
        //ring of vigour
        "amount": 1000
      },
      {
        "id": 21026,
        //ring of coins
        "amount": 1000
      },
      {
        "id": 18335,
        //arcane stream necklace
        "amount": 1000
      },
      {
        "id": 18361,
        //eagle eye kiteshield
        "amount": 1000
      },
      {
        "id": 18363,
        //farseer kiteshield
        "amount": 1000
      },
      {
        "id": 18357,
        //chaotic crossbow
        "amount": 1000
      },
      {
        "id": 18349,
        //chaotic rapier
        "amount": 1000
      },
      {
        "id": 18353,
        //chaotic maul
        "amount": 1000
      },
      {
        "id": 18351,
        //chaotic longsword
        "amount": 1000
      },
      {
        "id": 18355,
        //chaotic staff
        "amount": 1000
      },
      {
        "id": 18359,
        //chaotic kiteshield
        "amount": 1000
      },
      {
        "id": 16955,
        //primal rapier
        "amount": 1000
      },
      {
        "id": 16425,
        //primal maul
        "amount": 1000
      },
      {
        "id": 16403,
        //primal longsword
        "amount": 1000
      },
      {
        "id": 17039,
        //primal warhammer
        "amount": 1000
      },
      {
        "id": 17143,
        //primal spear
        "amount": 1000
      },
      {
        "id": 16837,
        //primal dagger
        "amount": 1000
      },
      {
        "id": 16909,
        //primal 2h
        "amount": 1000
      },
      {
        "id": 16425,
        //primal maul
        "amount": 1000
      },
      {
        "id": 17259,
        //primal platebody
        "amount": 1000
      },
      {
        "id": 16689,
        //primal platelegs
        "amount": 1000
      },
      {
        "id": 16711,
        //primal full helm
        "amount": 1000
      },
      {
        "id": 17361,
        //primal kiteshield
        "amount": 1000
      },
      {
        "id": 16359,
        //primal boots
        "amount": 1000
      },
      {
        "id": 16293,
        //primal gauntlets
        "amount": 1000
      },
      {
        "id": 17143,
        //primal spear
        "amount": 1000
      },
      {
        "id": 16403,
        //primal battleaxe
        "amount": 1000
      },
      {
        "id": 15773,
        //primal pickaxe
        "amount": 1000
      },
      {
        "id": 16315,
        //primal pickaxe
        "amount": 1000
      },
      {
        "id": 16837,
        //primal dagger
        "amount": 1000
      },
      {
        "id": 17039,
        //primal warhammer
        "amount": 1000
      }
    ],
    "currency": -1
  },
  {
    "id": 45,
    "name": "Smuggler's Items",
    "items": [
      {
        "id": 1351,
        "amount": 1000
      },
      {
        "id": 1511,
        "amount": 1000
      },
      {
        "id": 590,
        "amount": 1000
      },
      {
        "id": 17797,
        "amount": 1000
      },
      {
        "id": 17799,
        "amount": 1000
      },
      {
        "id": 17801,
        "amount": 1000
      },
      {
        "id": 17803,
        "amount": 1000
      },
      {
        "id": 17805,
        "amount": 1000
      },
      {
        "id": 17807,
        "amount": 1000
      },
      {
        "id": 17809,
        "amount": 1000
      },
      {
        "id": 17811,
        "amount": 1000
      },
      {
        "id": 17813,
        "amount": 1000
      },
      {
        "id": 157,
        "amount": 1000
      },
      {
        "id": 145,
        "amount": 1000
      },
      {
        "id": 163,
        "amount": 1000
      },
      {
        "id": 169,
        "amount": 1000
      },
      {
        "id": 3042,
        "amount": 1000
      },
      {
        "id": 139,
        "amount": 1000
      },
      {
        "id": 1331,
        "amount": 1000
      },
      {
        "id": 857,
        "amount": 1000
      },
      {
        "id": 890,
        "amount": 1000
      },
      {
        "id": 1383,
        "amount": 1000
      },
      {
        "id": 556,
        "amount": 1000
      },
      {
        "id": 558,
        "amount": 1000
      }
    ],
    "currency": 18201
  },
  {
    "id": 46,
    "name": "Prestige Points Store",
    "items": [
      {
        "id": 19335,
        "amount": 1000
      },
      {
        "id": 15220,
        "amount": 1000
      },
      {
        "id": 15020,
        "amount": 1000
      },
      {
        "id": 15019,
        "amount": 1000
      },
      {
        "id": 15018,
        "amount": 1000
      },
      {
        "id": 4084,
        "amount": 1000
      },
      {
        "id": 15501,
        "amount": 1000
      },
      {
        "id": 13855,
        "amount": 1000
      },
      {
        "id": 13848,
        "amount": 1000
      },
      {
        "id": 13857,
        "amount": 1000
      },
      {
        "id": 13856,
        "amount": 1000
      },
      {
        "id": 13854,
        "amount": 1000
      },
      {
        "id": 13853,
        "amount": 1000
      },
      {
        "id": 13852,
        "amount": 1000
      },
      {
        "id": 13851,
        "amount": 1000
      },
      {
        "id": 13850,
        "amount": 1000
      },
      {
        "id": 13845,
        "amount": 1000
      },
      {
        "id": 13846,
        "amount": 1000
      },
      {
        "id": 13847,
        "amount": 1000
      },
      {
        "id": 13854,
        "amount": 1000
      },
      {
        "id": 14595,
        "amount": 1000
      },
      {
        "id": 14603,
        "amount": 1000
      },
      {
        "id": 14602,
        "amount": 1000
      },
      {
        "id": 14605,
        "amount": 1000
      },
      {
        "id": 14020,
        "amount": 1000
      },
      {
        "id": 14021,
        "amount": 1000
      }
    ],
    "currency": -1
  },
  {
    "id": 77,
    "name": "Sir Kay's items",
    "items": [
      {
        "id": 15313,
        "amount": 100000000
      },
      {
        "id": 15317,
        "amount": 100000000
      },
      {
        "id": 15309,
        "amount": 100000000
      },
      {
        "id": 15325,
        "amount": 100000000
      },
      {
        "id": 15321,
        "amount": 100000000
      },
      {
        "id": 15333,
        "amount": 100000000
      },
      {
        "id": 15301,
        "amount": 100000000
      },
      {
        "id": 4045,
        "amount": 100000000
      },
      {
        "id": 15273,
        "amount": 100000000
      }
    ],
    "currency": 995
  },
  {
    "id": 47,
    "name": "Slayer Points Store",
    "items": [
      {
        "id": 13263,
        "amount": 1000
      },
      {
        "id": 13281,
        "amount": 1000
      },
      {
        "id": 15403,
        "amount": 1000
      },
      {
        "id": 11730,
        "amount": 1000
      },
      {
        "id": 10887,
        "amount": 1000
      },
      {
        "id": 11235,
        "amount": 1000
      },
      {
        "id": 4151,
        "amount": 1000
      },
      {
        "id": 15486,
        "amount": 1000
      },
      {
        "id": 15241,
        "amount": 1000
      },
      {
        "id": 15243,
        "amount": 1000
      },
      {
        "id": 10551,
        "amount": 1000
      },
      {
        "id": 2581,
        "amount": 1000
      },
      {
        "id": 2577,
        "amount": 1000
      },
      {
        "id": 6585,
        "amount": 1000
      },
      {
        "id": 11716,
        "amount": 1000
      },
      {
        "id": 18337,
        "amount": 1000
      },
      {
        "id": 11732,
        "amount": 1000
      },
      {
        "id": 15220,
        "amount": 1000
      },
      {
        "id": 15020,
        "amount": 1000
      },
      {
        "id": 15019,
        "amount": 1000
      },
      {
        "id": 15018,
        "amount": 1000
      }
    ],
    "currency": -1
  },
  {
    "id": 51,
    "name": "Holy Waters",
    "items": [
      {
        "id": 962,
        "amount": 1
      },
      {
        "id": 11718,
        "amount": 1000
      },
      {
        "id": 11720,
        "amount": 1000
      },
      {
        "id": 11722,
        "amount": 1000
      },
      {
        "id": 11724,
        "amount": 1000
      },
      {
        "id": 11726,
        "amount": 1000
      },
      {
        "id": 13239,
        "amount": 1000
      },
      {
        "id": 12708,
        "amount": 1000
      },
      {
        "id": 13235,
        "amount": 1000
      },
      {
        "id": 9921,
        "amount": 1000
      },
      {
        "id": 9922,
        "amount": 1000
      },
      {
        "id": 9923,
        "amount": 1000
      },
      {
        "id": 9924,
        "amount": 1000
      },
      {
        "id": 9925,
        "amount": 1000
      },
      {
        "id": 4084,
        "amount": 1000
      },
      {
        "id": 10735,
        "amount": 1000
      },
      {
        "id": 18931,
        "amount": 1000
      },
      {
        "id": 19045,
        "amount": 1000
      }
    ],
    "currency": 732
  },
  {
    "id": 52,
    "name": "Melee Sets Store",
    "items": [
      {
        "id": 11814,
        "amount": 1000
      },
      {
        "id": 11818,
        "amount": 1000
      },
      {
        "id": 11822,
        "amount": 1000
      },
      {
        "id": 11826,
        "amount": 1000
      },
      {
        "id": 11830,
        "amount": 1000
      },
      {
        "id": 11834,
        "amount": 1000
      },
      {
        "id": 11838,
        "amount": 1000
      },
      {
        "id": 11878,
        "amount": 1000
      },
      {
        "id": 11882,
        "amount": 1000
      },
      {
        "id": 11886,
        "amount": 1000
      },
      {
        "id": 11890,
        "amount": 1000
      },
      {
        "id": 11894,
        "amount": 1000
      },
      {
        "id": 11898,
        "amount": 1000
      },
      {
        "id": 11928,
        "amount": 1000
      },
      {
        "id": 11930,
        "amount": 1000
      },
      {
        "id": 19588,
        "amount": 1000
      },
      {
        "id": 19592,
        "amount": 1000
      },
      {
        "id": 19596,
        "amount": 1000
      },
      {
        "id": 11938,
        "amount": 1000
      }
    ],
    "currency": 995
  },
  {
    "id": 53,
    "name": "AFK Token Exchange",
    "items": [
      {
        "id": 13855,
        "amount": 10
      },
      {
        "id": 13848,
        "amount": 10
      },
      {
        "id": 13857,
        "amount": 10
      },
      {
        "id": 13856,
        "amount": 10
      },
      {
        "id": 13854,
        "amount": 10
      },
      {
        "id": 13853,
        "amount": 10
      },
      {
        "id": 13852,
        "amount": 10
      },
      {
        "id": 13851,
        "amount": 10
      },
      {
        "id": 13850,
        "amount": 10
      },
      {
        "id": 13849,
        "amount": 10
      },
      {
        "id": 13845,
        "amount": 10
      },
      {
        "id": 13846,
        "amount": 10
      },
      {
        "id": 13847,
        "amount": 10
      },
      {
        "id": 2677,
        "amount": 10
      },
      {
        "id": 18937,
        "amount": 10
      },
      {
        "id": 19890,
        "amount": 10
      },
      {
        "id": 10025,
        "amount": 10
      },
      {
        "id": 9813,
        "amount": 10
      },
      {
        "id": 6500,
        "amount": 10
      },
      {
        "id": 18337,
        "amount": 10
      },
      {
        "id": 2946,
        "amount": 10
      },
      {
        "id": 13661,
        "amount": 10
      },
      {
        "id": 10933,
        "amount": 10
      },
      {
        "id": 10939,
        "amount": 10
      },
      {
        "id": 10940,
        "amount": 10
      },
      {
        "id": 10941,
        "amount": 10
      },
      {
        "id": 989,
        "amount": 10
      },
      {
        "id": 1543,
        "amount": 10
      },
      {
        "id": 6829,
        "amount": 10
      },
      {
        "id": 7584,
        "amount": 10
      }
    ],
    "currency": 12852
  },
  {
    "id": 54,
    "name": "Test Store one",
    "items": [
      {
        "id": 11814,
        "amount": 1000
      },
      {
        "id": 11938,
        "amount": 1000
      }
    ],
    "currency": 995
  },
  {
    "id": 55,
    "name": "Test Store two",
    "items": [
      {
        "id": 11814,
        "amount": 1000
      },
      {
        "id": 11938,
        "amount": 1000
      }
    ],
    "currency": 995
  }
]
